Component ID,Author Surname,Source Code,Page #,ISO code,Dialect,Glottocode,Form (original orthography),Orthography Key Code,Form (project orthography),UR (if given; if different),UR (project orthography),PA form (original orthography),PA form (project orthography),Translation,Project Definition,Component Type,Subcategory,Initial: Reduplicated,Final: concrete / abstract,Final: secondary (y/n/b),Base Category (if secondary)-A,Match AI,Match II,Match TA,Match TI,Allomorph-A,Condition-A,Allomorph-B,Condition-B,Allomorph-C,Condition-C,Component occurs in stem (orig. orth)-A,Component occurs in stem (proj. orth)-A,Stem UR-A,Stem category-A,Stem subcategory-A,Stem translation-A,Secondary stem-A,Stem Source-A,Component occurs in stem (orig. orth)-B,Component occurs in stem (proj. orth)-B,Stem UR-B,Stem category-B,Stem subcategory-B,Stem translation-B,Secondary stem-B,Stem Source-B,Component occurs in stem (orig. orth)-C,Component occurs in stem (proj. orth)-C,Stem UR-C,Stem category-C,Stem subcategory-C,Stem translation-C,Secondary stem-C,Stem Source-C,Component occurs in stem (orig. orth)-D,Component occurs in stem (proj. orth)-D,Stem UR-D,Stem category-D,Stem subcategory-D,Stem translation-D,Secondary stem-D,Stem Source-D,Formative/component occurs in what component(s)-A,Formative/component occurs in what component(s)-B,Formative/component occurs in what component(s)-C,Formative/component occurs in what component(s)-D,Contains component (enter)-A,Contains formative (enter)-A,Contains formative (enter)-B,Deverbal (y/n),Deverbal from,Public Comments,Private Comments,Speaker,1st check done,2nd check done
74,Lockwood,HTL_nd,,pot,,pota1247,-(y)ég-,POT:WNALP,,,,,,sheetlike,,medial,,,,,,,,,,,,,,,,,,,,,,,,,,,,,,,,,,,,,,,,,,,,,,,,,,,,,,,,,,,,HTL
74,Lockwood,HTL2017,0075,pot ,,pota1247,-(y)ég-,POT:WNALP,,,,,,sheetlike,,medial,CLASS
284,Hockett,CH1939b,0045,pot,,pota1247,-#j,POT:3,,,,,,NG,,final,N,,,N,,,,,,,,,,,,ɑškOtε(#j),,,N,,fire,,CH1939b;0045,Očɑk·ε#j,,,N,,stump,,CH1939b;0045,šati#j,,,N,,"spearhead, arrowhead",,CH1939b;0045,,,,,,,,,,,,,,,,,,,,,HTL
283,Hockett,CH1939b,0045,pot,,pota1247,-#w,POT:3,,,,,,NG,,final,N,,,N,,,,,,,,,,,,ɑnɑnɑ#w,,,N,,man,,CH1939b;0045,,,,,,,,,,,,,,,,,,,,,,,,,,,,,,,,,,,,,HTL
289,Hockett,CH1939b,"0047, 0048",pot,,pota1247,-#w,POT:3,,,,,,verb of being,,final,AI,,,Y,NA,,,,,,,,,,,mɑk·o#w,,,V,AI,be a bear,Y,CH1939b;0048,nεkɑtoš·ajɑ#w,,,V,AI,be a horse,Y,CH1939b;0048,,,,,,,,,,,,,,,,,,,,,,,,,,,,,HTL
,Hockett,CH1939b,0045,pot,,pota1247,-#wE,POT:3,,,,,,NG,,final,N,,,N,,,,,,,,,,,,sipɑ#wE,,,N,,"stream, creek",,CH1939b;0045,,,,,,,,,,,,,,,,,,,,,,,,,,,,,,,,,,,,,HTL
,Hockett,CH1939b,0050,pot,,pota1247,-a/ε ,POT:3,,,,,,NG,,final,AI,,,,,,,,,,,,,,,nis·a/ε,,,V,AI,fall down,,CH1939b;0050,ɑšɑtεɂa/ε ,,,V,AI,"think, decide",,CH1939b;0050,,,,,,,,,,,,,,,,,,,,,,,,,,,,,HTL
,Costa,DJC2013,0212,pot,,pota1247,-abdək,POT:2,,,,,,NG,,final,PART,,,,,,,,,,,,,,,,,,,,,,,,,,,,,,,,,,,,,,,,,,,,,,,,,,,,,,,,"Used in numerals 20, 30, 40",,,HTL,MAM
189,Lockwood,HTL_nd,,pot,,pota1247,-abek-,POT:WNALP,,,,,,inorganic solid,,medial
189,Lockwood,HTL2017,0075,pot,,pota1247,-abek-,POT:WNALP,,,,,,inorganic solid,,medial,CLASS,,,,,,,,,,,,,,,,,,,,,,,,,,,,,,,,,,,,,,,,,,,,,,,,,,,,,,,,allomorph: -apek-
,Lockwood,HTL_nd,,pot,,pota1247,-abig-,POT:WNALP,,,,,,stringlike,,medial
,Lockwood,HTL2017,0075,pot,,pota1247,-abig-,POT:WNALP,,,,,,stringlike,,medial,CLASS,,,,,,,,,,,,,,,,,,,,,,,,,,,,,,,,,,,,,,,,,,,,,,,,,,,,,,,,"allomorph: -abyé-, -abyég-"
,Lockwood,HTL_nd,,pot ,,pota1247,-abo,POT:WNALP,,,,,,liquid,,final
,Lockwood,HTL2017,"0049,0068,0081",pot,,pota1247,-abo,POT:WNALP,,,,,,liquid,,final,NI
,Lockwood,HTL_nd,,pot,,pota1247,-abyé-,POT:WNALP,,,,,,stringlike,,medial
,Lockwood,HTL2017,"0064,0075",pot ,,pota1247,-abyé-,POT:WNALP,,,,,,stringlike,,medial,CLASS,,,,,,,,,,,,,,,,,,,,,,,,,,,,,,,,,,,,,,,,,,,,,,,,,,,,,,,,"allomorph: -abig-, -abyég-"
,Lockwood,HTL_nd,,pot ,,pota1247,-abyég-,POT:WNALP,,,,,,stringlike,,medial
,Lockwood,HTL2017,0075,pot,,pota1247,-abyég-,POT:WNALP,,,,,,stringlike,,medial,CLASS,,,,,,,,,,,,,,,,,,,,,,,,,,,,,,,,,,,,,,,,,,,,,,,,,,,,,,,,"allomorph: -abyé-, -abig-"
,Lockwood,HTL_nd,,pot,,pota1247,-agem-,POT:WNALP,,,,,,liquid,,medial
,Lockwood,HTL2017,0076,pot,,pota1247,-agem-,POT:WNALP,,,,,,liquid,,medial,CLASS
,Lockwood,HTL_nd,,pot,,pota1247,-agwné-,POT:WNALP,,,,,,snow,,medial
,Lockwood,HTL2017,0076,pot ,,pota1247,-agwné-,POT:WNALP,,,,,,snow,,medial,,,,,,,,,,,,,,,,,,,,,,,,,,,,,,,,,,,,,,,,,,,,,,,,,,,,,,,,,sometimes analyzed as prefinal
,Lockwood,HTL_nd,,pot ,,pota1247,-agwneg-,POT:WNALP,,,,,,snow,,medial
,Lockwood,HTL2017,0076,pot,,pota1247,-agwneg-,POT:WNALP,,,,,,snow,,medial,,,,,,,,,,,,,,,,,,,,,,,,,,,,,,,,,,,,,,,,,,,,,,,,,,,,,,,,,sometimes analyzed as prefinal
,Hockett,CH1939b,0053,pot,,pota1247,-aj,POT:3,,,,,,passive,,final,AI,,,Y,TA,,,,,,,,,,,wapɑmaj,,,V,AI,be seen,Y,CH1939b;0053,nɑkoɂwaj,,,V,AI,be buried,Y,CH1939b;0053,,,,V,AI,,,,,,,V,AI,,,,,,,,,,,,,,,,HTL
,Hockett,CH1939b,0044,pot,,pota1247,-ak·w- ,POT:3,,,,,,wood,,medial,,,,,,,,,,,,,,,,šɑkwak·wε,,,N,,pine tree,,CH1939b;0044,wεpak·wi,,,V,AI,"throw something, swing an axe",,CH1939b;0044,,,,,,,,,,,,,,,,,,,,,,,,,,,,,HTL
,Lockwood,HTL2017,0066,pot ,,pota1247,-akw-,POT:WNALP,,,,,,organic solid,,medial,,,,,,,,,,,,,,,,,,,,,,,,,,,,,,,,,,,,,,,,,,,,,,,,,,,,,,,,,possibly also postradical
,Lockwood,HTL2017,0075,pot,,pota1247,-akw-,POT:WNALP,,,,,,"wood, sticklike",,medial,CLASS,,,,,,,,,,,,,,,,,,,,,,,,,,,,,,,,,,,,,,,,,,,,,,,,,,,,,,,,allomorph: -ekw-
,Lockwood,HTL_nd,,pot,,pota1247,-anmet,POT:WNALP,,,,,,pertaining to wind,,final
,Lockwood,HTL2017,0081,pot ,,pota1247,-anmet,POT:WNALP,,,,,,pertaining to wind,,final,II
189,Lockwood,HTL_nd,,pot ,,pota1247,-apek-,POT:WNALP,,,,,,inorganic solid,,medial
189,Lockwood,HTL2017,0075,pot ,,pota1247,-apek-,POT:WNALP,,,,,,inorganic solid,,medial,CLASS,,,,,,,,,,,,,,,,,,,,,,,,,,,,,,,,,,,,,,,,,,,,,,,,,,,,,,,,allomorph: -abek-
,Hockett,CH1939b,"0034, 0047, 0147",pot,,pota1247,-apo,POT:3,,,,,,liquid,,final,N,,,,,,,,,,,,,,,napo,,,N,,drink,,CH1939b;0037,,,,,,,,,,,,,,,,,,,,,,,,,,,,,,,,,,,,,HTL
,Lockwood,HTL_nd,,pot,,pota1247,-asen,POT:WNALP,,,,,,blown,,final,II
,Lockwood,HTL2017,0079,pot ,,pota1247,-asen,POT:WNALP,,,,,,"blown, moved by wind",,final,II
,Lockwood,HTL_nd,,pot ,,pota1247,-ashe,POT:WNALP,,,,,,"blown, moved by wind",,final,AI
,Lockwood,HTL2017,0079,pot,,pota1247,-ashe,POT:WNALP,,,,,,"blown, moved by wind",,final,AI
,Hockett,CH1939b,"0034, 0045, 0147",pot,,pota1247,-at-,POT:3,,,,,,"exist, be",,medial,,,,,,,,,,,,,,,,pɑmatɑs,,,V,AI,live,,CH1939b;0037,,,,,,,,,,,,,,,,,,,,,,,,,,,,,,,,,,,,,HTL
,Lockwood,HTL2017,0049,pot ,,pota1247,-atek,POT:WNALP,,,,,,"deciduous tree, stick",,final,N,,,,,,,,,,,,,,,,,,,,,,,,,,,,,,,,,,,,,,,,,,,,,,,,,,,,,,,,generally nouns referring to trees with this final are animate and others are inanimate
,Hockett,CH1939b,0053,pot,,pota1247,-ɑčɑkasO,POT:3,,,,,,passive,,final,AI,,,Y,TA,,,,,-asO,only in 'bury',-ɑkasO,"""rules governing the choice of form are not clear""",,,mɑk·ɑkasO,,,V,AI,be found,,CH1939b;0053,nis·ɑwεpɑnɑkasO,,,V,AI,be thrown down,,CH1939b;0053,paškɑsɑkasO,,,V,AI,be shot,,CH1939b;0053,kɑšapɑkɑsɑkasO,,,V,AI,,,CH1939b;0053,,,,,,,,,,,,,HTL
,Hockett,CH1939b,0055,pot,,pota1247,-ɑk·,POT:3,,,,,,NG,,final,TI,,,,,,,-ɑk·ɑw ,,,,,,,,ɑtɑšik·,,,V,TI,"play with, fool around with",,CH1939b;0055,,,,,,,,,,,,,,,,,,,,,,,,,,,,,,,,,,,,,HTL
,Hockett,CH1939b,0051,pot,,pota1247,-ɑk·a/ε ,POT:3,,,,,,motion,,final,AI,,,,,,,,,,,,,,,pɑmatɑk·a/ε,,,V,AI,swim along,,CH1939b;0051,ɑpɑpamɑtɑk·a/ε ,,,V,AI,swim around,Y,CH1939b;0051,kɑšεk·a/ε ,,,V,AI,be a fast runner,Y,CH1939b;0051,mɑnowatɑk·a/ε ,,,V,AI,have a war dance,Y,CH1939b;0051,,,,,,,,,,,,,HTL
,Hockett,CH1939b,0055,pot,,pota1247,-ɑk·ɑw ,POT:3,,,,,,NG,,final,TA,,,,,,,,-ɑk·,,,,,,,ɑtɑšik·ɑw,,,V,TA,"play with, fool around with",,CH1939b;0055,,,,,,,,,,,,,,,,,,,,,,,,,,,,,,,,,,,,,HTL
,Hockett,CH1939b,0056,pot,,pota1247,-ɑmɑw ,POT:3,,,,,,double-object,,final,TA,,,Y,,,,,,,,,,,,nis·ɑwεpɑnɑmɑw,,,V,TA,throw something down to or for,Y,CH1939b;0056,ɑk·jεnɑnɑmɑw,,,V,TA,"hold for, retain for",Y,CH1939b;0056,mɑk·ɑmɑw,,,V,TA,find for,Y,CH1939b;0056,nɑt·ɑmɑw,,,V,TA,kill for,Y,CH1939b;0056,,,,,,,,,,"""direct object is not expressed in the morphology and may be either gender; the morphologically indicated object is an indirect object in meaning, and animate""",,,HTL
,Hockett,CH1939b,0049,pot,,pota1247,-ɑn ,POT:3,,,,,,NG,,final,II,,,,,-n,,,,,,,,,,tɑkos·ɑn,,,V,II,be put with something,,CH1939b;0049,kwakɑnɑs·ɑn,,,V,II,be mouldy,,CH1939b;0049,wawɑnas·ɑn,,,V,II,be not fixed right,,CH1939b;0049,p·ək·wεs·ɑn,,,V,II,be loose,,CH1939b;0049,,,,,,,,,,,,,HTL
,Hockett,CH1939b,0049,pot,,pota1247,-ɑn ,POT:3,,,,,,NG,,final,II,,,,,,,,,,,,,,,kɑmɑwɑn,,,V,II,be raining,,CH1939b;0049,notɑn,,,V,II,be windy,,CH1939b;0049,,,,,,,,,,,,,,,,,,,,,,,,,,"""particularly in impersonals""",,,HTL
,Hockett,CH1939b,0043,pot,,pota1247,-ɑnɑnɑ#w,POT:3,,,,,,man,,final,NA,,,,,,,,,,,,,,,tɑpak·ɑnɑkɛwɑnɑnɑ#w,,,N,,lawyer,,CH1939b;0043,,,,,,,,,,,,,,,,,,,,,,,,,,,,,,,,,,,,,HTL
,Hockett,CH1939b,0049,pot,,pota1247,-ɑs ,POT:3,,,,,,NG,,final,AI,,,,,,-ɑt ,,,,,,,,,mjanɑs,,,V,AI,be ugly,,CH1939b;0049,pinɑnakwɑs,,,V,AI,be clean,,CH1939b;0049,ɑšɑwεpɑs,,,V,AI,experience something,,CH1939b;0049,wεnɑp·ɑnɑs,,,V,AI,be easy,,CH1939b;0049,,,,,,,,,,,,,HTL
,Hockett,CH1939b,0049,pot,,pota1247,-ɑs ,POT:3,,,,,,NG,,final,AI,,,,,,-ja,,,,,,,,,wišɑkɑs,,,V,AI,be strong,,CH1939b;0049,,,,,,,,,,,,,,,,,,,,,,,,,,,,,,,,,,,,,HTL
,Hockett,CH1939b,0055,pot,,pota1247,-ɑs ,POT:3,,,,,,NG,,final,TI,,,,,,,-ɑsw,,,,,,,,kɑšapɑkɑs,,,V,TI,heat,,CH1939b;0055,paškɑsw,,,V,TI,shoot,,CH1939b;0055,,,,,,,,,,,,,,,,,,,,,,,,,,"shoot' ""not well testified"", written with asterisk in original",,,HTL
,Hockett,CH1939b,0049,pot,,pota1247,-ɑs  ,POT:3,,,,,,NG,,final,AI,,,,,,,,,,,,,,,pɑmatɑs,,,V,AI,live,,CH1939b;0049,šoškɑs,,,V,AI,"be smooth, be slick",,CH1939b;0049,,,,,,,,,,,,,,,,,,,,,,,,,,"Hockett has a typo in his description here, saying ""among may [sic] are these"" instead of ""among many""",,,HTL
,Hockett,CH1939b,0055,pot,,pota1247,-ɑšk ,POT:3,,,,,,NG,,final,TI,,,,,,,-ɑškɑw ,,,,,,,,tɑkɑšk,,,V,TI,kick,,CH1939b;0055,pikɑšk,,,V,TI,wear out,,CH1939b;0055,pokɑšk,,,V,TI,break,,CH1939b;0055,šaš·akwɑšk,,,V,TI,mash with the feet,,CH1939b;0055,,,,,,,,,,,,,HTL
,Hockett,CH1939b,0051,pot,,pota1247,-ɑška/ε ,POT:3,,,,,,motion,,final,AI,,,,,,,,,,,,,,,pɑmɑška/ε ,,,V,AI,fly,,CH1939b;0051,nɑkɑška/ε ,,,V,AI,stop,Y,CH1939b;0051,pikɑška/ε ,,,V,AI,"be broken, tumble-down",Y,CH1939b;0051,,,,,,,,,,,,,,,,,,,,,HTL
,Hockett,CH1939b,0055,pot,,pota1247,-ɑškɑw ,POT:3,,,,,,NG,,final,TA,,,,,,,,-ɑšk ,,,,,,,tɑkɑškɑw,,,V,TA,kick,,CH1939b;0055,mjanɑškɑw,,,V,TA,"hurt, kick, injure; hurt from the inside, as, e.g., food or medicine or poison",,CH1939b;0055,nɑk·wεtškɑw,,,V,TA,meet,,CH1939b;0055,,,,,,,,,,,,,,,,,,,,,HTL
,Hockett,CH1939b,0055,pot,,pota1247,-ɑsw,POT:3,,,,,,NG,,final,TA,,,,,,,,-ɑs  ,,,,,,,kɑšapɑkɑsw,,,V,TA,heat,,CH1939b;0055,paškɑsw,,,V,TA,shoot,,CH1939b;0055,,,,,,,,,,,,,,,,,,,,,,,,,,,,,HTL
,Hockett,CH1939b,0049,pot,,pota1247,-ɑt ,POT:3,,,,,,NG,,final,II,,,,,-ɑs ,,,,,,,,,,mjanɑt,,,V,II,be bad,,CH1939b;0049,pinɑnakwɑt,,,V,II,be clean,,CH1939b;0049,ɑšɑwεpɑt,,,V,II,do something,,CH1939b;0049,wεnɑp·ɑnɑt,,,V,II,be easy,,CH1939b;0049,,,,,,,,,,,,,HTL
,Hockett,CH1939b,0051,pot,,pota1247,-ɑt ,POT:3,,,,,,reciprocal,,final,AI,,,Y,TA,,,,,-ɑtij,apparently free,,,,,kwɑs·ɑt,,,V,AI,fear each other,Y,CH1939b;0051,kɑkɑNɑt,,,V,AI,hide each other,Y,CH1939b;0051,moš·ɑɂɑt,,,V,AI,feel each other,Y,CH1939b;0051,nɑkɑɂɑt,,,V,AI,lose each other,Y,CH1939b;0051,,,,,,,,,,,,,HTL
,Hockett,CH1939b,0054,pot,,pota1247,-ɑt ,POT:3,,,,,,NG,,final,TI,,,,,,,-m ,,-t ,"""in many forms impossible to determine which""",,,,,tεpɑt,,,V,TI,say the truth about; have enough of,,CH1939b;0055,čakɑt,,,V,TI,"eat up, consume",,CH1939b;0055,jačɑt,,,V,TI,"talk about, tell on",,CH1939b;0055,wapɑt,,,V,TI,see,,CH1939b;0055,,,,,,,,,,,,,HTL
,Hockett,CH1939b,0052,pot,,pota1247,-ɑtɑso,POT:3,,,,,,reflexive,,final,AI,,,Y,TA,,,,,-ɑtɑsO,"""added when the resulting pattern of weak vowels is such that the second ɑ will stay""",,,,,kwɑs·ɑtɑso,,,V,AI,,Y,CH1939b;0052,kɑkɑNɑtɑso,,,V,AI,,Y,CH1939b;0052,moš·ɑɂɑtɑso,,,V,AI,,Y,CH1939b;0052,nɑkɑɂɑtɑso,,,V,AI,,Y,CH1939b;0052,,,,,,,,,,,,,HTL
,Hockett,CH1939b,0051,pot,,pota1247,-ɑtij,POT:3,,,,,,reciprocal,,final,AI,,,Y,TA,,,,,-ɑt,apparently free,,,,,kwɑs·ɑtij,,,V,AI,fear each other,Y,CH1939b;0051,kɑkɑNɑtij,,,V,AI,hide each other,Y,CH1939b;0051,moš·ɑɂɑtij,,,V,AI,feel each other,Y,CH1939b;0051,nɑkɑɂɑtij,,,V,AI,lose each other,Y,CH1939b;0051,,,,,,,,,,,,,HTL
,Hockett,CH1939b,0055,pot,,pota1247,-ɑɂ,POT:3,,,,,,NG,,final,TI,,,,,,,-ɑɂw,,,,,,,,kiškoɂ,,,V,TI,cut,,CH1939b;0055,nɑkoɂ,,,V,TI,bury,,CH1939b;0055,,,,,,,,,,,,,,,,,,,,,,,,,,vowel discrepancy in original,,,HTL
,Hockett,CH1939b,0055,pot,,pota1247,-ɑɂw,POT:3,,,,,,NG,,final,TA,,,,,,,,-ɑɂ,,,,,,,kiškoɂw,,,V,TA,cut,,CH1939b;0055,nɑkoɂw,,,V,TA,bury,,CH1939b;0055,,,,,,,,,,,,,,,,,,,,,,,,,,vowel discrepancy in original,,,HTL
,Lockwood,HTL2017,0066,pot,,pota1247,-be,POT:WNALP,,,,,,sit,,final,AI
,Lockwood,HTL2017,0168,pot ,,pota1247,-bo'wé,POT:WNALP,,,,,,NG,,final
,Lockwood,HTL2017,0115,pot,,pota1247,-bonet,POT:WNALP,,,,,,quit,,final,TI
,Lockwood,HTL2017,0115,pot,,pota1247,-bya,POT:WNALP,,,,,,come,,final,AI
,Hockett,CH1939b,0050,pot,,pota1247,-čɑn ,POT:3,,,,,,NG,,final,AI,,,,,,,,,,,,,,,kwičɑn,,,V,AI,lie in water,,CH1939b;0050,Otɑkočɑn,,,V,AI,fall,,CH1939b;0050,kočɑn,,,V,AI,"hang, be suspended",,CH1939b;0050,,,,,,,,,,,,,,,,,,,,,HTL
,Hockett,CH1939b,0045,pot,,pota1247,-čε- ,POT:3,,,,,,round object,,medial,,,,,,,,,,,,,,,,ɑt·əpɑčεwεpɑn,,,V,TI/TA,roll,,CH1939b;0045,pitɑkεčεɂ,,,V,TI,roll in,,CH1939b;0045,miš·ɑčεpok·ɑma(#j),,,N,,peach,,CH1939b;0045,pikɑčεs·ɑko#j,,,N,,"stump, old stump, log",,CH1939b;0045,,,,,,,,,,,,,HTL
,Lockwood,HTL2017,0066,pot,,pota1247,-deb-,POT:WNALP,,,,,,head,,medial,,,,,,,,,,,,,,,,,,,,,,,,,,,,,,,,,,,,,,,,,,,,,,,,,,,,,,,,,possibly -debé-
,Lockwood,HTL_nd,,pot,,pota1247,-déb-,POT:WNALP,,,,,,head,,medial
,Lockwood,HTL2017,0077,pot,,pota1247,-déb-,POT:WNALP,,,,,,head,,medial
,Lockwood,HTL_nd,,pot,,pota1247,-don-,POT:WNALP,,,,,,mouth,,medial
,Lockwood,HTL2017,0077,pot,,pota1247,-don-,POT:WNALP,,,,,,mouth,,medial
,Lockwood,HTL2017,0066,pot,,pota1247,-é,POT:WNALP,,,,,,NG,,final,AI,,,,,,,,,,,,,,,,,,,,,,,,,,,,,,,,,,,,,,,,,,,,,,,,,,,,,,,,possibly -debé-
,Lockwood,HTL_nd,,pot,,pota1247,-egawesh,POT:WNALP,,,,,,"plant, bush",,final
,Lockwood,HTL2017,0081,pot ,,pota1247,-egawesh,POT:WNALP,,,,,,"plant, bush",,final,NI
,Lockwood,HTL_nd,,pot,,pota1247,-egen,POT:WNALP,,,,,,instrument,,final
,Lockwood,HTL2017,0081,pot,,pota1247,-egen,POT:WNALP,,,,,,instrument,,final,N,,ABSTR
,Lockwood,HTL_nd,,pot ,,pota1247,-egena(n)d,POT:WNALP,,,,,,hit,,final,TI
,Lockwood,HTL2017,0079,pot,,pota1247,-egena(n)d,POT:WNALP,,,,,,hit,,final,TI
,Lockwood,HTL_nd,,pot,,pota1247,-egenam,POT:WNALP,,,,,,hit,,final,TA
,Lockwood,HTL2017,0079,pot ,,pota1247,-egenam,POT:WNALP,,,,,,hit,,final,TA
,Lockwood,HTL_nd,,pot ,,pota1247,-ekemeg-,POT:WNALP,,,,,,"ground, land, event",,medial
,Lockwood,HTL2017,0076,pot,,pota1247,-ekemeg-,POT:WNALP,,,,,,"ground, land, event",,medial,,,,,,,,,,,,,,,,,,,,,,,,,,,,,,,,,,,,,,,,,,,,,,,,,,,,,,,,,sometimes analyzed as prefinal
,Lockwood,HTL2017,0075,pot ,,pota1247,-ekw-,POT:WNALP,,,,,,"wood, sticklike",,medial,CLASS,,,,,,,,,,,,,,,,,,,,,,,,,,,,,,,,,,,,,,,,,,,,,,,,,,,,,,,,allomorph: -akw-
,Lockwood,HTL_nd,,pot,,pota1247,"-ekw-, -akw-",POT:WNALP,,,,,,"wood, sticklike",,medial
,Lockwood,HTL_nd,,pot,,pota1247,-énd,POT:WNALP,,,,,,think,,final,TI
,Lockwood,HTL2017,0079,pot ,,pota1247,-énd,POT:WNALP,,,,,,think,,final,TI
,Lockwood,HTL_nd,,pot,,pota1247,-éndagwed,POT:WNALP,,,,,,"seem, be thought of",,final,II
,Lockwood,HTL2017,0079,pot,,pota1247,-éndagwed,POT:WNALP,,,,,,"seem, be thought of",,final,II
,Lockwood,HTL_nd,,pot,,pota1247,-éndagwze,POT:WNALP,,,,,,"seem, be thought of",,final,AI
,Lockwood,HTL2017,0079,pot,,pota1247,-éndagwze,POT:WNALP,,,,,,"seem, be thought of",,final,AI
,Lockwood,HTL_nd,,pot,,pota1247,-enekad,POT:WNALP,,,,,,name,,final,TI
,Lockwood,HTL2017,0080,pot,,pota1247,-enekad,POT:WNALP,,,,,,name,,final,TI
,Lockwood,HTL_nd,,pot,,pota1247,-enekadé,POT:WNALP,,,,,,name,,final,II
,Lockwood,HTL2017,0080,pot,,pota1247,-enekadé,POT:WNALP,,,,,,name,,final,II
,Lockwood,HTL_nd,,pot,,pota1247,-enekan,POT:WNALP,,,,,,name,,final,TA
,Lockwood,HTL2017,0080,pot,,pota1247,-enekan,POT:WNALP,,,,,,name,,final,TA
,Lockwood,HTL_nd,,pot ,,pota1247,-enekazo,POT:WNALP,,,,,,name,,final,AI
,Lockwood,HTL2017,0080,pot ,,pota1247,-enekazo,POT:WNALP,,,,,,name,,final,AI
,Lockwood,HTL_nd,,pot ,,pota1247,-énem,POT:WNALP,,,,,,think,,final,TA
,Lockwood,HTL2017,0079,pot,,pota1247,-énem,POT:WNALP,,,,,,think,,final,TA
,Lockwood,HTL_nd,,pot ,,pota1247,-eshk,POT:WNALP,,,,,,"act on, cause with foot or body",,final,TI
,Lockwood,HTL2017,0080,pot ,,pota1247,-eshk,POT:WNALP,,,,,,"act on, cause with foot or body",,final,TI
,Lockwood,HTL_nd,,pot,,pota1247,-eshkew,POT:WNALP,,,,,,"act on, cause with foot or body",,final,TA
,Lockwood,HTL2017,0080,pot,,pota1247,-eshkew,POT:WNALP,,,,,,"act on, cause with foot or body",,final,TA
,Costa,DJC2013,0206,pot,,pota1247,-əgəža-,POT:2,,,,,,"nail, claw",,final,,,,,,,,,,,,,,,,,,,,,,,,,,,,,,,,,,,,,,,,,,,,,,,,,,,,,,,,,,,,HTL,MAM
,Costa,DJC2013,0213,pot,,pota1247,-əno(s),POT:2,,,,,,diminutive,,final,N,,,,,,,,,,,,,,,,,,,,,,,,,,,,,,,,,,,,,,,,,,,,,,,,,,,,,,,,"Costa does not call it a final; he calls it an ""ending""",,,HTL,MAM
,Lockwood,HTL_nd,,pot,,pota1247,-gad-,POT:WNALP,,,,,,leg,,medial
,Lockwood,HTL2017,0076,pot,,pota1247,-gad-,POT:WNALP,,,,,,leg,,medial
,Lockwood,HTL2017,0066,pot,,pota1247,-gadé-,POT:WNALP,,,,,,leg,,medial
,Lockwood,HTL2017,0050,pot,,pota1247,-gen,POT:WNALP,,,,,,NG,,final,N
,Hockett,CH1939b,0050,pot,,pota1247,-i ,POT:3,,,,,,NG,,final,AI,,,,,,,,,,,,,,,tok·i,,,V,AI,wake up,,CH1939b;0050,wεpak·wi,,,V,TA,swing an axe,,CH1939b;0050,,,,,,,,,,,,,,,,,,,,,,,,,,,,,HTL
,Hockett,CH1939b,0063,pot,,pota1247,-ič-,POT:3,,,,,,fellow,,medial,,,,,,,,,,,,,,,,wič-εs·pənən,,,,,his fellow-raccoon(s) (he being also a raccoon),,CH1939b;0063,nič-nə·napεtək,,,,,O my fellow Indians! (an Indian speaking),,CH1939b;0063,,,,,,,,,,,,,,,,,,,,,,,,,,,,,HTL
,Hockett,CH1939b,0049,pot,,pota1247,-ja,POT:3,,,,,,NG,,final,II,,,,,-ɑs ,,,,,,,,,,wišɑkja,,,V,II,be hard,,CH1939b;0049,,,,,,,,,,,,,,,,,,,,,,,,,,,,,,,,,,,,,HTL
,Lockwood,HTL_nd,,pot ,,pota1247,-jan-,POT:WNALP,,,,,,nose,,medial
,Lockwood,HTL2017,0076,pot ,,pota1247,-jan-,POT:WNALP,,,,,,nose,,medial
,Lockwood,HTL_nd,,pot,,pota1247,-ji-,POT:WNALP,,,,,,"three-dimensional, round",,medial
,Lockwood,HTL2017,0076,pot,,pota1247,-ji-,POT:WNALP,,,,,,"three-dimensional, round",,medial,CLASS
,Hockett,CH1939b,0047,pot,,pota1247,-k·an,POT:3,,,,,,"instrument, means",,final,N,,,,,,,,,,,,,,,minɑk·an,,,N,,seed,,CH1939b;0047,ɑškOtεk·an,,,V,,flint-and-steel,,CH1939b;0047,,,,,,,,,,,,,,,,,,,,,,,,,,,,,HTL
,Hockett,CH1939b,0043,pot,,pota1247,-k·ata/ε,POT:3,,,,,,leg,,final,AI,,,,,,,,,,,,,,,kɑkanɑkata/ε,,,V,AI,be long-legged,,CH1939b;0043,,,,,,,,,,,,,,,,,,,,,,,,,,,,,,,,,,,,,HTL
,Hockett,CH1939b,0043,pot,,pota1247,-k·atε,POT:3,,,,,,leg,,final,AI,,,,,,,,,,,,,,,,,,,,,,,,,,,,,,,,,,,,,,,,,,,,,,,,,,,,,,,,,,,HTL
,Hockett,CH1939b,0043,pot,,pota1247,-k·atε-,POT:3,,,,,,leg,,medial,,,,,,,,,,,,,,,,nk·at,,,N,InanDep,my leg,,CH1939b;0043,,,,,,,,,,,,,,,,,,,,,,,,,,,,,,,,,,,,,HTL
,Hockett,CH1939b,0043,pot ,,pota1247,-k·wε,POT:3,,,,,,woman,,final,NA,,,,,,,,,,,,,,,mɑčɑkɑk·wεwɑš,,,N,,first-born woman,,CH1939b;0043,,,,,,,,,,,,,,,,,,,,,,,,,,,,,,,,,,"Hockett notes that the example given has the ""pejorative final superadded""",,,HTL
,Lockwood,HTL2017,0069,pot,,pota1247,-kezen-,POT:WNALP,,,,,,shoe,,medial,,,,,,,,,,,,,,,,,,,,,,,,,,,,,,,,,,,,,,,,,,,,,,,,,,,,,,,Y
,Hockett,CH1939b,0050,pot,,pota1247,-kwam ,POT:3,,,,,,sleep,,final,AI,,,,,,,,,,,,,,,Osamɑkwam,,,V,AI,oversleep,,CH1939b;0050,,,,,,,,,,,,,,,,,,,,,,,,,,,,,,,,,,,,,HTL
,Hockett,CH1939b,0054,pot,,pota1247,-m ,POT:3,,,,,,NG,,final,TA,,,,,,,,-t ,-ɑm ,"""in many forms impossible to determine which""",,,,,tεpɑm,,,V,TA,say the truth about; have enough of,,CH1939b;0055,čakɑm,,,V,TA,"eat up, consume",,CH1939b;0055,jačɑm,,,V,TA,"talk about, tell on",,CH1939b;0055,wapɑm,,,V,TA,see,,CH1939b;0055,,,,,,,,,,,,,HTL
,Lockwood,HTL_nd,,pot ,,pota1247,-magwet,POT:WNALP,,,,,,smell,,final,II
,Lockwood,HTL2017,0079,pot,,pota1247,-magwet,POT:WNALP,,,,,,smell,,final,II
,Lockwood,HTL_nd,,pot,,pota1247,-magwze,POT:WNALP,,,,,,smell,,final,AI
,Lockwood,HTL2017,0079,pot ,,pota1247,-magwze,POT:WNALP,,,,,,smell,,final,AI
,Hockett,CH1939b,0047,pot,,pota1247,-mɑkat ,POT:3,,,,,,NG,,final,II,,,B,,,,,,,,,,,,ɑjɑmɑkɑt,,,V,II,be here,Y,CH1939b;0047,pjεmɑkɑt,,,V,II,come,Y,CH1939b;0047,nomɑkɑt,,,V,II,do,Y,CH1939b;0047,nɑpomɑkɑt,,,V,II,die,Y,CH1939b;0047,,,,,,,,,,,,,HTL
,Hockett,CH1939b,"0043, 0047",pot ,,pota1247,-mɑn,POT:3,,,,,,"berry, grain",,final,,,,,,,,,,,,,,,,mɑk·ɑtεmɑn,,,N,,blackberry,,CH1939b;0043,mɑs·komɑn,,,N,,red raspberry,,CH1939b;0047,tεɂɑmɑn,,,N,,strawberry,,CH1939b;0047,ɑnɑč·imɑn,,,N,,pea,,CH1939b;0047,,,,,,,,,,,,,HTL
,Lockwood,HTL2017,0099,pot ,,pota1247,-meged,POT:WNALP,,,,,,NG,,final,II,,,,,,,,,,,,,,,,,,,,,,,,,,,,,,,,,,,,,,,,,,,,,,,,,,,,,,,,"""dummy final"""
,Lockwood,HTL2017,"0048,0069",pot ,,pota1247,-men,POT:WNALP,,,,,,"small, round, berry",,final,N,,,,,,,,,,,,,,,,,,,,,,,,,,,,,,,,,,,,,,,,,,,,,,,,,,,,,,Y
,Lockwood,HTL_nd,,pot,,pota1247,-myad,POT:WNALP,,,,,,smell,,final,TI
,Lockwood,HTL2017,0079,pot,,pota1247,-myad,POT:WNALP,,,,,,smell,,final,TI
,Lockwood,HTL_nd,,pot ,,pota1247,-myam,POT:WNALP,,,,,,smell,,final,TA
,Lockwood,HTL2017,0079,pot,,pota1247,-myam,POT:WNALP,,,,,,smell,,final,TA
,Hockett,CH1939b,0046,pot,,pota1247,-n,POT:3,,,,,,instrument,,final,N,,,Y,AI,,,,,-akɑn,,-wɑn,,,,kwɑtɑmočɑkɑn,,,N,,fishhook,Y,CH1939b;0046,ɑk·atεnɑkɑn,,,N,,a braid of hair,Y,CH1939b;0046,sikɑmεɂɑkɑn,,,N,,spear,Y,CH1939b;0046,tɑk·Opɑčɑkɑn,,,N,,"anything to tie things with; e.g., a hair ribbon",Y,CH1939b;0046,,,,,,,,,,,,,HTL
,Hockett,CH1939b,0049,pot,,pota1247,-n ,POT:3,,,,,,NG,,final,AI,,,,,,-ɑn ,,,,,,,,,mɑčɑmoš·ɑn,,,V,AI,be stuck,,CH1939b;0049,pjεkwaš·ɑn,,,V,AI,come out of the water,,CH1939b;0049,nɑkɑpjεš·ɑn,,,V,AI,melt away (like ice),,CH1939b;0049,nɑkaš·ɑn,,,V,AI,stop,,CH1939b;0049,,,,,,,,,,,,,HTL
,Hockett,CH1939b,0054,pot,,pota1247,-N ,POT:3,,,,,,NG,,final,TA,,,,,,,,-to ,,,,,,,tɑk·Opɑn,,,V,TA,"tie, fasten",,CH1939b;0054,kɑkɑN,,,V,TA,hide,,CH1939b;0054,mačiN,,,V,TA,take,,CH1939b;0054,ɑp·əkɑn,,,V,TA,throw down,,CH1939b;0054,,,,,,,,,,,,,HTL
,Hockett,CH1939b,0055,pot,,pota1247,-n ,POT:3,,,,,,NG,,final,TA,,,,,,,,-n ,,,,,,,ɑt·əpɑčεwεpɑn,,,V,TA,roll along,,CH1939b;0055,Otɑtɑn,,,V,TA,"get, acquire, take",,CH1939b;0055,,,,,,,,,,,,,,,,,,,,,,,,,,,,,HTL
,Hockett,CH1939b,0055,pot,,pota1247,-n ,POT:3,,,,,,NG,,final,TI,,,,,,,-n ,,,,,,,,ɑt·əpɑčεwεpɑn,,,V,TI,roll along,,CH1939b;0055,Otɑtɑn,,,V,TI,"get, acquire, take",,CH1939b;0055,,,,,,,,,,,,,,,,,,,,,,,,,,,,,HTL
,Lockwood,HTL_nd,,pot,,pota1247,-nej-,POT:WNALP,,,,,,hand,,medial
,Lockwood,HTL2017,0077,pot,,pota1247,-nej-,POT:WNALP,,,,,,hand,,medial
,Lockwood,HTL2017,0068,pot ,,pota1247,-nene,POT:WNALP,,,,,,man,,final
,Lockwood,HTL2017,0110,pot,,pota1247,-no(n)dagé,POT:WNALP,,,,,,hear things,,final,AI
,Costa,DJC2013,0212,pot,,pota1247,-omdənnə,POT:2,,,,,,NG,,final,PART,,,,,,,,,,,,,,,,,,,,,,,,,,,,,,,,,,,,,,,,,,,,,,,,,,,,,,,,Used in numerals for multiples of 10 above 50,,,HTL,MAM
,Hockett,CH1939b,0050,pot,,pota1247,-os·ε ,POT:3,,,,,,"walk, by foot",,final,AI,,,,,,,,,,,,,,,pɑmOs·ε,,,V,AI,walk,,CH1939b;0050,ɂakɑmOs·ε,,,V,AI,go on snowshoes,,CH1939b;0050,ɑp·it·Os·ε,,,V,AI,take one's time in walking,,CH1939b;0050,,,,,,,,,,,,,,,,,,,,,HTL
,Hockett,CH1939b,0050,pot,,pota1247,-pɑt·o,POT:3,,,,,,run,,final,AI,,,,,,,,,,,,,,,pɑmɑpɑt·o,,,V,AI,run along,,CH1939b;0050,kwεpɑmɑpɑt·o,,,V,AI,"run past, run by",,CH1939b;0050,pɑpamɑpat·o,,,V,AI,run around,,CH1939b;0050,pɑpɑt·o,,,V,AI,run over somewhere,,CH1939b;0050,,,,,,,,,,,,,HTL
,Hockett,CH1939b,0049,pot,,pota1247,-S·,POT:3,,,,,,NG,,prefinal,,,,,,,,,,,,,,,,mɑčɑmoš·ɑn,,,V,AI,be stuck,,CH1939b;0049,tɑkos·ɑn,,,V,II,be put with something,,CH1939b;0049,,,,,,,,,,,,,,,,,,,,,,,,,,,,,HTL
,Lockwood,HTL_nd,,pot,,pota1247,-sen,POT:WNALP,,,,,,"fall down, lower, undergo, lie down",,final,II
,Lockwood,HTL2017,0078,pot,,pota1247,-sen,POT:WNALP,,,,,,"fall down, lower, undergo, lie down",,final,II
,Lockwood,HTL_nd,,pot,,pota1247,-shen,POT:WNALP,,,,,,"fall down, lower, undergo, lie down",,final,AI
,Lockwood,HTL2017,0078,pot,,pota1247,-shen,POT:WNALP,,,,,,"fall down, lower, undergo, lie down",,final,AI
,Lockwood,HTL_nd,,pot ,,pota1247,-shke,POT:WNALP,,,,,,verb of addiction,,final
,Lockwood,HTL2017,0080,pot,,pota1247,-shke,POT:WNALP,,,,,,verb of addiction,,final,AI,,,Y
,Hockett,CH1939b,0054,pot,,pota1247,-t ,POT:3,,,,,,NG,,final,TI,,,,,,,-N ,,-ɑt ,"""in many forms impossible to determine which""",,,,,ɑp·əkɑt,,,V,TI,throw down,,CH1939b;0054,jap·wat,,,V,TI,dream about,,CH1939b;0054,nat,,,V,TI,"go, get fetch",,CH1939b;0054,,,,,,,,,,,,,,,,,,,,,HTL
,Hockett,CH1939b,0055,pot,,pota1247,-t· ,POT:3,,,,,,NG,,final,TI,,,Y,AI,,,-t·ɑw ,,,,,,,,mok·it·,,,V,TI,start out after,Y,CH1939b;0055,nɑk·wεt·,,,V,TI,answer,Y,CH1939b;0055,tεpwεt·,,,V,TI,believe,Y,CH1939b;0055,,,,,,,Y,,,,,,,,,,,"from AI stems, relating to an action to an object. Before these the final -tɑm or -t·ɑm of an ai stem drops",,,HTL
,Hockett,CH1939b,0050,pot,,pota1247,-t·ɑm ,POT:3,,,,,,NG,,final,AI,,,,,,,,,,,,,,,kɑčit·ɑm,,,V,AI,try,,CH1939b;0050,,,,,,,,,,,,,,,,,,,,,,,,,,,,,,,,,,,,,HTL
,Hockett,CH1939b,0055,pot,,pota1247,-t·ɑw ,POT:3,,,,,,NG,,final,TA,,,Y,AI,,,,-t· ,,,,,,,kɑčit·ɑw,,,V,TA,"try something on, test",Y,CH1939b;0055,mok·it·ɑw,,,V,TA,start out after,Y,CH1939b;0055,nɑk·wεt·ɑw,,,V,TA,answer,Y,CH1939b;0055,tεpwεt·ɑw,,,V,TA,believe,Y,CH1939b;0055,,,,,,,,,,"from AI stems, relating to an action to an object. Before these the final -tɑm or -t·ɑm of an ai stem drops",,,HTL
,Hockett,CH1939b,0043,pot,,pota1247,-t·ɑwɑka/ε,POT:3,,,,,,ear,,final,AI,,,,,,,,,,,,,,,mɑmak·ɑt·ɑwɑka/ε,,,V,AI,be big-eared,,CH1939b;0043,,,,,,,,,,,,,,,,,,,,,,,,,,,,,,,,,,,,,HTL
,Hockett,CH1939b,0043,pot,,pota1247,-t·ɑwɑkE,POT:3,,,,,,ear,,final,AI,,,,,,,,,,,,,,,,,,,,,,,,,,,,,,,,,,,,,,,,,,,,,,,,,,,,,,,,,,,HTL
,Hockett,CH1939b,0043,pot ,,pota1247,-t·ɑwɑkE-,POT:3,,,,,,ear,,medial,,,,,,,,,,,,,,,,nt·əwək,,,N,InanDep,my ear,,CH1939b;0043,,,,,,,,,,,,,,,,,,,,,,,,,,,,,,,,,,,,,HTL
,Hockett,CH1939b,0054,pot,,pota1247,-t·o ,POT:3,,,,,,NG,,final,TI,,,,,,,-ɂ  ,,,,,,,,nɑkɑt·o,,,V,TI,lose,,CH1939b;0053,pwit·o,,,V,TI,wait for,,CH1939b;0054,wikɑčɑt·o,,,V,TI,"try, test",,CH1939b;0054,,,,,,,,,,,,,,,,,,,,,HTL
,Hockett,CH1939b,0050,pot,,pota1247,-tɑm ,POT:3,,,,,,NG,,final,AI,,,,,,,,,,,,,,,kɑk·εnɑtɑm,,,V,AI,know something,,CH1939b;0050,,,,,,,,,,,,,,,,,,,,,,,,,,,,,,,,,,,,,HTL
,Lockwood,HTL_nd,,pot ,,pota1247,-teweg-,POT:WNALP,,,,,,ear,,medial
,Lockwood,HTL2017,0077,pot ,,pota1247,-teweg-,POT:WNALP,,,,,,ear,,medial
,Hockett,CH1939b,0054,pot,,pota1247,-to ,POT:3,,,,,,NG,,final,TI,,,,,,,-N ,,,,,,,,tɑk·Opɑto,,,V,TI,"tie, fasten",,CH1939b;0054,kɑkɑto,,,V,TI,hide,,CH1939b;0054,mačito,,,V,TI,take,,CH1939b;0054,,,,,,,,,,,,,,,,,,,,,HTL
,Lockwood,HTL2017,0066,pot,,pota1247,-togé-,POT:WNALP,,,,,,ear,,medial
,Hockett,CH1939b,0050,pot,,pota1247,-tε ,POT:3,,,,,,NG,,final,II,,,,,,,,,,,,,,,tɑk·Opɑtε,,,V,II,be tied up,,CH1939b;0050,kišakɑtε,,,V,II,be dry,,CH1939b;0050,pɑtɑkɑtε,,,V,II,"be there, here",,CH1939b;0050,,,,,,,,,,,,,,,,,,,,,HTL
,Hockett,CH1939b,0043,pot,,pota1247,-wɑkɑmɑkwE ,POT:3,,,,,,house,,final,NI,,,,,,,,,,,,,,,nɛkɑtoš·awɑkɑmɑkwE,,,N,,barn,,CH1939b;0043,,,,,,,,,,,,,,,,,,,,,,,,,,,,,,,,,,,,,HTL
,Lockwood,HTL_nd,,pot,,pota1247,-wegemekw,POT:WNALP,,,,,,"house, building",,final
,Lockwood,HTL2017,0081,pot,,pota1247,-wegemekw,POT:WNALP,,,,,,"house, building",,final,NI
,Lockwood,HTL_nd,,pot,,pota1247,-wen,POT:WNALP,,,,,,nominalizer,,final
,Lockwood,HTL2017,0081,pot,,pota1247,-wen,POT:WNALP,,,,,,nominalizer,,final,N,,ABSTR
,Lockwood,HTL_nd,,pot,,pota1247,-wéwé,POT:WNALP,,,,,,make noise,,final
,Lockwood,HTL2017,0080,pot ,,pota1247,-wéwé,POT:WNALP,,,,,,make noise,,final,II
,Lockwood,HTL2017,0080,pot,,pota1247,-wéwé,POT:WNALP,,,,,,make noise,,final,AI
,Lockwood,HTL_nd,,pot ,,pota1247,-weyan,POT:WNALP,,,,,,"skin, hide",,final
,Lockwood,HTL2017,0081,pot,,pota1247,-weyan,POT:WNALP,,,,,,"skin, hide",,final,NI
,Lockwood,HTL2017,0049,pot,,pota1247,-wgemek,POT:WNALP,,,,,,"building, room",,final,NI
,Lockwood,HTL2017,0066,pot,,pota1247,-wjé,POT:WNALP,,,,,,cold,,final,AI
,Hockett,CH1939b,0045,pot,,pota1247,-wε-,POT:3,,,,,,sound,,medial,,,,,,,,,,-wεwε-,,-wεwεk-,,,,ɑšɑwε,,,V,AI,"say so, tell so",,CH1939b;0045,ɑnɑwεwεkɑs,,,V,AI,make a noise,,CH1939b;0045,ɑnɑwεwεkɑt,,,V,II,make a noise,,CH1939b;0045,,,,,,,,,,,,,,,,,,"Hockett says √ɑšɑwε ""may not belong here""",,,HTL
,Lockwood,HTL2017,0064,pot,,pota1247,-ya,POT:WNALP,,,,,,NG,,final,II,,ABSTR,,,,,,,,,,,,,,,,,,,,,,,,,,,,,,,,,,,,,,,,,,,,,,,,,,,,,,from Hockett
,Lockwood,HTL_nd,,pot,,pota1247,-zed-,POT:WNALP,,,,,,foot,,medial
,Lockwood,HTL2017,0077,pot ,,pota1247,-zed-,POT:WNALP,,,,,,foot,,medial
,Lockwood,HTL2017,0110,pot,,pota1247,-zhewébe,POT:WNALP,,,,,,happen,,final,II
,Hockett,CH1939b,0054,pot,,pota1247,-ɂ  ,POT:3,,,,,,NG,,final,TA,,,,,,,,-t·o ,,,,,,,nɑkɑɂ,,,V,TA,lose,,CH1939b;0053,pwiɂ,,,V,TA,wait for,,CH1939b;0054,wikɑčɑɂ,,,V,TA,"try, test",,CH1939b;0054,,,,,,,,,,,,,,,,,,,,,HTL
,Hockett,CH1939b,0045,pot,,pota1247,-εn- ,POT:3,,,,,,think,,medial,,,,,,,,,,,,,,,,kɑk·εnɑtɑm,,,V,AI,think,,CH1939b;0045,nεnɑtɑm,,,V,AI,remember,,CH1939b;0045,Onεnɑtɑm,,,V,AI,forget,,CH1939b;0045,,,,,,,,,,,,,,,,,,,,,HTL
,Lockwood,HTL_nd,,pot,,pota1247,(be)beshk-,POT:WNALP,,,,,,bald,,initial
,Lockwood,HTL2017,0073,pot,,pota1247,(be)beshk-,POT:WNALP,,,,,,bald,,initial
,Hockett,CH1948b,0068,pot,,pota1247,(V)m,POT:5,,,,,,NG,,final,TA,,,,,,,,,,,,,,,,,,,,,,,,,,,,,,,,,,,,,,,,,,,,,,,(V)t
,Hockett,CH1948b,0068,pot,,pota1247,(V)t,POT:5,,,,,,NG,,final,TRANS,,,,,,,,,,,,,,,,,,,,,,,,,,,,,,,,,,,,,,,,,,,,,,,,,,,,(V)m,√t,,,GVM: p. 68 chart discusses formatives
,Hockett,CH1948b,0064,pot,,pota1247,#w,POT:5,,,,,,NG,,final,NA
289,Hockett,CH1948b,0065,pot,,pota1247,#w,POT:5,,,,,,occurs in verbs of being,,final,AI,,,Y,NA
,Hockett,CH1948b,0064,pot,,pota1247,#wE,POT:5,,,,,,NG,,final,NI
,Hockett,CH1948b,0064,pot,,pota1247,#y,POT:5,,,,,,NG,,final,NI
,Hockett,CH1948b,0066,pot,,pota1247,ᵃ/ₑ,POT:5,,,,,,NG,,final,AI
,Lockwood,HTL_nd,,pot ,,pota1247,abod-,POT:WNALP,,,,,,"inside out, flipped",,initial
,Lockwood,HTL2017,0072,pot ,,pota1247,abod-,POT:WNALP,,,,,,"inside out, flipped",,initial
,Lockwood,HTL_nd,,pot,,pota1247,agwné-,POT:WNALP,,,,,,doubt,,initial
,Lockwood,HTL2017,0073,pot,,pota1247,agwné-,POT:WNALP,,,,,,doubt,,initial
,Hockett,CH1948a,0007,pot,,pota1247,akUn,POT:5,,,,,,NG,,final,N,,,Y,TA
,Hockett,CH1948b,0064,pot,,pota1247,akUn,POT:5,,,,,,related to √n/,,final,N,,,Y,TA
,Lockwood,HTL_nd,,pot,,pota1247,ank-,POT:WNALP,,,,,,"together, joined, in a row",,initial
,Lockwood,HTL2017,0072,pot,,pota1247,ank-,POT:WNALP,,,,,,"together, joined, in a row",,initial,,,,,,,,,,,,,,,,,,,,,,,,,,,,,,,,,,,,,,,,,,,,,,,,,,,,,,,,,allomorph: anko-
,Lockwood,HTL_nd,,pot ,,pota1247,anko-,POT:WNALP,,,,,,"together, joined, in a row",,initial
,Lockwood,HTL2017,0072,pot,,pota1247,anko-,POT:WNALP,,,,,,"together, joined, in a row",,initial,,,,,,,,,,,,,,,,,,,,,,,,,,,,,,,,,,,,,,,,,,,,,,,,,,,,,,,,,allomorph: ank-
,Lockwood,HTL_nd,,pot,,pota1247,atwa-,POT:WNALP,,,,,,"right side up, supine",,initial
,Lockwood,HTL2017,0072,pot ,,pota1247,atwa-,POT:WNALP,,,,,,"right side up, supine",,initial
,Lockwood,HTL2017,0066,pot ,,pota1247,azhdé-,POT:WNALP,,,,,,cross,,initial
,Hockett,CH1939b,0043,pot ,,pota1247,ɑnɑnɑ#w-,POT:3,,,,,,man,,initial,,,,,,,,,,,,,,,,ɑnɑnɑ#w,,,N,,man,,CH1939b;0043,,,,,,,,,,,,,,,,,,,,,,,,,,,,,,,,,,,,,HTL
,Hockett,CH1939b,0063,pot,,pota1247,ɑp·ɑšk-,POT:3,,,,,,black,,initial,GENERIC,,,,,,,,,,,,,,,ɑpɑšk=mɑʔwε(#j),,,N,,lion,,CH1939b;0063,ɑpɑšk=kɑno(#j),,,N,,black eagle,,CH1939b;0063,,,,,,,,,,,,,,,,,,,,,,,,,,has question mark in parentheses by translation: black(?),,,HTL
,Hockett,CH1939b,0034,pot ,,pota1247,ɑs,POT:3,,,,,,NG,,final,,,,,,,,,,,,,,,,pɑmatɑs,,,V,AI,live,,CH1939b;0037,,,,,,,,,,,,,,,,,,,,,,,,,,,,,,,,,,,,,HTL
,Lockwood,HTL_nd,,pot,,pota1247,bag-,POT:WNALP,,,,,,pound,,initial
,Lockwood,HTL2017,0073,pot,,pota1247,bag-,POT:WNALP,,,,,,pound,,initial
,Lockwood,HTL_nd,,pot ,,pota1247,bak-,POT:WNALP,,,,,,open up,,initial
,Lockwood,HTL2017,0073,pot ,,pota1247,bak-,POT:WNALP,,,,,,open up,,initial
,Lockwood,HTL_nd,,pot,,pota1247,bashk-,POT:WNALP,,,,,,burst,,initial
,Lockwood,HTL2017,0073,pot,,pota1247,bashk-,POT:WNALP,,,,,,burst,,initial
,Lockwood,HTL_nd,,pot,,pota1247,bata-,POT:WNALP,,,,,,"stuck, transgress",,initial
,Lockwood,HTL2017,0075,pot,,pota1247,bata-,POT:WNALP,,,,,,"stuck, transgress",,initial
,Lockwood,HTL_nd,,pot ,,pota1247,begem-,POT:WNALP,,,,,,"in this direction, toward here",,initial
,Lockwood,HTL2017,0071,pot,,pota1247,begem-,POT:WNALP,,,,,,"in this direction, toward here",,initial
,Lockwood,HTL_nd,,pot,,pota1247,bem-,POT:WNALP,,,,,,along,,initial
,Lockwood,HTL2017,0071,pot ,,pota1247,bem-,POT:WNALP,,,,,,along,,initial
,Lockwood,HTL_nd,,pot ,,pota1247,bet-,POT:WNALP,,,,,,accidentally,,initial
,Lockwood,HTL2017,0074,pot,,pota1247,bet-,POT:WNALP,,,,,,accidentally,,initial
,Lockwood,HTL_nd,,pot,,pota1247,bid-,POT:WNALP,,,,,,"come toward, arriving",,initial
,Lockwood,HTL2017,0071,pot,,pota1247,bid-,POT:WNALP,,,,,,"come, toward, arriving",,initial
,Lockwood,HTL_nd,,pot,,pota1247,bit-,POT:WNALP,,,,,,"put on, wear, attach",,initial
,Lockwood,HTL2017,0075,pot,,pota1247,bit-,POT:WNALP,,,,,,"put on, wear, attach",,initial
,Lockwood,HTL_nd,,pot ,,pota1247,bok-,POT:WNALP,,,,,,break,,initial
,Lockwood,HTL2017,0073,pot,,pota1247,bok-,POT:WNALP,,,,,,break,,initial
,Lockwood,HTL_nd,,pot,,pota1247,byéd-,POT:WNALP,,,,,,"come, toward, arriving",,initial
,Lockwood,HTL2017,0071,pot,,pota1247,byéd-,POT:WNALP,,,,,,"come, toward, arriving",,initial
,Hockett,CH1948b,0066,pot,,pota1247,čUn,POT:5,,,,,,NG,,final,AI,,,,,,,,,,,,,,,,,,,,,,,,,,,,,,,,,,,,,,,,,,,,,,,,,,,,,,,,"GVM: p. 66 ""Perhaps the final is √n/, with preceding elements kwiT, koT"""
,Lockwood,HTL2017,0075,pot,,pota1247,deb-,POT:WNALP,,,,,,through an opening,,initial,,,,,,,,,,,,,,,,,,,,,,,,,,,,,,,,,,,,,,,,,,,,,,,,,,,,,,,,,allomorph: teb-
,Lockwood,HTL_nd,,pot ,,pota1247,déb-,POT:WNALP,,,,,,sufficient,,initial
,Lockwood,HTL2017,0074,pot ,,pota1247,déb-,POT:WNALP,,,,,,sufficient,,initial
,Lockwood,HTL_nd,,pot,,pota1247,dekem-,POT:WNALP,,,,,,across,,initial
,Lockwood,HTL2017,0071,pot ,,pota1247,dekem-,POT:WNALP,,,,,,across,,initial
,Lockwood,HTL_nd,,pot ,,pota1247,deN-,POT:WNALP,,,,,,"where, while, how",,initial
,Lockwood,HTL2017,0070,pot,,pota1247,deN-,POT:WNALP,,,,,,"where, while, how",,initial,RR
,Lockwood,HTL2017,0168,pot,,pota1247,den-,POT:WNALP,,,,,,in a certain place,,initial,RR
,Lockwood,HTL_nd,,pot,,pota1247,dep-,POT:WNALP,,,,,,through an opening,,initial
,Lockwood,HTL2017,0168,pot ,,pota1247,des-,POT:WNALP,,,,,,so much; so many,,initial,RR
,Lockwood,HTL2017,0168,pot,,pota1247,desh-,POT:WNALP,,,,,,so much; so many,,initial,RR
,Lockwood,HTL2017,0168,pot,,pota1247,dezh-,POT:WNALP,,,,,,in a certain place,,initial,RR
,Lockwood,HTL_nd,,pot,,pota1247,ekew-,POT:WNALP,,,,,,"to such extent, as long as",,initial
,Lockwood,HTL2017,0070,pot ,,pota1247,ekew-,POT:WNALP,,,,,,"to such extent, as long as",,initial,RR,,,,,,,,,,,,,,,,,,,,,,,,,,,,,,,,,,,,,,,,,,,,,,,,,,,,,,,,allomorph: eko-
,Lockwood,HTL_nd,,pot,,pota1247,eko-,POT:WNALP,,,,,,"to such extent, as long as",,initial
,Lockwood,HTL2017,0069,pot,,pota1247,eko-,POT:WNALP,,,,,,"to such extent, as long as",,initial,RR,,,,,,,,,,,,,,,,,,,,,,,,,,,,,,,,,,,,,,,,,,,,,,,,,,,,,,,,allomorph: ekew-
,Lockwood,HTL2017,0168,pot ,,pota1247,ekw-,POT:WNALP,,,,,,as long as,,initial,RR
,Lockwood,HTL_nd,,pot ,,pota1247,eN-,POT:WNALP,,,,,,thus,,initial
,Lockwood,HTL2017,"0043,0070",pot,,pota1247,eN-,POT:WNALP,,ǝN-,,,,thus,,initial,RR,,,,,,,,,,,,,,,,,,,,,,,,,,,,,,,,,,,,,,,,,,,,,,,,,,,,,,,,"allomorph: /ǝn-/, /əʒ-/"
,Lockwood,HTL2017,0168,pot,,pota1247,en-,POT:WNALP,,eN-,,,,so; to a certain place; in a certain way,,initial,RR
,Lockwood,HTL_nd,,pot,,pota1247,enem-,POT:WNALP,,,,,,away,,initial
,Lockwood,HTL2017,0071,pot,,pota1247,enem-,POT:WNALP,,,,,,away,,initial
,Lockwood,HTL2017,0168,pot,,pota1247,epich-,POT:WNALP,,,,,,such an extent; meanwhile; still,,initial,RR
,Lockwood,HTL_nd,,pot,,pota1247,epit-,POT:WNALP,,,,,,"inasmuch as, while, degree, yet",,initial
,Lockwood,HTL2017,0070,pot,,pota1247,epit-,POT:WNALP,,,,,,"inasmuch as, while, degree, yet",,initial,RR
,Lockwood,HTL2017,0168,pot ,,pota1247,ezh-,POT:WNALP,,eN-,,,,so; to a certain place; in a certain way,,initial,RR
,Lockwood,HTL_nd,,pot ,,pota1247,gad-,POT:WNALP,,,,,,push,,initial
,Lockwood,HTL2017,0073,pot ,,pota1247,gad-,POT:WNALP,,,,,,push,,initial
,Lockwood,HTL_nd,,pot,,pota1247,gek-,POT:WNALP,,,,,,hide,,initial
,Lockwood,HTL_nd,,pot,,pota1247,gek-,POT:WNALP,,,,,,"think, decide, know",,initial
,Lockwood,HTL2017,0072,pot,,pota1247,gek-,POT:WNALP,,,,,,hide,,initial
,Lockwood,HTL2017,0072,pot,,pota1247,gek-,POT:WNALP,,,,,,"think, decide, know",,initial
,Lockwood,HTL_nd,,pot ,,pota1247,gemod-,POT:WNALP,,,,,,"steal, sneak",,initial
,Lockwood,HTL2017,0072,pot,,pota1247,gemod-,POT:WNALP,,,,,,"steal, sneak",,initial
,Lockwood,HTL2017,0064,pot,,pota1247,geno-,POT:WNALP,,,,,,long,,initial,,,,,,,,,,,,,,,,,,,,,,,,,,,,,,,,,,,,,,,,,,,,,,,,,,,,,,,,,from Hockett
,Lockwood,HTL_nd,,pot,,pota1247,gezh-,POT:WNALP,,,,,,"warm, hot",,initial
,Lockwood,HTL2017,0074,pot,,pota1247,gezh-,POT:WNALP,,,,,,"warm, hot",,initial
,Lockwood,HTL_nd,,pot,,pota1247,gin-,POT:WNALP,,,,,,sharp,,initial
,Lockwood,HTL2017,0074,pot,,pota1247,gin-,POT:WNALP,,,,,,sharp,,initial
,Lockwood,HTL_nd,,pot ,,pota1247,gip-,POT:WNALP,,,,,,chapped,,initial
,Lockwood,HTL2017,0074,pot ,,pota1247,gip-,POT:WNALP,,,,,,chapped,,initial
,Lockwood,HTL2017,0199,pot,,pota1247,jag-,POT:WNALP,,,,,,"used up, exhausted, depleted",,initial
,Lockwood,HTL_nd,,pot,,pota1247,jig-,POT:WNALP,,,,,,"next to, nearby",,initial
,Lockwood,HTL2017,0071,pot,,pota1247,jig-,POT:WNALP,,,,,,"next to, nearby",,initial
,Hockett,CH1948b,0070,pot,,pota1247,k·Un,POT:5,,,,,,NG,,final,,,,,,,,,,,,,,,,,,,,,,,,,,,,,,,,,,,,,,,,,,,,,,,,,,,,,,,,,"GVM: p. 70 - these appear to be finals which interact with pejoratives, not the pejoratives themselves"
,Hockett,CH1939b,0043,pot,,pota1247,k·wε-,POT:3,,,,,,woman,,initial,,,,,,,,,,,,,,,,k·wε,,,N,,woman,,CH1939b;0043,,,,,,,,,,,,,,,,,,,,,,,,,,,,,,,,,,,,,HTL
,Hockett,CH1939b,0044,pot ,,pota1247,kɑk-,POT:3,,,,,,having something,,initial,,,,,,,,,,,,,,,,kɑkɑšk,,,V,TI,"have, hold",,CH1939b;0044,kɑkɑnɑkoʔw,,,V,TA,bury with something [Hockett says this may be the 'hide' initial'],,CH1939b;0044,kɑkatɑs,,,V,AI,be rich,,CH1939b;0044,,,,,,,,,,,,,,,,,,,,,HTL
,Hockett,CH1939b,0044,pot,,pota1247,kɑk-,POT:3,,,,,,hide,,initial,,,,,,,,,,,,,,,,kɑkɑto,,,V,TI,hide,,CH1939b;0044,kɑkɑn,,,V,TA,hide,,CH1939b;0044,kɑkɑsO,,,V,AI,hide,,CH1939b;0044,kɑkɑnɑkoʔw,,,V,TA,bury with something [Hockett says this may be the 'have' initial],,CH1939b;0044,,,,,,,,,,,,,HTL
,Hockett,CH1939b,0044,pot,,pota1247,kɑk·-,POT:3,,,,,,"think, decide",,initial,,,,,,,,,,,,,,,,kɑk·ɑɂw,,,V,TA,"appoint, choose",,CH1939b;0044,kɑk·ɑpjεɂ,,,V,TA,mark,,CH1939b;0044,kɑk·εnɑm,,,V,TA,"to know, be acquainted with, recognize",,CH1939b;0044,,,,,,,,,,,,,,,,,,,,,HTL
,Hockett,CH1939b,0044,pot,,pota1247,kɑš-,POT:3,,,,,,warm,,initial,,,,,,,,,,,,,,,,kɑšɑt·ε,,,V,II,be hot (not of weather),,CH1939b;0044,kɑšat·ε,,,V,II,be hot weather,,CH1939b;0044,kɑšɑsO,,,V,AI,be hot,,CH1939b;0044,kɑšapos·,,,V,TI,heat a liquid,,CH1939b;0044,,,,,,,,,,,,,HTL
,Haas,MH1966a,0482,pot,,pota1247,kk·y-,POT:3,,,,,,old,,initial,,,,,,,,,,,,,,,,kk·ya,,,V,AI,he is old,,MH1966a;0482,,,,,,,,,,,,,,,,,,,,,,,,,,,,,,,,,,,,,HTL
,Hockett,CH1948b,0064,pot,,pota1247,kUk,POT:5,,,,,,"hide, conceal, have something",,initial,,,,,,,,,,,,,,,,kUkUto,,,V,TI,hide,,CH1948b;0064,kUkUn,,,V,TA,hide,,CH1948b;0064,kUkUsO,,,V,AI,hide,,CH1948b;0064,kUkUšk,,,V,TI,"have, hold",,CH1948b;0064
,Hockett,CH1948b,0064,pot,,pota1247,kUk·,POT:5,,,,,,"think, decide",,initial,,,,,,,,,,,,,,,,kUk·Uˀw,,,V,TA,"appoint, choose",,CH1948b;0064,kUk·Upyeˀ,,,V,TA,mark,,CH1948b;0064,kUk·enUm,,,V,TA,"know, be acquainted with, recognize",,CH1948b;0064
,Hockett,CH1948b,0070,pot,,pota1247,kUn,POT:5,,,,,,NG,,final,,,,,,,,,,,,,,,,,,,,,,,,,,,,,,,,,,,,,,,,,,,,,,,,,,,,,,,,,"GVM: p. 70 - these appear to be finals which interact with pejoratives, not the pejoratives themselves"
,Hockett,CH1948b,0063,pot,,pota1247,kUš,POT:5,,,,,,warm,,initial,,,,,,,,,,,,,,,,kUšUt·e,,,V,II,be hot (not of the weather),,CH1948b;0063,kUšat·e,,,V,II,be hot (of weather),,CH1948b;0063,kUšUsO,,,V,AI,be hot,,CH1948b;0063,kUšapos·,,,V,TI,heat a liquid,,CH1948b;0063
,Lockwood,HTL_nd,,pot,,pota1247,mek-,POT:WNALP,,,,,,find,,initial
,Lockwood,HTL2017,0072,pot ,,pota1247,mek-,POT:WNALP,,,,,,find,,initial
,Lockwood,HTL2017,0066,pot ,,pota1247,meshkow-,POT:WNALP,,,,,,frozen,,initial
,Lockwood,HTL2017,0066,pot,,pota1247,met-,POT:WNALP,,,,,,bare,,initial
,Lockwood,HTL2017,0067,pot,,pota1247,met-,POT:WNALP,,,,,,"bare, unaided",,initial,,,,,,,,,,,,,,,,,,,,,,,,,,,,,,,,,,,,,,,,,,,,,,,,,,,,,,,,,corrected by HL
,Lockwood,HTL2017,0067,pot ,,pota1247,metakw-,POT:WNALP,,,,,,bare or bald body part,,initial,,,,,,,,,,,,,,,,,,,,,,,,,,,,,,,,,,,,,,,,,,,,,,,,,,,,,,,,,possibly containing postradical -akw
,Hockett,CH1939b,0043,pot,,pota1247,minE-,POT:3,,,,,,berry,,initial,,,,,,,,,,,,,,,,minE,,,N,,berry,,CH1939b;0043,minɑk·an,,,N,,seed,,CH1939b;0043,,,,,,,,,,,,,,,,,,,,,,,,,,,,,HTL
,Lockwood,HTL_nd,,pot ,,pota1247,miw-,POT:WNALP,,,,,,"keep away, reject",,initial
,Lockwood,HTL2017,0073,pot,,pota1247,miw-,POT:WNALP,,,,,,"keep away, reject",,initial
,Lockwood,HTL_nd,,pot,,pota1247,mizhad-,POT:WNALP,,,,,,fancy,,initial
,Lockwood,HTL2017,0074,pot,,pota1247,mizhad-,POT:WNALP,,,,,,fancy,,initial
,Lockwood,HTL2017,0068,pot,,pota1247,mshkek-,POT:WNALP,,,,,,medicine,,initial,,,,,,,,,,,,,,,,,,,,,,,,,,,,,,,,,,,,,,,,,,,,,,,,,,,,,,,Y
,Hockett,CH1948b,0065,pot,,pota1247,mUkUt,POT:5,,,,,,NG,,final,II,,,B,II
,Hockett,CH1948b,0064,pot,,pota1247,mUn,POT:5,,,,,,"berry, grain",,final,N,,,,,,,,,,,,,,,,,,,,,,,,,,,,,,,,,,,,,,,,,,,,,,,,,,,,,,,,"GVM: p.64 ""(This may rather be a medial)"""
,Hockett,CH1948b,"0067,0068",pot,,pota1247,N,POT:5,,,,,,NG,,final,TA,,,,,,,,√t,√to,,,,,,,,,,,,,,,,,,,,,,,,,,,,,,,,,,,,,,√t
,Hockett,CH1939b,"0034, 0151",pot ,,pota1247,n-,POT:3,n-,,,,,NG,,initial,,,,,,,,,,,,,,,,napo,,,N,,drink,,CH1939b;0037,,,,,,,,,,,,,,,,,,,,,,,,,,,,,,,,,,,,,HTL
,Lockwood,HTL_nd,,pot,,pota1247,nad-,POT:WNALP,,,,,,"go after, fetch",,initial
,Lockwood,HTL2017,0072,pot ,,pota1247,nad-,POT:WNALP,,,,,,"go after, fetch",,initial
,Lockwood,HTL_nd,,pot ,,pota1247,nam-,POT:WNALP,,,,,,under,,initial
,Lockwood,HTL2017,0071,pot ,,pota1247,nam-,POT:WNALP,,,,,,under,,initial
,Lockwood,HTL_nd,,pot,,pota1247,nebi-,POT:WNALP,,,,,,"water, wet",,initial
,Lockwood,HTL2017,0074,pot,,pota1247,nebi-,POT:WNALP,,,,,,"water, wet",,initial,,,,,,,,,,,,,,,,,,,,,,,,,,,,,,,,,,,,,,,,,,,,,,,,,,,,,,,,,allomorph: nebye-
,Lockwood,HTL_nd,,pot,,pota1247,nebye-,POT:WNALP,,,,,,"water, wet",,initial
,Lockwood,HTL2017,0074,pot ,,pota1247,nebye-,POT:WNALP,,,,,,"water, wet",,initial,,,,,,,,,,,,,,,,,,,,,,,,,,,,,,,,,,,,,,,,,,,,,,,,,,,,,,,,,allomorph: nebi-
,Lockwood,HTL_nd,,pot ,,pota1247,nedo-,POT:WNALP,,,,,,"try, look for",,initial
,Lockwood,HTL2017,0072,pot,,pota1247,nedo-,POT:WNALP,,,,,,"try, look for",,initial
,Lockwood,HTL_nd,,pot,,pota1247,nege-,POT:WNALP,,,,,,"melt, thaw",,initial
,Lockwood,HTL2017,0073,pot ,,pota1247,nege-,POT:WNALP,,,,,,"melt, thaw",,initial
,Lockwood,HTL_nd,,pot,,pota1247,nis-,POT:WNALP,,,,,,down,,initial
,Lockwood,HTL2017,0071,pot,,pota1247,nis-,POT:WNALP,,,,,,down,,initial
,Lockwood,HTL_nd,,pot ,,pota1247,nok-,POT:WNALP,,,,,,soft,,initial
,Lockwood,HTL2017,0074,pot ,,pota1247,nok-,POT:WNALP,,,,,,soft,,initial
,Lockwood,HTL2017,0168,pot,,pota1247,oj-,POT:WNALP,,,,,,from; for the reason that,,initial,RR
,Hockett,CH1948b,0066,pot,,pota1247,Os·e,POT:5,,,,,,by foot,,final,AI,,CONCR
,Hockett,CH1939b,"0034, 0036, 0037, 0039, 0048, 0058, 0082, 0152",pot,,pota1247,os∙,POT:3,,,,,,father,,medial,AnimDep,,,,,,,,,,,,,,,,,,,,,,,,,,,,,,,,,,,,,,,,,,,,,,,,,,,,,,,,,,,HTL
,Hockett,CH1939b,"0034, 0044",pot,,pota1247,pɑm-,POT:3,,,,,,moving around,,initial,,,,,,,,,,,,,,,,pɑmatɑs,,,V,AI,live,,CH1939b;0037,pɑmɑs·a/ε,,,V,AI,fly,,CH1939b;0044,pɑmOs·a/ε,,,V,AI,walk,,CH1939b;0044,pɑmaška/ε,,,V,AI,fly,,IG1939b;0044,,,,,,,,,,,,,HTL
,Hockett,CH1948a,"0004,0007",pot,,pota1247,pUm,POT:5,,,,,,around here,,initial,,,,,,,,,,,,,,,,,,√pmuʔik,V,AI,they are around here,,CH1948a;0004,,,,,,,,,,,,,,,,,,,,,,,,,,,,,,,,,,,,,HTL
,Hockett,CH1948b,"0063,0064",pot,,pota1247,pUm,POT:5,,,,,,moving around,,initial,,,,,,,,,,,,,,,,pUmUs·ᵃ/ₑ,,,V,AI,fly,,CH1948b;0063,pUmOs·e,,,V,AI,walk,,CH1948b;0063,pUmaškᵃ/ₑ,,,V,AI,fly,,CH1948b;0063,pUmatUs,,,V,AI,be alive,,CH1948b;0063
,Hockett,CH1948b,0066,pot,,pota1247,pUt·o,POT:5,,,,,,run,,final,AI,,CONCR
,Hockett,CH1948b,0064,pot,,pota1247,pyᵃ/ₑ,POT:5,,,,,,come,,initial,,,,,,,,,,,,,,,,pyewapUn,,,V,II,be becoming morning,Y,CH1948b;0064
,Hockett,CH1948b,0067,pot,,pota1247,s·,POT:5,,,,,,NG,,final,TA,,,,,,,,,,,,,,,,,,,,,,,,,,,,,,,,,,,,,,,,,,,,,,,,,,,,,,,,GVM: p. 67: May or may not be a final
,Hockett,CH1948b,0068,pot,,pota1247,t·,POT:5,,,,,,NG,,final,TA
,Hockett,CH1948b,0066,pot,,pota1247,t·Um,POT:5,,,,,,NG,,final,AI
,Hockett,CH1948b,0068,pot,,pota1247,t·Uw,POT:5,,,,,,relates action to object,,final,TA,,,Y,AI,,,,√t,,,,,,,,,,,,,,,,,,,,,,,,,,,,,,,,,,,,,,,,,,,,t·,√w
,Lockwood,HTL_nd,,pot,,pota1247,teb-,POT:WNALP,,,,,,through an opening,,initial
,Lockwood,HTL2017,0075,pot ,,pota1247,teb-,POT:WNALP,,,,,,through an opening,,initial,,,,,,,,,,,,,,,,,,,,,,,,,,,,,,,,,,,,,,,,,,,,,,,,,,,,,,,,,allomorph: deb-
,Hockett,CH1948b,0066,pot,,pota1247,tUm,POT:5,,,,,,NG,,final,AI
,Hockett,CH1948b,0067,pot,,pota1247,UčUkate,POT:5,,,,,,passive,,final,II,,,Y,TI
,Hockett,CH1948b,0068,pot,,pota1247,Uk·,POT:5,,,,,,"play around with, fool around with",,final,TI,,,,,,,Uk·Uw
,Hockett,CH1948b,0066,pot,,pota1247,Uk·ᵃ/ₑ,POT:5,,,,,,motion,,final,AI,,CONCR
,Hockett,CH1948b,0070,pot,,pota1247,Uk·U,POT:5,,,,,,land,,final,N
,Hockett,CH1948b,0068,pot,,pota1247,Uk·Uw,POT:5,,,,,,"play around with, fool around with",,final,TA,,,,,,,,Uk·,,,,,,,,,,,,,,,,,,,,,,,,,,,,,,,,,,,,,,,,,,,,Uk·,√w
,Hockett,CH1948b,"0066,0067",pot,,pota1247,Um,POT:5,,,,,,NG,,final,TA
,Hockett,CH1948b,0068,pot,,pota1247,UmUw,POT:5,,,,,,forms double-object verbs,,final,TA
,Hockett,CH1948b,0065,pot,,pota1247,Un,POT:5,,,,,,NG,,final,II
,Hockett,CH1948b,0066,pot,,pota1247,Un,POT:5,,,,,,NG,,final,II,,,,,,,,,,,,,,,,,,,,,,,,,,,,,,,,,,,,,,,,,,,,,,,,,,,,,,,,GVM: p.66: Typically used in impersonal verbs
,Hockett,CH1948a,0007,pot,,pota1247,Us,POT:5,,,,,,NG,,final,AI
,Hockett,CH1948b,0065,pot,,pota1247,Us,POT:5,,,,,,NG,,final,AI,,,N,,,Ut
,Hockett,CH1948b,0065,pot,,pota1247,Us,POT:5,,,,,,NG,,final,AI,,,,,,√ya/
,Hockett,CH1948b,0066,pot,,pota1247,Us,POT:5,,,,,,NG,,final,AI
,Hockett,CH1948b,"0067,0068",pot,,pota1247,Us,POT:5,,,,,,NG,,final,TI,,,,,,,Usw
,Hockett,CH1948b,0068,pot,,pota1247,Ušk,POT:5,,,,,,with the feet,,final,TI,,,,,,,UškUw
,Hockett,CH1948b,0066,pot,,pota1247,Uškᵃ/ₑ,POT:5,,,,,,motion,,final,AI,,CONCR
,Hockett,CH1948b,0068,pot,,pota1247,UškUw,POT:5,,,,,,with the feet,,final,TA,,,,,,,,Ušk,,,,,,,,,,,,,,,,,,,,,,,,,,,,,,,,,,,,,,,,,,,,Ušk,√w
,Hockett,CH1948b,"0067,0068",pot,,pota1247,Usw,POT:5,,,,,,NG,,final,TA,,,,,,,,Us,,,,,,,,,,,,,,,,,,,,,,,,,,,,,,,,,,,,,,,,,,,,Us,√w
,Hockett,CH1948b,0065,pot,,pota1247,Ut,POT:5,,,,,,NG,,final,II,,,N,,Us
,Hockett,CH1948b,0066,pot,,pota1247,Ut,POT:5,,,,,,reciprocal,,final,AI,,,Y,TA
,Hockett,CH1948b,0066,pot,,pota1247,Ut,POT:5,,,,,,NG,,final,TI
,Hockett,CH1948b,0066,pot,,pota1247,Utiy,POT:5,,,,,,reciprocal,,final,AI,,,Y,TA
,Hockett,CH1948b,0067,pot,,pota1247,UtUsO,POT:5,,,,,,reflexive,,final,AI,,,Y,TA,,,,,UtUso,weak/strong vowel patttern
,Hockett,CH1948b,"0066,0067",pot,,pota1247,Uw,POT:5,,,,,,NG,,final,TA,,,,,,,,,O,"__√tat, √tatiy"
,Hockett,CH1948b,"0067,0068",pot,,pota1247,Uˀ,POT:5,,,,,,NG,,final,TI,,,,,,,Uˀw
,Hockett,CH1948b,"0067,0068",pot,,pota1247,Uˀw,POT:5,,,,,,NG,,final,TA,,,,,,,,Uˀ,,,,,,,,,,,,,,,,,,,,,,,,,,,,,,,,,,,,,,,,,,,,Uˀ,√w
,Lockwood,HTL_nd,,pot,,pota1247,wab-,POT:WNALP,,,,,,white,,initial
,Lockwood,HTL2017,0074,pot,,pota1247,wab-,POT:WNALP,,,,,,white,,initial
,Hockett,CH1939b,0063,pot,,pota1247,wap-,POT:3,,,,,,white,,initial,GENERIC,,,,,,,,,,,,,,,wap=kɑno(#j),,,N,,white eagle,,CH1939b;0063,wap=konoškwε#j,,,N,,rat,,CH1939b;0063,wap=to#j,,,N,,mushroom,,CH1939b;0063,,,,,,,,,,,,,,,,,,,,,HTL
,Lockwood,HTL_nd,,pot,,pota1247,wb-,POT:WNALP,,,,,,upward,,initial
,Lockwood,HTL2017,0072,pot,,pota1247,wb-,POT:WNALP,,,,,,upward,,initial,,,,,,,,,,,,,,,,,,,,,,,,,,,,,,,,,,,,,,,,,,,,,,,,,,,,,,,,,allomorph: wmb-
,Lockwood,HTL_nd,,pot ,,pota1247,wéb-,POT:WNALP,,,,,,"begin, inceptive",,initial
,Lockwood,HTL2017,0073,pot,,pota1247,wéb-,POT:WNALP,,,,,,"begin, inceptive",,initial
,Lockwood,HTL_nd,,pot,,pota1247,wed-,POT:WNALP,,,,,,"why, from",,initial
,Lockwood,HTL2017,0070,pot ,,pota1247,wed-,POT:WNALP,,,,,,"why, from",,initial,RR,,,,,,,,,,,,,,,,,,,,,,,,,,,,,,,,,,,,,,,,,,,,,,,,,,,,,,,,allomorph: wej-
,Lockwood,HTL_nd,,pot,,pota1247,wej-,POT:WNALP,,,,,,"why, from",,initial
,Lockwood,HTL2017,0070,pot,,pota1247,wej-,POT:WNALP,,,,,,"why, from",,initial,RR,,,,,,,,,,,,,,,,,,,,,,,,,,,,,,,,,,,,,,,,,,,,,,,,,,,,,,,,allomorph: wed-
,Hockett,CH1939b,0043,pot,,pota1247,wikɑwamE-,POT:3,,,,,,house,,initial,,,,,,,,,,,,,,,,wikɑwamE,,,N,,house,,CH1939b;0043,,,,,,,,,,,,,,,,,,,,,,,,,,,,,,,,,,,,,HTL
,Lockwood,HTL_nd,,pot ,,pota1247,wmb-,POT:WNALP,,,,,,upward,,initial
,Lockwood,HTL2017,0072,pot,,pota1247,wmb-,POT:WNALP,,,,,,upward,,initial,,,,,,,,,,,,,,,,,,,,,,,,,,,,,,,,,,,,,,,,,,,,,,,,,,,,,,,,,allomorph: wb-
,Hockett,CH1948b,0064,pot,,pota1247,wUn,POT:5,,,,,,related to √n/,,final,N,,,Y,II
,Lockwood,HTL_nd,,pot,,pota1247,wzam-,POT:WNALP,,,,,,too much,,initial
,Lockwood,HTL2017,0074,pot,,pota1247,wzam-,POT:WNALP,,,,,,too much,,initial
,Lockwood,HTL_nd,,pot,,pota1247,zag-,POT:WNALP,,,,,,"emerge, protrude, become visible",,initial
,Lockwood,HTL2017,0071,pot,,pota1247,zag-,POT:WNALP,,,,,,"emerge, protrude, become visible",,initial
,Hockett,CH1939b,0048,pot,,pota1247,zero,POT:3,,,,,,verb of having,,final,AI,,,,,,,,,,,,,,,Oničanɑs·,,,V,AI,have children,,CH1939b;0048,,,,,,,,,,,,,,,,,,,,,,,,,,,,,,,,,,"""there are some irregularities"" (48)",,,HTL
,Hockett,CH1948b,0065,pot,,pota1247,zero,POT:5,,,,,,occurs in verbs of having,,final,AI,,,,,,,,,,,,,,,,,,,,,,,,,,,,,,,,,,,,,,,,,,,,,,,,,,,,,,,,"GVM: Spelled out as zero in-text, so it is presented as such here"
,Lockwood,HTL_nd,,pot ,,pota1247,zhab-,POT:WNALP,,,,,,through,,initial
,Lockwood,HTL2017,0071,pot ,,pota1247,zhab-,POT:WNALP,,,,,,through,,initial
,Lockwood,HTL_nd,,pot,,pota1247,ziw-,POT:WNALP,,,,,,sour,,initial
,Lockwood,HTL2017,0074,pot,,pota1247,ziw-,POT:WNALP,,,,,,sour,,initial
,Hockett,CH1948a,0007,pot,,pota1247,,POT:5,,√n/,,,,NG,,initial,,,,,,,,,,,,,,,,,,√napo,N,,drink,,CH1948a;0007,,,,,,,,,,,,,,,,,,,,,,,,,,,,,,,,,,HTL: This word also appears in Forest County Potawatomi dictionary; the initial is still unclear because the possessed form is n- instead of nde- as might be expected if it were the relative root.,,,HTL
,Hockett,CH1948a,0004,pot,,pota1247,,POT:5,,√y/,,,,be,,final,AI,,,,,,,,,,,,,,,,,√pmuʔik,V,AI,they are around here,,CH1948a;0004,,,,,,,,,,,,,,,,,,,,,,,,,,,,,,,,,,,,,HTL
,Hockett,CH1948a,0007,pot,,pota1247,,POT:5,,√apo/,,,,NG,,final,NI,,,,,,,,,,,,,,,,,√napo,N,,drink,,CH1948a;0007,,,,,,,,,,,,,,,,,,,,,,,,,,,,,,,,,,,,,HTL
,Hockett,CH1948a,0007,pot,,pota1247,,POT:5,,√at/,,,,NG,,medial,,,,,,,,,,,,,,,,pUmatUs,,,V,AI,live,,CH1948a;0004,,,,,,,,,,,,,,,,,,,,,,,,,,,,,,,,,,,,,HTL
,Hockett,CH1948a,0007,pot,,pota1247,,POT:5,,√os·/,,,,NG,,medial
,Hockett,CH1948a,0007,pot,,pota1247,,POT:5,,√zero/,,,,NG,,final,NA
,Hockett,CH1948a,"0004,0007",pot,,pota1247,,POT:5,,√k·e/,,,,intransitive,,final,AI,,,Y,N
,Hockett,CH1948b,0064,pot,,pota1247,,POT:5,,√ak·w/,,,,wood,,medial,,,,,,,,,,,,,,,,,,√wepak·wi,V,AI,"swing an axe, throw something",,CH1948b;0064
,Hockett,CH1948b,0064,pot,,pota1247,,POT:5,,√at/,,,,"exist, be",,medial,,,,,,,,,,,,,,,,kUšatUs,,,V,AI,be glad,,CH1948b;0064,pUmatUs,,,V,AI,be alive,,CH1948b;0064,pUmatUk·ᵃ/ₑ,,,V,AI,swim along,,CH1948b;0064,kUkatUs,,,V,AI,be rich,,CH1948b;0064
,Hockett,CH1948b,0064,pot,,pota1247,,POT:5,,√en/,,,,think,,medial,,,,,,,,,,,,,,,,kUk·enUtUm,,,V,AI,think,,CH1948b;0064,nenUtUm,,,V,AI,remember,,CH1948b;0064,OnenUtUm,,,V,AI,forget,,CH1948b;0064
,Hockett,CH1948b,0064,pot,,pota1247,,POT:5,,√wek/,,,,sound,,medial,,,,,,,,,,√we/,,,,,,UšUwe,,,V,AI,"say so, tell so",,CH1948b;0064
,Hockett,CH1948b,0064,pot,,pota1247,,POT:5,,√wewek/,,,,sound,,medial,,Y,,,,,,,,,,,,,,UnUwewekUs,,,V,AI,make a noise,,CH1948b;0064,UnUwewekUt,,,V,II,make a noise,,CH1948b;0064,,,,,,,,,,,,,,,,,,,,,,,,,,"GVM: p.64: though listed as a medial, it is also described as reduplicated, but Hockett explains that reduplication of medials is no longer productive"
,Hockett,CH1948b,0064,pot,,pota1247,,POT:5,,√če/,,,,round object,,medial,,,,,,,,,,,,,,,,UtUtUpUčewepUn,,,V,TA,roll,,CH1948b;0064,UtUtUpUčewepUn,,,V,TI,roll,,CH1948b;0064,pitUkečeˀ,,,V,TI,roll in,,CH1948b;0064
,Hockett,CH1948b,0064,pot,,pota1247,,POT:5,,√n/,,,,instrument,,final,N,,,Y,AI
,Hockett,CH1948b,0064,pot,,pota1247,,POT:5,,√k·an/,,,,"instrument, means",,final,N,,,Y,N
,Hockett,CH1948b,0065,pot,,pota1247,,POT:5,,√apo/,,,,liquid,,final,,,,,,,,,,√apa/
,Hockett,CH1948b,0065,pot,,pota1247,,POT:5,,√siw/,,,,sour,,initial
,Hockett,CH1948b,0065,pot,,pota1247,,POT:5,,√k·e/,,,,occurs in verbs of producing,,final,AI,,,Y,N
,Hockett,CH1948b,0065,pot,,pota1247,,POT:5,,√ke/,,,,verbs of action on indefinite object,,final,AI,,,Y,V
,Hockett,CH1948b,"0065,0068",pot,,pota1247,,POT:5,,√to/,,,,NG,,final,TI,,,,,,,,,√ta/,__√ke/,,,,,,,√macito,V,TI,take,,CH1948b;0065,,,nUš·OnačUto,V,TI,destroy,,CH1948b;0068,,,,,,,,,,,,,,,,,√t·o,√to/,,,,N,√to,,,GVM: p. 68 chart discusses formatives
,Hockett,CH1948b,"0065,0068",pot,,pota1247,,POT:5,,√w/,,,,NG,,final,TA,,,,,,,,,√a/,__√ke/
,Hockett,CH1948b,0065,pot,,pota1247,,POT:5,,√we/,,,,verbs of action on indefinite object,,final,AI,,,Y,TA
,Hockett,CH1948b,0065,pot,,pota1247,,POT:5,,√ya/,,,,NG,,final,II,,,,,Us
,Hockett,CH1948b,0065,pot,,pota1247,,POT:5,,√n/,,,,NG,,final,AI
,Hockett,CH1948b,0066,pot,,pota1247,,POT:5,,√te,,,,NG,,final,II
,Hockett,CH1948b,0066,pot,,pota1247,,POT:5,,√i,,,,NG,,final,AI
,Hockett,CH1948b,0066,pot,,pota1247,,POT:5,,√kwam,,,,sleep,,final,AI,,CONCR
,Hockett,CH1948b,"0066,0067",pot,,pota1247,,POT:5,,√m,,,,NG,,final,TA
,Hockett,CH1948b,"0066,0067,0068",pot,,pota1247,,POT:5,,√t,,,,NG,,final,TI,,,,,,,,,,,,,,,,,,,,,,,,,,,,,,,,,,,,,,,,,,,,,,,√t,,,,,N,√t,,,GVM: p. 68 chart discusses formatives
,Hockett,CH1948b,0066,pot,,pota1247,,POT:5,,√tat,,,,reciprocal,,final,AI
,Hockett,CH1948b,0066,pot,,pota1247,,POT:5,,√tatiy,,,,reciprocal,,final,AI
,Hockett,CH1948b,0067,pot,,pota1247,,POT:5,,√ay/,,,,passive,,final,AI,,,Y,TA,,,,,asO,only in nUkoˀwasO be buried,UkasO,,UčUkasO,may be a complex final
,Hockett,CH1948b,"0067,0068",pot,,pota1247,,POT:5,,√ˀ,,,,NG,,final,TA,,,,,,,,√t·o,,,,,,,,,,,,,,,,,,,,,,,,,,,,,,,,,,,,,,,,,,,,√ˀ,√to,,,GVM: p. 68 chart discusses formatives
,Hockett,CH1948b,"0067,0068",pot,,pota1247,,POT:5,,√t·o,,,,NG,,final,TI,,,,,,,√ˀ
,Hockett,CH1948b,0067,pot,,pota1247,,POT:5,,√m,,,,NG,,final,TA,,,,,,,,√t,Um
,Hockett,CH1948b,0067,pot,,pota1247,,POT:5,,√t,,,,NG,,final,TI,,,,,,,√m,,Ut
,Hockett,CH1948b,"0067,0068",pot,,pota1247,,POT:5,,√n,,,,NG,,final,TA,,,,,,,,√n
,Hockett,CH1948b,"0067,0068",pot,,pota1247,,POT:5,,√n,,,,NG,,final,TI,,,,,,,√n
,Hockett,CH1948b,0068,pot,,pota1247,,POT:5,,√t,,,,relates action to object,,final,TI,,,Y,AI,,,t·Uw
,Hockett,CH1948b,0068,pot,,pota1247,,POT:5,,√m,,,,relates action to object,,final,TA
,Hockett,CH1948b,0069,pot,,pota1247,,POT:5,,√in,,,,"self, mild intensive",,medial,,,,,,,,,,√i,___#n
,Hockett,CH1948b,0070,pot,,pota1247,,POT:5,,√ič,,,,fellow-,,medial
,Hockett,CH1948b,0070,pot,,pota1247,,POT:5,,√s,,,,diminutive,,final,,,,Y,,,,,,√es,,√kas·,,√k·as·,,,,,,,,,,,,,,,,,,,,,,,,,,,,,,,,,,,,,,,,,,,"GVM: p. 70 -- it's unclear whether these are allomorphs, other types of diminutives, or pejoratives, but this seems the best guess"
,Hockett,CH1948b,0071,pot,,pota1247,,POT:5,,√š,,,,pejorative,,final,,,,,,,,,,,,,,,,,,,,,,,,,,,,,,,,,,,,,,,,,,,,,,,,,,,,,,,,,"GVM: p. 71 - like diminutive, this is discussed as a final in the source"
,Lockwood,HTL2017,0031,pot,,pota1247,,POT:WNALP,,od-,,,,"from there, reason why",,initial,RR,,,,,,,,,,,,,,,,,,,,,,,,,,,,,,,,,,,,,,,,,,,,,,,,,,,,,,,,"allomorph: /oʤ-/, /oz-/"
,Lockwood,HTL2017,0032,pot ,,pota1247,,POT:WNALP,,na:d-,,,,go after,,initial
,Lockwood,HTL2017,0033,pot,,pota1247,,POT:WNALP,,a:bǝz-,,,,continually,,initial,,,,,,,,,,,,,,,,,,,,,,,,,,,,,,,,,,,,,,,,,,,,,,,,,,,,,,,Y,,"""likely derived from /a:bǝd-/ 'continually' though this form is not attested in Potawatomi"""
