Component ID,Author Surname,Source Code,Page #,ISO code,Dialect,Glottocode,Form (original orthography),Orthography Key Code,Form (project orthography),UR (if given; if different),UR (project orthography),PA form (original orthography),PA form (project orthography),Translation,Project Definition,Component Type,Subcategory,Initial: Reduplicated,Final: concrete / abstract,Final: secondary (y/n/b),Base Category (if secondary)-A,Match AI,Match II,Match TA,Match TI,Allomorph-A,Condition-A,Component occurs in stem (orig. orth)-A,Component occurs in stem (proj. orth)-A,Stem UR-A,Stem category-A,Stem subcategory-A,Stem translation-A,Secondary stem-A,Stem Source-A,Component occurs in stem (orig. orth)-B,Component occurs in stem (proj. orth)-B,Stem UR-B,Stem category-B,Stem subcategory-B,Stem translation-B,Secondary stem-B,Stem Source-B,Formative/component occurs in what component(s)-A,Contains component (enter)-A,Contains formative (enter)-A,Deverbal (y/n),Deverbal from,Comments,,Speaker,1st check done,2nd check done
1,Bloomfield,LB1927b,0395,,,,-*at-ehtaw,PCA:1,,,,,,cold,,final,TI
2,Bloomfield,LB1927b,0399,,,,-*sit-,PCA:1,,,,,,foot,,medial
3,Bloomfield,LB1927b,0400,,,,-*sitä-,PCA:1,,,,,,foot,,medial
4,Bloomfield,LB1927b,0400,,,,-ä-,PCA:1,,,,,,NG,,final
5,Bloomfield,LB1927b,0400,,,,-ä-,PCA:1,,,,,,NG,,postmedial
6,Bloomfield,LB1927b,0396,,,,-äle-m-,PCA:1,,,,,,thought,,final
7,Bloomfield,LB1927b,0396,,,,-äle-nt-,PCA:1,,,,,,thought,,final
8,Bloomfield,LB1927b,0400,,,,-ēpit-,PCA:1,,,,,,tooth,,medial,AnimDep
9,Bloomfield,LB1927b,0400,,,,-θcentcy-,PCA:1,,,,,,hand,,medial
10,Bloomfield,LB1925b,0144,,,,*-'lä-,PCA:1,,,,,,"fly, rush",,final,unk.
11,Bloomfield,LB1925b,0135,,,,*-'θeny-,PCA:1,,,,,,eat,,medial
12,Bloomfield,LB1925b,0135,,,,*-ä-,PCA:1,,,,,,NG,,final,AI
13,Bloomfield,LB1925b,0137,,,,*-ä-,PCA:1,,,,,,NG,,postinitial
14,Haas,MH1958a,0243,,,,*-a·htekw-,PCA:2,,,,,,tree,,medial
14,Haas,MH1958b,0253,,,,*-a·htekw-,PCA:2,,,,,,"tree, wood",,medial
14,Haas,MH1958c,0161,,,,*-a·htekw-,PCA:2,,,,,,tree,,medial
15,Haas,MH1958b,0248,,,,*-a·pe·w-,PCA:2,,,,,,male,,final,N,,,Y
15,Haas,MH1958c,0166,,,,*-a·pe·w-,PCA:2,,,,,,male,,final,N,,,Y
16,Haas,MH1958c,0167,,,,*-a·pit-,PCA:2,,,,,,tooth,,medial
17,Bloomfield,LB1925b,"0142, 0149",,,,*-a'θemw-,PCA:1,,,,,,dog,,medial,,,,,,,,,,,,,,,,,,,,,,,,,,,,,,,,,"""non-initial element"""
18,Bloomfield,LB1927b,"0394,0395",,,,*-ah-,PCA:1,,,,,,by tool,,final,TI,,,,,,,*-ahw-
18,Bloomfield,LB1925b,0132,,,,*-ah-,PCA:1,,,,,,act by tool on inanimate object,,final,TI
19,Bloomfield,LB1925b,0154,,,,*-ahanθ-,PCA:1,,,,,,track,,final,TA
20,Bloomfield,LB1927b,"0394,0395",,,,*-ahw-,PCA:1,,,,,,by tool,,final,TA,,,,,,,,*-ah-
20,Bloomfield,LB1925b,0139,,,,*-ahw-,PCA:1,,,,,,act by tool on animate object,,final,TA
20,Bloomfield,LB1925b,0141,,,,*-ahw-,PCA:1,,,,,,act on by tool,,final,TA
21,Bloomfield,LB1927b,0399,,,,*-ak-,PCA:1,,,,,,NG,,postmedial
21,Haas,MH1958a,0241,,,,*-ak-,PCA:2,,,,,,NG
21,Bloomfield,LB1925b,0140,,,,*-ak-,PCA:1,,,,,,NG ,,postmedial
22,Bloomfield,LB1927b,0398,,,,*-ākan-,PCA:1,,,,,,NG,,final,N,,,Y,V
23,Bloomfield,LB1927b,0401,,,,*-ākunä-,PCA:1,,,,,,snow,,medial
24,Bloomfield,LB1925b,0148,,,,*-alakatckw-,PCA:1,,,,,,palate,,medial
25,Bloomfield,LB1925b,0133,,,,*-äle-,PCA:1,,,,,,thought ,,medial
25,Bloomfield,LB1925b,0150,,,,*-äle-,PCA:1,,,,,,thought,,medial
26,Bloomfield,LB1925b,0139,,,,*-am-,PCA:1,,,,,,"eat, smell",,final,TA
27,Bloomfield,LB1927b,0400,,,,*-amäkw-,PCA:1,,,,,,fish,,medial
28,Bloomfield,LB1925b,0138,,,,*-amaw-,PCA:1,,,,,,to or for animate object,,final,TA
29,Bloomfield,LB1925b,0145,,,,*-ant-,PCA:1,,,,,,NG,,final,TI
30,Bloomfield,LB1925b,"0143, 0145",,,,*-āp-,PCA:1,,,,,,look,,final,unk.,,CONCR
31,Bloomfield,LB1927b,0397,,,,*-āpam-,PCA:1,,,,,,NG,,final
32,Bloomfield,LB1927b,0397,,,,*-āpan-,PCA:1,,,,,,NG,,final,,,,,,,,,,,,,,,,,,,,,,,,,,,,,,,Y
33,Bloomfield,LB1927b,0397,,,,*-āpant-,PCA:1,,,,,,NG,,final
34,Bloomfield,LB1927b,0398,,,,*-āpexk-,PCA:1,,,,,,"stone, solid of similar consistency",,medial
35,Bloomfield,LB1925b,0143,,,,*-api-,PCA:1,,,,,,sit,,final,unk.
36,Bloomfield,LB1927b,0397,,,,*-āpi-,PCA:1,,,,,,NG,,final,,,,,,,,,,,,,,,,,,,,,,,,,,,,,,,Y
37,Bloomfield,LB1927b,0397,,,,*-āpimin-,PCA:1,,,,,,NG,,final
38,Bloomfield,LB1927b,0400,,,,*-apitä-,PCA:1,,,,,,tooth,,medial
39,Bloomfield,LB1927b,0400,,,,*-apitak-,PCA:1,,,,,,tooth,,medial
40,Bloomfield,LB1927b,0397,,,,*-āpusw-,PCA:1,,,,,,NG,,final
41,Bloomfield,LB1927b,0399,,,,*-āpyä-,PCA:1,,,,,,"string, elongated object",,medial
42,Bloomfield,LB1927b,0399,,,,*-āpyäk-,PCA:1,,,,,,"string, elongated object",,medial
43,Bloomfield,LB1927b,0395,,,,*-at-,PCA:1,,,,,,cold,,prefinal
44,Bloomfield,LB1927b,0399,,,,*-at-,PCA:1,,,,,,NG,,final
44,Bloomfield,LB1925b,0139,,,,*-at-,PCA:1,,,,,,NG ,,final,II,,ABSTR
45,Bloomfield,LB1925b,"0132, 0133",,,,*-āt-,PCA:1,,,,,,"way of being, character ",,final,AI
46,Bloomfield,LB1927b,0395,,,,*-at-em-,PCA:1,,,,,,cold,,final,TA
47,Bloomfield,LB1927b,0395,,,,*-at-en-,PCA:1,,,,,,cold,,final,II
48,Bloomfield,LB1927b,0397,,,,*-atawāpi-,PCA:1,,,,,,try to see,,final
49,Bloomfield,LB1927b,0395,,,,*-atc-i-,PCA:1,,,,,,cold,,final,AI
50,Bloomfield,LB1927b,0397,,,,*-āwataw-,PCA:1,,,,,,NG,,final
51,Bloomfield,LB1927b,0397,,,,*-āwaθ-,PCA:1,,,,,,NG,,final
52,Bloomfield,LB1927b,0401,,,,*-āwikanä-,PCA:1,,,,,,snow,,medial
53,Bloomfield,LB1925b,0136,,,,*-axkī-,PCA:1,,,,,,land,,medial
54,Bloomfield,LB1927b,0398,,,,*-āxkw-,PCA:1,,,,,,wood,,medial
54,Bloomfield,LB1925b,0142,,,,*-āxkw-,PCA:1,,,,,,"wood, solid",,medial
55,Bloomfield,LB1927b,0398,,,,*-āxkwä-,PCA:1,,,,,,wood,,medial
56,Haas,MH1958b,"0237,0252",,,,*-aθany-,PCA:2,,,,,,tail,,medial
57,Bloomfield,LB1925b,0137,,,,*-ē-hk-aw-,PCA:1,,,,,,"frequent, annoy, injure an animate object by foot or body movement",,final,TA
58,Haas,MH1958b,0245,,,,*-e·hθ-,PCA:2,,,,,,father
59,Bloomfield,LB1925b,0137,,,,*-eck-aw-,PCA:1,,,,,,foot or body movement on animate object,,final,TA
60,Bloomfield,LB1925b,0151,,,,*-ecw-,PCA:1,,,,,,cut ,,final,TA
61,Bloomfield,LB1925b,0143,,,,*-ehk-,PCA:1,,,,,,"by foot, go",,final,unk.
62,Bloomfield,LB1925b,0137,,,,*-eht-aw-,PCA:1,,,,,,hear animate object,,final,TA
63,Bloomfield,LB1925b,"0137, 0139, 0151",,,,*-ekw-,PCA:1,,,,,,undergoing ,,final,INTR.,,,Y,TRANS
64,Bloomfield,LB1927b,0394,,,,*-el-,PCA:1,,,,,,by shot,,final,TI,,,,,,,,*-el-
64,Haas,MH1958b,"0237,0251",,,,*-el-,PCA:2,,,,,,shoot,,final,TI,,,,,,,*-elaw-
65,Bloomfield,LB1927b,0394,,,,*-elaw-,PCA:1,,,,,,by shot,,final,TA
65,Haas,MH1958b,0251,,,,*-elaw-,PCA:2,,,,,,shoot,,final,TA,,,,,,,,*-el-
65,Bloomfield,LB1925b,0148,,,,*-elaw-,PCA:1,,,,,,shoot,,final,TA
66,Haas,MH1958c,0165,,,,*-en-,PCA:2,,,,,,do with hand,,final
66,Bloomfield,LB1925b,"0136, 0137",,,,*-en-,PCA:1,,,,,,action on object by hand,,final,TRANS,,CONCR
67,Bloomfield,LB1925b,0153,,,,*-en-,PCA:1,,,,,,NG,,final,II
68,Bloomfield,LB1927b,0399,,,,*-epyä-,PCA:1,,,,,,liquid,,medial
68,Bloomfield,LB1925b,0144,,,,*-epyä-,PCA:1,,,,,,liquid ,,medial
69,Bloomfield,LB1927b,0399,,,,*-epyäk-,PCA:1,,,,,,liquid,,medial
70,Bloomfield,LB1927b,0399,,,,*-esi-,PCA:1,,,,,,NG,,final
70,Bloomfield,LB1925b,"0132, 0140",,,,*-esi-,PCA:1,,,,,,NG,,final,AI,,ABSTR
71,Haas,MH1958b,0246,,,,*-ešk-,PCA:2,,,,,,(action) by foot,,final
72,Bloomfield,LB1927b,0399,,,,*-etcyä-,PCA:1,,,,,,"belly, small, usually round, body",,medial
72,Bloomfield,LB1925b,0154,,,,*-etcyä-,PCA:1,,,,,,"belly, round small body",,medial
73,Bloomfield,LB1925b,"0136,0137",,,,*-etu-,PCA:1,,,,*-etwe-,,reciprocal,,final,AI,,,,,,,,,*-etī-
74,Bloomfield,LB1925b,0142,,,,*-ēwi,PCA:1,,,,,,NG,,final,AI,,,Y,NA,,,,,,,,,,,,,,,,,,,,,,,,,,,,"""forming denominative verbs"""
74,Bloomfield,LB1927b,"0396,0397",,,,*-ēwi-,PCA:1,,,,,,NG,,final,,,,Y,N
75,Bloomfield,LB1927b,0400,,,,*-exkwäw-,PCA:1,,,,,,woman,,medial
76,Bloomfield,LB1927b,0400,,,,*-exkwäwä-,PCA:1,,,,,,woman,,medial,INTR.
77,Bloomfield,LB1925b,0133,,,,*-h-,PCA:1,,,,,,causative,,final,TA,,,Y,AI
78,Bloomfield,LB1925b,0145,,,,*-h-,PCA:1,,,,,,NG,,final,TA
79,Bloomfield,LB1927b,0395,,,,*-hc-im-,PCA:1,,,,,,"fall, lie",,final,TA
79,Bloomfield,LB1925b,0141,,,,*-hc-im-,PCA:1,,,,,,lay an animate object,,final,TA
80,Bloomfield,LB1927b,0395,,,,*-hc-imu-,PCA:1,,,,,,"fall, lie",,final,AI
81,Bloomfield,LB1927b,0395,,,,*-hc-in,PCA:1,,,,,,"fall, lie",,final,AI
81,Bloomfield,LB1925b,"0140, 0141",,,,*-hc-in-,PCA:1,,,,,,"fall, lie",,final,AI
82,Bloomfield,LB1927b,0401,,,,*-hcim-,PCA:1,,,,,,"lay, throw an inanimate object",,final
83,Haas,MH1958b,0237,,,,*-hkwe·-,PCA:2,,,,,,neck,,medial
83,Haas,MH1958b,0248,,,,*-hkwe·-,PCA:2,,,,,,neck,,medial
84,Bloomfield,LB1925b,0145,,,,*-htā-,PCA:1,,,,,,NG,,final,TI,,,,,,,*-h-
85,Haas,MH1958b,0245,,,,*-hta·waka·y-,PCA:2,,,,,,ear,,medial
86,Bloomfield,LB1925b,0145,,,,*-htaw-,PCA:1,,,,,,NG,,final,TI,,,,,,,*-h-
87,Bloomfield,LB1925b,0145,,,,*-htō-,PCA:1,,,,,,NG,,final,TI,,,,,,,*-h-
88,Bloomfield,LB1927b,0395,,,,*-hθ-,PCA:1,,,,,,"fall, lie",,prefinal
89,Bloomfield,LB1925b,"0136, 0153",,,,*-hθ-,PCA:1,,,,,,"fall, lie",,final,unk.,,CONCR
90,Bloomfield,LB1927b,0395,,,,*-hθ-en-,PCA:1,,,,,,"fall, lie",,final,II
91,Bloomfield,LB1927b,0395,,,,*-hθ-etaw-,PCA:1,,,,,,"fall, lie",,final,TI
92,Bloomfield,LB1927b,0393,,,,*-i,PCA:1,,,,,,NG,,final,PART
93,Bloomfield,LB1925b,0135,,,,*-i-,PCA:1,,,,,,NG,,final,AI
94,Bloomfield,LB1925b,0144,,,,*-ī-,PCA:1,,,,,,NG,,prefinal
95,Haas,MH1958b,0237,,,,*-i·n-,PCA:2,,,,,,name,,medial
96,Haas,MH1958c,0167,,,,*-i·pit,PCA:2,,,,,,tooth,,medial,Dep
97,Haas,MH1958b,0247,,,,*-i·ši,PCA:2,,,,,,head,,final,N
98,Haas,MH1958b,0247,,,,*-i·θ-,PCA:2,,,,,,head,,medial
99,Bloomfield,LB1925b,"0136, 0153",,,,*-in-,PCA:1,,,,,,NG,,final,AI
100,Haas,MH1958b,0248,,,,*-iti,PCA:2,,,,,,reciprocal,,final,AI
101,Bloomfield,LB1925b,0141,,,,*-iw-,PCA:1,,,,,,NG,,final,unk.
102,Bloomfield,LB1927b,0395,,,,*-k-,PCA:1,,,,,,NG,,prefinal
103,Bloomfield,LB1925b,0152,,,,*-kä-,PCA:1,,,,,,action on things,,final,AI,,,,,,,,,,,,,,,,,,,,,,,,,,,,,,,,"""deverbative suffix"""
104,Bloomfield,LB1927b,0399,,,,*-kamy-,PCA:1,,,,,,"water, liquid",,medial
105,Bloomfield,LB1927b,0396,,,,*-kan-,PCA:1,,,,,,NG,,final,N,,,Y,TI
106,Bloomfield,LB1925b,0141,,,,*-kāpawi-,PCA:1,,,,,,stand,,final,AI
107,Bloomfield,LB1925b,0141,,,,*-kātä-,PCA:1,,,,,,leg,,medial
108,Bloomfield,LB1925b,0144,,,,*-kātä-,PCA:1,,,,,,undergoing ,,final,II
109,Haas,MH1958b,0246,,,,*-l,PCA:2,,,,,,transitivizing,,final,TRANS
110,Bloomfield,LB1927b,0397,,,,*-leniw-,PCA:1,,,,,,NG,,final
111,Bloomfield,LB1925b,0134,,,,*-lenιw-,PCA:1,,,,,,man,,medial
112,Bloomfield,LB1925b,0133,,,,*-m-,PCA:1,,,,,,action by speech or thought,,final,TA
113,Bloomfield,LB1925b,0150,,,,*-m-u-,PCA:1,,,,,,by speech or thought ,,postradical,AI
114,Bloomfield,LB1927b,"0395,0396",,,,*-min-,PCA:1,,,,,,"grain, berry, fruit",,final,N,,,B
115,Bloomfield,LB1925b,0139,,,,*-myā-,PCA:1,,,,,,smell,,medial
116,Bloomfield,LB1925b,0144,,,,*-näh-,PCA:1,,,,,,seek ,,final,TI
117,Bloomfield,LB1925b,0148,,,,*-nähw-,PCA:1,,,,,,seek,,final,TA
118,Bloomfield,LB1925b,0148,,,,*-naθ-,PCA:1,,,,,,assail ,,final,unk.
119,Bloomfield,LB1925b,0141,,,,*-nexkä-,PCA:1,,,,,,arm,,medial
120,Bloomfield,LB1925b,0138,,,,*-nt-,PCA:1,,,,,,action on inanimate object,,final,TI
121,Bloomfield,LB1925b,0139,,,,*-ōθ-,PCA:1,,,,,,canoe,,medial
122,Bloomfield,LB1925b,"0144, 0150",,,,*-pa-,PCA:1,,,,,,run,,medial
123,Bloomfield,LB1925b,0151,,,,*-pu-,PCA:1,,*-pw- plus *-u-,,,,NG,,final,AI,,,,,,,,,,,,,,,,,,,,,,,,,,,,,,,,VMN: seen in verb *ackipowa 'he eats raw food'
124,Bloomfield,LB1925b,0148,,,,*-putä-,PCA:1,,,,,,affected by rapid handling,,final,II
125,Haas,MH1958b,0243,,,,*-pw-,PCA:2,,,,,,with mouth,,final
125,Haas,MH1958c,0166,,,,*-pw-,PCA:2,,,,,,"do with mouth, bite, eat",,final
125,Bloomfield,LB1925b,0151,,,,*-pw-,PCA:1,,,,,,,,final,TA
126,Haas,MH1958c,0165,,,,*-sit-,PCA:2,,,,,,foot,,medial
127,Haas,MH1958b,0245,,,,*-ški·nšekw-,PCA:2,,,,,,eye,,medial
128,Haas,MH1958b,0246,,,,*-šky-,PCA:2,,,,,,"hair, leaf, foliage",,medial
129,Haas,MH1958c,0171,,,,*-štikwa·n-,PCA:2,,,,,,head,,medial
130,Haas,MH1958c,0164,,,,*-ta·na,PCA:2,,,,,,daughter,,final
131,Haas,MH1958c,0167,,,,*-ta·teʔl-,PCA:2,,,,,,tell,,medial,,,,,,,,,,,,,,,,,,,,,,,,,,,,,,,,,"GVM: Notated like a medial, but makes more sense as an initial..."
132,Bloomfield,LB1925b,0145,,,,*-tcimä-,PCA:1,,,,,,paddle ,,final,AI
133,Haas,MH1958c,0165,,,,*-te·h-,PCA:2,,,,,,heart,,medial
134,Bloomfield,LB1927b,0399,,,,*-tempä-,PCA:1,,,,,,head,,medial
135,Haas,MH1958b,0248,,,,*-to·n-,PCA:2,,,,,,mouth,,medial
136,Bloomfield,LB1925b,0151,,,,*-u-,PCA:1,,,,,,NG,,final,AI,,,Y,TA,,,,,,,,,,,,,,,,,,,,,,,,,,,,"""derivative with meaning much like that of Indo-European middle voice"""
137,Bloomfield,LB1927b,0396,,,,*-uhθä-,PCA:1,,,,,,walk,,final
137,Bloomfield,LB1925b,0132,,,,*-uhθä-,PCA:1,,,,,,walk,,final,unk.
138,Bloomfield,LB1927b,0396,,,,*-usw-,PCA:1,,,,,,tailed animal,,final,N
139,Bloomfield,LB1927b,0395,,,,*-w-,PCA:1,,,,,,agentive,,final
140,Bloomfield,LB1927b,0398,,,,*-w-,PCA:1,,,,,,NG,,final,N
140,Bloomfield,LB1925b,0132,,,,*-w-,PCA:1,,,,,,NG,,final,N
141,Bloomfield,LB1925b,0140,,,,*-wäwä-,PCA:1,,,,,,noise,,medial
142,Haas,MH1958b,0252,,,,*-we·-,PCA:2,,,,,,sound,,initial,V
143,Bloomfield,LB1925b,0135,,,,*-wikä-,PCA:1,,,,,,dwell,,medial
144,Bloomfield,LB1925b,0134,,,,*-wikamik-,PCA:1,,,,,,house,,medial,,,,,,,,,,,,,,,,,,,,,,,,,,,,,,,,,"""non-initial element"""
145,Bloomfield,LB1925b,0135,,,,*-wikān-,PCA:1,,,,,,dwelling ,,medial
146,Bloomfield,LB1925b,0134,,,,*-xkwäw-,PCA:1,,,,,,woman ,,medial
147,Bloomfield,LB1925b,0139,,,,*-yā-,PCA:1,,,,,,NG,,final,II
148,Bloomfield,LB1925b,0144,,,,*-yā-,PCA:1,,,,,,go,,final,AI
149,Bloomfield,LB1927b,0400,,,,*-ʔcip-,PCA:1,,,,,,duck,,medial
150,Haas,MH1958b,0244,,,,*-ʔθ-,PCA:2,,,,,,older brother,,initial
151,Haas,MH1958c,0166,,,,*-θak-,PCA:2,,,,,,penis,,medial
152,Bloomfield,LB1925b,0145,,,,*-θcentcyä-,PCA:1,,,,,,"hand, finger",,medial
153,Bloomfield,LB1925b,0141,,,,*-θe'ciwä-,PCA:1,,,,,,testicles ,,medial
154,Haas,MH1958c,"0161,0164",,,,*-θen(cye·)-,PCA:2,,,,,,arm(finger),,medial
155,Haas,MH1958c,0167,,,,*a·htekw-,PCA:2,,,,,,"tree, stick",,medial
156,Haas,MH1958b,0248,,,,*a·p-,PCA:2,,,,,,look,,initial
157,Haas,MH1958a,0243,,,,*a·pye·k-,PCA:2,,,,,,"string, row",,medial
158,Bloomfield,LB1925b,0151,,,,*ack-,PCA:1,,,,,,"raw, fresh",,initial
159,Bloomfield,LB1925b,0140,,,,*acyä-,PCA:1,,,,,,backwards ,,initial
160,Bloomfield,LB1925b,0139,,,,*akwā-,PCA:1,,,,,,from water,,initial
160,Haas,MH1958b,0253,,,,*akwa·-,PCA:2,,,,,,from water,,initial
160,Haas,MH1958c,0167,,,,*akwa·-,PCA:2,,,,,,from water,,initial
161,Haas,MH1958b,0246,,,,*ame·kw-,PCA:2,,,,,,fish,,medial
162,Bloomfield,LB1925b,0151,,,,*atōt-,PCA:1,,,,,,on top of something ,,initial
163,Bloomfield,LB1927b,0397,,,,*awaθ-,PCA:1,,,,,,take animate object away,,initial
164,Bloomfield,LB1925b,0136,,,,*axky-,PCA:1,,,,,,land,,initial
165,Bloomfield,LB1925b,0150,,,,*axp-,PCA:1,,,,,,"on things, lean",,initial
166,Bloomfield,LB1927b,0397,,,,*aʔθemw-,PCA:1,,,,,,dog,,final
167,Bloomfield,LB1927b,0397,,,,*aθemw-,PCA:1,,,,,,dog,,initial
168,Bloomfield,LB1925b,0151,,,,*cōw-,PCA:1,,,,,,extend,,initial
169,Haas,MH1958b,0252,,,,*e·le-,PCA:2,,,,,,think,,final
170,Haas,MH1958c,0161,,,,*ehkw-,PCA:2,,,,,,louse,,initial
171,Bloomfield,LB1925b,0133,,,,*eθ-,PCA:1,,,,,,"thither, thus",,initial,RR
172,Bloomfield,LB1925b,0136,,,,*icp-,PCA:1,,,,,,high,,initial
173,Bloomfield,LB1927b,0395,,,,*ileni-,PCA:1,,,,,,man,,initial,,,,,,,,*-elaw-
174,Bloomfield,LB1927b,0395,,,,*iθ-,PCA:1,,,,,,"thus, thither",,initial,RR
175,Haas,MH1958b,0245,,,,*ka·sk-,PCA:2,,,,,,dry,,initial
176,Haas,MH1958a,0243,,,,*ka·šk-,PCA:2,,,,,,scrape,,initial
176,Haas,MH1958b,"0237,0251",,,,*ka·šk-,PCA:2,,,,,,scrape,,initial
177,Haas,MH1958b,0248,,,,*ka·t-,PCA:2,,,,,,"leg, foot",,medial
178,Haas,MH1958a,0243,,,,*ka·w-,PCA:2,,,,,,prickly,,initial
179,Haas,MH1958a,0243,,,,*kaHk-,PCA:2,,,,,,sharp,,initial
180,Haas,MH1958b,0244,,,,*kap-,PCA:2,,,,,,"dip, out of liquid",,initial
181,Bloomfield,LB1925b,0137,,,,*kaw-,PCA:1,,,,,,fall over,,initial
181,Bloomfield,LB1925b,0150,,,,*kaw-,PCA:1,,,,,,fall over,,initial
182,Haas,MH1958b,0243,,,,*kaθk-,PCA:2,,,,,,black,,initial
183,Haas,MH1958b,0252,,,,*kaθo·-,PCA:2,,,,,,talk,,initial
184,Bloomfield,LB1925b,0135,,,,*ke't-,PCA:1,,,,,,big,,initial
185,Bloomfield,LB1925b,0135,,,,*kēc-,PCA:1,,,,,,finish,,initial
186,Bloomfield,LB1925b,0132,,,,*kēck-,PCA:1,,,,,,sever,,initial
187,Bloomfield,LB1925b,0146,,,,*kek-,PCA:1,,,,,,NG,,initial,,,,,,,,,,,,,,,,,,,,,,,,,,,,,,,,,VMN: likely 'have' or related
188,Bloomfield,LB1925b,0148,,,,*kekyäp-,PCA:1,,,,,,absence of a sense,,initial,,Y
189,Haas,MH1958c,0170,,,,*keliw-,PCA:2,,,,,,hawk,,initial
190,Haas,MH1958c,0161,,,,*kemot-,PCA:2,,,,,,to steal,,initial
191,Haas,MH1958c,0167,,,,*kent-,PCA:2,,,,,,"soak, immerse",,initial
192,Haas,MH1958a,0243,,,,*kenw-,PCA:2,,,,,,long,,initial,,,,,,,,,,,,,,,,,,,,,,,,,,,,,,,,,GVM: These might be preverbs?
192,Haas,MH1958c,"0161,0166,0170",,,,*kenw-,PCA:2,,,,,,long,,initial
193,Haas,MH1958b,0244,,,,*kep-,PCA:2,,,,,,"closed, blocked",,initial
193,Bloomfield,LB1925b,0148,,,,*kep-,PCA:1,,,,,,"block, obstruct",,initial
194,Haas,MH1958c,"0167,0170",,,,*kesi·-,PCA:2,,,,,,"rub, wipe, wash",,initial
195,Haas,MH1958c,0165,,,,*kešit-,PCA:2,,,,,,hot,,initial,,,,,,,,,,,,,,,,,,,,,,,,,,,,,,,,,Extended root
196,Haas,MH1958b,0247,,,,*kešy-,PCA:2,,,,,,"hot, heat",,initial
196,Haas,MH1958c,0165,,,,*kešy-,PCA:2,,,,,,hot,,initial
197,Haas,MH1958b,0252,,,,*ketak-,PCA:2,,,,,,spotted,,initial
197,Haas,MH1958c,0167,,,,*ketak-,PCA:2,,,,,,spotted,,initial
198,Haas,MH1958a,0243,,,,*keʔt-,PCA:2,,,,,,"big, superlative",,initial,,,,,,,,,,,,,,,,,,,,,,,,,,,,,,,,,GVM: These might be preverbs?
199,Haas,MH1958b,0252,,,,*keθo·-,PCA:2,,,,,,talk,,initial
200,Haas,MH1958a,0243,,,,*ki·n-,PCA:2,,,,,,"grind, sharpen",,initial,,,,,,,,,,,,*ki·nt-,,,V,TI,"grind, sharpen",,MH1958a;0243,*ki·nl-,,,V,TA,"grind, sharpen",,MH1958a;0243,,,,,,p. 243: only exists in combination with finals *-t- or *-l-
200,Haas,MH1958b,0251,,,,*ki·n-,PCA:2,,,,,,"sharpen, grind",,initial
201,Haas,MH1958c,0165,,,,*ki·š-,PCA:2,,,,,,finish,,initial
202,Haas,MH1958c,0164,,,,*ki·šehk-,PCA:2,,,,,,cedar,,initial,,,,,,,,,,,,,,,,,,,,,,,,,,,,,,,,,GVM: Probably a stem?
203,Haas,MH1958b,0244,,,,*ki·šek-,PCA:2,,,,,,"day, sky",,initial
203,Haas,MH1958c,0164,,,,*ki·šek-,PCA:2,,,,,,"day, sky",,initial
204,Haas,MH1958a,0243,,,,*ki·šk-,PCA:2,,,,,,"sever, cut through",,initial
204,Haas,MH1958b,"0237,0244",,,,*ki·šk-,PCA:2,,,,,,cut,,initial
205,Haas,MH1958a,0242,,,,*ki·t-,PCA:2,,,,,,sore,,initial
206,Haas,MH1958b,0252,,,,*ko·n-,PCA:2,,,,,,snow,,initial
207,Haas,MH1958c,0165,,,,*kosekw-,PCA:2,,,,,,heavy,,initial
208,Haas,MH1958a,0242,,,,*kot-,PCA:2,,,,,,try,,initial
209,Haas,MH1958b,0248,,,,*kot-,PCA:2,,,,,,"one, other",,initial
209,Haas,MH1958c,"0161,0166,0171",,,,*kot-,PCA:2,,,,,,one,,initial,NUM
210,Haas,MH1958b,0253,,,,*kotekw-,PCA:2,,,,,,"turn, circle",,initial
211,Haas,MH1958c,"0165,0171",,,,*koʔ-,PCA:2,,,,,,fear,,initial
212,Haas,MH1958c,0167,,,,*kwa·p-,PCA:2,,,,,,out of water,,initial
213,Haas,MH1958a,0242,,,,*kwan-,PCA:2,,,,,,swallow,,initial
213,Haas,MH1958b,0237,,,,*kwan-,PCA:2,,,,,,swallow,,initial
213,Haas,MH1958b,0252,,,,*kwan-,PCA:2,,,,,,"swallow, throat",,initial
214,Haas,MH1958a,0241,,,,*kwet-,PCA:2,,,,,,"one, other",,initial
214,Haas,MH1958b,"0237,0249",,,,*kwet-,PCA:2,,,,,,one,,initial
214,Haas,MH1958c,"0161,0166,0171",,,,*kwet-,PCA:2,,,,,,one,,initial,NUM
215,Haas,MH1958b,"0237,0253",,,,*kwetekw-,PCA:2,,,,,,turn,,initial,,,,,,,,,,,,,,,,,,,,,,,,,,,,,,,,,GVM: I think these might be stems
216,Haas,MH1958a,0242,,,,*kweʔ-,PCA:2,,,,,,fear,,initial
216,Haas,MH1958c,0171,,,,*kweʔ-,PCA:2,,,,,,fear,,initial
217,Haas,MH1958b,0253,,,,*kwi·škwihθ-,PCA:2,,,,,,whistle,,initial
217,Haas,MH1958c,0167,,,,*kwi·škwihθ-,PCA:2,,,,,,whistle,,initial
218,Haas,MH1958b,0247,,,,*kya·-,PCA:2,,,,,,"hide, conceal",,initial
218,Haas,MH1958c,0165,,,,*kya·-,PCA:2,,,,,,"hide, conceal",,initial
219,Haas,MH1958b,0244,,,,*le·-,PCA:2,,,,,,breathe,,initial
220,Haas,MH1958b,0252,,,,*le·p-,PCA:2,,,,,,tapering at base,,initial,,,,,,,,,,,,,,,,,,,,,,,,,,,,,,,,,"p. 252 ""could be *θe·p-"""
221,Haas,MH1958b,0251,,,,*lo·k-,PCA:2,,,,,,"skin, hide",,initial,,,,,,,,,,,,,,,,,,,,,,,,,,,,,,,,,"p. 251 ""could be *θo·k-"""
222,Haas,MH1958b,0252,,,,*lo·p-,PCA:2,,,,,,swing,,initial,V
223,Haas,MH1958b,0246,,,,*mak-,PCA:2,,,,,,grease,,,,,,,,,,,,,,*nama·kw-,,,N,,grease (?),,MH1958b;0246,,,,,,,,,,,,,,GVM: (?) in stem A is from Haas p. 256
224,Bloomfield,LB1925b,0136,,,,*makw-,PCA:1,,,,,,rounded lump on a surface,,initial
225,Bloomfield,LB1925b,0143,,,,*māt-,PCA:1,,,,,,"start, move, begin",,initial
226,Bloomfield,LB1925b,0139,,,,*me'tekw-,PCA:1,,,,,,wood,,initial
227,Haas,MH1958c,0166,,,,*meçkw-,PCA:2,,,,,,red,,initial
227,Bloomfield,LB1925b,0139,,,,*meçkw-,PCA:1,,,,,,red,,initial
228,Haas,MH1958c,0166,,,,*mehθ-,PCA:2,,,,,,firewood,,initial,,,,,,,,,,,,,,,,,,,,,,,,,,,,,,,,,"GVM: Unsure about this one, has an alternate form that looks odd too"
229,Bloomfield,LB1927b,0397,,,,*melw-,PCA:1,,,,,,well,,initial
230,Haas,MH1958c,0164,,,,*melwi-,PCA:2,,,,,,beautiful,,initial
231,Haas,MH1958b,0251,,,,*meskw-,PCA:2,,,,,,"red, blood",,initial
232,Haas,MH1958b,0242,,,,*meʔši-,PCA:2,,,,,,big,,initial
233,Haas,MH1958b,"0237,0253",,,,*meʔtekw-,PCA:2,,,,,,tree,,initial,,,,,,,,,,,,,,,,,,,,,,,,,,,,,,,,,GVM: I think these might be stems
234,Bloomfield,LB1927b,"0397, 0401",,,,*meʔθ-,PCA:1,,,,,,big,,initial
234,Haas,MH1958b,0242,,,,*meʔθ-,PCA:2,,,,,,big,,initial
235,Haas,MH1958b,0253,,,,*mi·ka·-,PCA:2,,,,,,"fight, war",,initial
236,Haas,MH1958b,0244,,,,*mi·s-,PCA:2,,,,,,"defecate, stink",,initial,,,,,,,,,,,,,,,,,,,,,,,,,,,,,,,,,GVM: Might be stems?
237,Haas,MH1958b,0244,,,,*mi·t-,PCA:2,,,,,,"defecate, stink",,initial,,,,,,,,,,,,,,,,,,,,,,,,,,,,,,,,,GVM: Might be stems?
238,Haas,MH1958b,0246,,,,*mo·ški-,PCA:2,,,,,,fill,,initial
239,Haas,MH1958c,0165,,,,*mo·w-,PCA:2,,,,,,"excrement, soiled",,initial
240,Bloomfield,LB1925b,0139,,,,*mōw-,PCA:1,,,,,,soil ,,initial
241,Haas,MH1958b,0252,,,,*mya·-,PCA:2,,,,,,smell,,initial
242,Bloomfield,LB1925b,0137,,,,*naky-,PCA:1,,,,,,meet,,initial
243,Haas,MH1958b,"0237,0246",,,,*name·-,PCA:2,,,,,,fish,,initial,,,,,,,,,,,,*name·kw-,,,N,,fish,,MH1958b;0246,*name·w-,,,N,,sturgeon,,MH1958b;0246
244,Bloomfield,LB1927b,0397,,,,*nataw-,PCA:1,,,,,,seek,,initial
245,Bloomfield,LB1925b,0137,,,,*naxkw-,PCA:1,,,,,,correspond,,initial
246,Haas,MH1958b,"0237,0251",,,,*ne·w-,PCA:2,,,,,,see,,initial
246,Haas,MH1958c,0166,,,,*ne·w-,PCA:2,,,,,,see,,initial
247,Haas,MH1958b,0251,,,,*neki-,PCA:2,,,,,,shake,,initial
248,Haas,MH1958b,0237,,,,*nekwet-,PCA:2,,,,,,one,,initial
249,Bloomfield,LB1925b,0136,,,,*nēm-i-,PCA:1,,,,,,NG,,initial,,,,,,,,,,,,,,,,,,,,,,,,,,,,,,,,,likely 'dance'.
250,Bloomfield,LB1925b,0137,,,,*nenw-,PCA:1,,,,,,"recognize, know ",,initial
251,Haas,MH1958b,0251,,,,*nepa·-,PCA:2,,,,,,sleep,,initial
251,Haas,MH1958c,0166,,,,*nepa·-,PCA:2,,,,,,sleep,,initial
252,Haas,MH1958b,"0237,0244",,,,*nepe-,PCA:2,,,,,,die,,initial
253,Haas,MH1958b,"0237,0253",,,,*neʔθ-,PCA:2,,,,,,three,,initial
253,Haas,MH1958c,"0161,0167",,,,*neʔθ-,PCA:2,,,,,,three,,initial,NUM
254,Haas,MH1958b,0253,,,,*ni·š-,PCA:2,,,,,,two,,initial
254,Haas,MH1958c,"0161,0167",,,,*ni·š-,PCA:2,,,,,,two,,initial,NUM
255,Haas,MH1958a,0242,,,,*ni·šw-,PCA:2,,,,,,two,,initial
256,Haas,MH1958c,0166,,,,*no·çkwa·-,PCA:2,,,,,,lick,,initial
257,Haas,MH1958c,0166,,,,*no·cpina-,PCA:2,,,,,,pursue,,initial,,,,,,,,,,,,*no·cpina-tamwa,,,V,,he pursues it,,MH1958c;0166
258,Haas,MH1958c,0161,,,,*no·n-,PCA:2,,,,,,to suckle,,initial
258,Haas,MH1958c,"0167,0170",,,,*no·n-,PCA:2,,,,,,suckle,,initial
259,Bloomfield,LB1925b,0137,,,,*nōntaw-,PCA:1,,,,,,hear,,initial
260,Bloomfield,LB1925b,0148,,,,*nōtcp-,PCA:1,,,,,,"follow, pursue",,initial
261,Haas,MH1958c,0165,,,,*nye·w-,PCA:2,,,,,,four,,initial,NUM
262,Haas,MH1958b,0237,,,,*pa·θk-,PCA:2,,,,,,split,,initial
263,Haas,MH1958b,"0237,0242",,,,*pak-,PCA:2,,,,,,beat,,initial
264,Haas,MH1958b,0253,,,,*pat-,PCA:2,,,,,,wet,,initial
265,Bloomfield,LB1925b,0148,,,,*pe't-,PCA:1,,,,,,accident ,,initial
266,Haas,MH1958c,0167,,,,*pec-,PCA:2,,,,,,stink,,initial,,,,,,,,,,,,,,,,,,,,,,,,,,,,,,,,,"GVM: Marked with ""(?)"" in source"
267,Haas,MH1958b,0245,,,,*pelaw-,PCA:2,,,,,,far,,initial
268,Bloomfield,LB1925b,"0132,0133",,,,*pem-,PCA:1,,,,,,continuous movement through space or time,,initial
269,Haas,MH1958b,"0237,0251",,,,*pemw-,PCA:2,,,,,,shoot,,initial
270,Bloomfield,LB1927b,0397,,,,*pēnt-,PCA:1,,,,,,inside,,initial
271,Bloomfield,LB1925b,0135,,,,*pēnt-,PCA:1,,,,,,inside,,initial
272,Haas,MH1958b,0243,,,,*peQk-,PCA:2,,,,,,bloom,,initial,,,,,,,,,,,,,,,,,,,,,,,,,,,,,,,,,"Q= C other than n, s, š"
273,Haas,MH1958b,0253,,,,*peQš-,PCA:2,,,,,,touch,,initial,,,,,,,,,,,,,,,,,,,,,,,,,,,,,,,,,"Q= C other than n, s, š"
274,Haas,MH1958b,0244,,,,*pet-,PCA:2,,,,,,cover,,initial
275,Haas,MH1958b,0252,,,,*pet-,PCA:2,,,,,,stink,,initial
276,Haas,MH1958b,0244,,,,*peθak-,PCA:2,,,,,,"cure, heal",,initial,,,,,,,,,,,,,,,,,,,,,,,,,,,,,,,,,"GVM: p. 244 ""(could be *pelak-"")"
277,Bloomfield,LB1925b,0133,,,,*pōn-,PCA:1,,,,,,cease,,initial
278,Bloomfield,LB1925b,0140,,,,*pōxkw-,PCA:1,,,,,,break,,initial
279,Bloomfield,LB1927b,0394,,,,*py-,PCA:1,,,,,,hither,,initial,PART,,,,,,,,,,,*pyätaw-,,,V,TI,bring an inanimate object,Y,LB1927b;0394
280,Bloomfield,LB1927b,"0393,0396",,,,*pyät-,PCA:1,,,,,,hither,,initial,RR
280,Bloomfield,LB1925b,0139,,,,*pyät-,PCA:1,,,,,,hither,,initial,RR
281,Haas,MH1958b,0251,,,,*ša·k-,PCA:2,,,,,,"skin, stripped",,initial
282,Haas,MH1958c,0164,,,,*ša·kw-,PCA:2,,,,,,break,,initial,,,,,,,,,,,,,,,,,,,,,,,,,,,,,,,,,"GVM: Marked with ""(?)"" in source"
283,Haas,MH1958b,"0237,0253",,,,*ša·pw-,PCA:2,,,,,,through,,initial
284,Bloomfield,LB1927b,0401,,,,*säk-,PCA:1,,,,,,fright,,initial
284,Bloomfield,LB1925b,0133,,,,*säk-,PCA:1,,,,,,NG ,,initial,,,,,,,,,,,,,,,,,,,,,,,,,,,,,,,,,"likely 'fear', 'fright' or related "
285,Haas,MH1958b,0244,,,,*se·kw-,PCA:2,,,,,,"cry, weep",,initial,,,,,,,,,,,,,,,,,,,,,,,,,,,,,,,,,"GVM: p. 244: ""*se·kw- (or *si·kw- ?)"" Also, may be a stem?"
285,Haas,MH1958c,0164,,,,*se·kw-,PCA:2,,,,,,"cry, weep",,initial,,,,,,,,,,,,,,,,,,,,,,,,,,,,,,,,,"GVM: Marked with ""(?)"" in source"
286,Haas,MH1958c,0167,,,,*šeki-,PCA:2,,,,,,urinate,,initial
287,Haas,MH1958b,0244,,,,*si·kw-,PCA:2,,,,,,"cry, weep",,initial,,,,,,,,,,,,,,,,,,,,,,,,,,,,,,,,,"GVM: p. 244: ""*se·kw- (or *si·kw- ?)"" Also, may be a stem?"
287,Haas,MH1958c,0164,,,,*si·kw-,PCA:2,,,,,,"cry, weep",,initial,,,,,,,,,,,,,,,,,,,,,,,,,,,,,,,,,"GVM: Marked with ""(?)"" in source"
288,Haas,MH1958b,0245,,,,*si·n-,PCA:2,,,,,,extract liquid,,initial
289,Haas,MH1958b,"0237,0244",,,,*tahk-,PCA:2,,,,,,cold,,initial
290,Bloomfield,LB1925b,0139,,,,*tahk-,PCA:1,,,,,,cool,,initial
291,Bloomfield,LB1925b,0141,,,,*takw-,PCA:1,,,,,,with others,,initial
292,Bloomfield,LB1925b,0137,,,,*täp-,PCA:1,,,,,,"reach all the way, suffice",,initial
293,Bloomfield,LB1925b,0141,,,,*tātw-,PCA:1,,,,,,tear,,initial
294,Haas,MH1958b,0248,,,,*taw-,PCA:2,,,,,,open,,initial
295,Haas,MH1958b,0253,,,,*te·pw-,PCA:2,,,,,,true,,initial
296,Haas,MH1958b,0242,,,,*tep-,PCA:2,,,,,,acquire,,initial
297,Haas,MH1958b,0237,,,,*tepeθk-,PCA:2,,,,,,night,,initial
298,Bloomfield,LB1925b,0135,,,,*ul-,PCA:1,,,,,,arrange ,,initial
299,Bloomfield,LB1925b,0154,,,,*ump-,PCA:1,,,,,,up,,initial
300,Bloomfield,LB1925b,0154,,,,*unt-,PCA:1,,,,,,"thence, therefore",,initial
301,Bloomfield,LB1925b,0137,,,,*usām-,PCA:1,,,,,,excess ,,initial
302,Haas,MH1958b,0248,,,,*wa·p-,PCA:2,,,,,,look,,initial
303,Bloomfield,LB1927b,"0393,0396",,,,*wäp-,PCA:1,,,,,,begin,,initial
304,Bloomfield,LB1927b,"0394,0395",,,,*wāp-,PCA:1,,,,,,"light, look",,initial
305,Bloomfield,LB1925b,0150,,,,*wāp-,PCA:1,,,,,,white ,,initial
306,Bloomfield,LB1927b,0394,,,,*wāpeck-,PCA:1,,,,,,white,,initial
307,Bloomfield,LB1925b,0134,,,,*waxkit-,PCA:1,,,,,,"on top, over",,initial
308,Haas,MH1958c,0161,,,,*waθkan-,PCA:2,,,,,,bone,,initial
309,Bloomfield,LB1925b,0138,,,,*wē-,PCA:1,,,,,,name,,initial
310,Bloomfield,LB1925b,0135,,,,*wē'θeny-,PCA:1,,,,,,eat,,initial
311,Bloomfield,LB1925b,0137,,,,*wēn-,PCA:1,,,,,,dirty,,initial
312,Bloomfield,LB1925b,0139,,,,*wēnk-,PCA:1,,,,,,good taste or smell,,initial
313,Haas,MH1958c,0165,,,,*wi·k-,PCA:2,,,,,,"dwell, house",,initial
314,Haas,MH1958c,0170,,,,*wi·n-,PCA:2,,,,,,name,,initial
315,Haas,MH1958c,0170,,,,*wi·w-,PCA:2,,,,,,wife,,initial
