Proto_Algonquian,PA:6,‑*eʔθw‑,*‑eʔθw‑
Proto_Algonquian,PA:6,‑axkamekwe,*‑axkamekwe
Proto_Algonquian,PA:6,‑kašy‑,*‑kašy‑
Proto_Algonquian,PA:2,‑no·n‑,*‑noon‑
Proto_Algonquian,PA:6,*‑(a·‑)ntep‑,*‑(aa‑)ntep‑
Proto_Algonquian,PA:4,*‑(e)n‑,*‑(e)n‑
Proto_Algonquian,PA:4,*‑(e)ʔle:wa,*‑(e)ʔleewa
Proto_Algonquian,PA:6,*‑(e)ˀle·wa,*‑(e)ˀleewa
Proto_Algonquian,PA:6,*‑(i·‑)nkeθ‑,*‑(ii‑)nkeθ‑
Proto_Algonquian,PA:4,*‑a: pane,*‑aa pane
Proto_Algonquian,PA:4,*‑a:‑w,*‑aa‑w
Proto_Algonquian,PA:4,*‑a:hkwahki,*‑aahkwahki
Proto_Algonquian,PA:4,*‑a:htekw,*‑aahtekw
Proto_Algonquian,PA:4,*‑a:kan,*‑aakan
Proto_Algonquian,PA:4,*‑a:m,*‑aam
Proto_Algonquian,PA:4,*‑a:meHk‑,*‑aameHk‑
Proto_Algonquian,PA:4,*‑a:meHkw‑,*‑aameHkw‑
Proto_Algonquian,PA:4,*‑a:nkw‑,*‑aankw‑
Proto_Algonquian,PA:4,*‑a:pye:,*‑aapyee
Proto_Algonquian,PA:4,*‑a:towe,*‑aatowe
Proto_Algonquian,PA:6,*‑a·‑,*‑aa‑
Proto_Algonquian,PA:6,*‑a·ht‑,*‑aaht‑
Proto_Algonquian,PA:1,*‑aahtekw,*‑aahtekw
Proto_Algonquian,PA:6,*‑a·k‑,*‑aak‑
Proto_Algonquian,PA:6,*‑a·kan‑,*‑aakan‑
Proto_Algonquian,PA:6,*‑a·kw‑,*‑aakw‑
Proto_Algonquian,PA:6,*‑a·nkw‑,*‑aankw‑
Proto_Algonquian,PA:6,*‑a·p‑,*‑aap‑
Proto_Algonquian,PA:6,*‑a·pe·‑,*‑aapee‑
Proto_Algonquian,PA:6,*‑a·py‑,*‑aapy‑
Proto_Algonquian,PA:6,*‑a·pye·kw‑,*‑aapyeekw‑
Proto_Algonquian,PA:6,*‑a·t,*‑aat
Proto_Algonquian,PA:6,*‑a·towe·,*‑aatowee
Proto_Algonquian,PA:6,*‑a·θ,*‑aaθ
Proto_Algonquian,PA:6,*‑a·θak‑,*‑aaθak‑
Proto_Algonquian,PA:5,*‑a'θemw‑,*‑a'θemw‑
Proto_Algonquian,PA:6,*‑aˀθemwa,*‑aˀθemwa
Proto_Algonquian,PA:1,*‑aa,*‑aa
Proto_Algonquian,PA:1,*‑aa,*‑aa
Proto_Algonquian,PA:1,*‑aa‑w,*‑aa‑w
Proto_Algonquian,PA:1,*‑aakamy‑,*‑aakamy‑
Proto_Algonquian,PA:1,*‑aakan,*‑aakan
Proto_Algonquian,PA:4,*‑a:ke:,*‑aakee
Proto_Algonquian,PA:1,*‑aameekw,*‑aameekw
Proto_Algonquian,PA:1,*‑aap,*‑aap
Proto_Algonquian,PA:1,*‑aapam,*‑aapam
Proto_Algonquian,PA:1,*‑aapam,*‑aapam
Proto_Algonquian,PA:1,*‑aapane,*‑aapane
Proto_Algonquian,PA:1,*‑aapant,*‑aapant
Proto_Algonquian,PA:1,*‑aapeew,*‑aapeew
Proto_Algonquian,PA:1,*‑aapeθk‑,*‑aapeθk‑
Proto_Algonquian,PA:1,*‑aapeθk‑,*‑aapeθk‑
Proto_Algonquian,PA:6,*‑a·peθkwi,*‑aapeθkwi
Proto_Algonquian,PA:1,*‑aapi,*‑aapi
Proto_Algonquian,PA:1,*‑aapit‑,*‑aapit‑
Proto_Algonquian,PA:1,*‑aapoow,*‑aapoow
Proto_Algonquian,PA:1,*‑aapw‑,*‑aapw‑
Proto_Algonquian,PA:1,*‑aapy‑,*‑aapy‑
Proto_Algonquian,PA:1,*‑aat,*‑aat
Proto_Algonquian,PA:1,*‑aaxkw‑,*‑aaxkw‑
Proto_Algonquian,PA:2,*‑aaxkw‑,*‑aaxkw‑
Proto_Algonquian,PA:1,*‑ači,*‑ači
Proto_Algonquian,PA:1,*‑ah,*‑ah
Proto_Algonquian,PA:4,*‑ahahw‑,*‑ahahw‑
Proto_Algonquian,PA:1,*‑ahantoo,*‑ahantoo
Proto_Algonquian,PA:1,*‑ahanθ,*‑ahanθ
Proto_Algonquian,PA:1,*‑ahkamik‑,*‑ahkamik‑
Proto_Algonquian,PA:6,*‑aht‑,*‑aht‑
Proto_Algonquian,PA:1,*‑ahw,*‑ahw
Proto_Algonquian,PA:1,*‑ak,*‑ak
Proto_Algonquian,PA:1,*‑akim,*‑akim
Proto_Algonquian,PA:1,*‑akint,*‑akint
Proto_Algonquian,PA:6,*‑akw‑,*‑akw‑
Proto_Algonquian,PA:1,*‑alakačkw‑,*‑alakačkw‑
Proto_Algonquian,PA:2,*‑aLo·min‑,*‑aLoomin‑
Proto_Algonquian,PA:2,*‑aLo·min‑,*‑aLoomin‑
Proto_Algonquian,PA:1,*‑am,*‑am
Proto_Algonquian,PA:6,*‑am‑,*‑am‑
Proto_Algonquian,PA:1,*‑amaw,*‑amaw
Proto_Algonquian,PA:4,*‑ame:kw‑,*‑ameekw‑
Proto_Algonquian,PA:4,*‑ame:kw‑,*‑ameekw‑
Proto_Algonquian,PA:4,*‑ame:w‑,*‑ameew‑
Proto_Algonquian,PA:2,*‑ame·kw‑,*‑ameekw‑
Proto_Algonquian,PA:6,*‑amo,*‑amo
Proto_Algonquian,PA:4,*‑amo,*‑amo
Proto_Algonquian,PA:1,*‑amw,*‑amw
Proto_Algonquian,PA:1,*‑ane,*‑ane
Proto_Algonquian,PA:1,*‑ane,*‑ane
Proto_Algonquian,PA:2,*‑anet‑,*‑anet‑
Proto_Algonquian,PA:1,*‑ant,*‑ant
Proto_Algonquian,PA:6,*‑ant‑,*‑ant‑
Proto_Algonquian,PA:6,*‑anyikw‑,*‑anyikw‑
Proto_Algonquian,PA:1,*‑api,*‑api
Proto_Algonquian,PA:1,*‑api,*‑api
Proto_Algonquian,PA:1,*‑aql,*‑aql
Proto_Algonquian,PA:1,*‑aqtee,*‑aqtee
Proto_Algonquian,PA:1,*‑aqtoo,*‑aqtoo
Proto_Algonquian,PA:1,*‑aqθemw,*‑aqθemw
Proto_Algonquian,PA:1,*‑aqθemw‑,*‑aqθemw‑
Proto_Algonquian,PA:4,*‑aškimotye:‑,*‑aškimotyee‑
Proto_Algonquian,PA:4,*‑askwaya,*‑askwaya
Proto_Algonquian,PA:1,*‑at,*‑at
Proto_Algonquian,PA:6,*‑at,*‑at
Proto_Algonquian,PA:6,*‑at‑,*‑at‑
Proto_Algonquian,PA:6,*‑at‑,*‑at‑
Proto_Algonquian,PA:1,*‑ate,*‑ate
Proto_Algonquian,PA:4,*‑atene,*‑atene
Proto_Algonquian,PA:1,*‑aw,*‑aw
Proto_Algonquian,PA:4,*‑axkamekwe,*‑axkamekwe
Proto_Algonquian,PA:4,*‑axkesin‑,*‑axkesin‑
Proto_Algonquian,PA:4,*‑axki:‑,*‑axkii‑
Proto_Algonquian,PA:6,*‑axkyi,*‑axkyi
Proto_Algonquian,PA:6,*‑ay‑,*‑ay‑
Proto_Algonquian,PA:6,*‑aʔt‑ak‑,*‑aʔt‑ak‑
Proto_Algonquian,PA:6,*‑aθ,*‑aθ
Proto_Algonquian,PA:6,*‑aθa·m‑,*‑aθaam‑
Proto_Algonquian,PA:1,*‑aθe,*‑aθe
Proto_Algonquian,PA:6,*‑aθeso,*‑aθeso
Proto_Algonquian,PA:6,*‑aθkwa,*‑aθkwa
Proto_Algonquian,PA:6,*‑či(·)twiyi,*‑či(·)twiyi
Proto_Algonquian,PA:6,*‑čya·θ‑,*‑čyaaθ‑
Proto_Algonquian,PA:1,*‑e,*‑e
Proto_Algonquian,PA:1,*‑e,*‑e
Proto_Algonquian,PA:1,*‑ee,*‑ee
Proto_Algonquian,PA:4,*‑e:,*‑ee
Proto_Algonquian,PA:6,*‑e·‑,*‑ee‑
Proto_Algonquian,PA:1,*‑eele,*‑eele
Proto_Algonquian,PA:1,*‑eelem,*‑eelem
Proto_Algonquian,PA:1,*‑eelent,*‑eelent
Proto_Algonquian,PA:1,*‑eente,*‑eente
Proto_Algonquian,PA:4,*‑e:wi,*‑eewi
Proto_Algonquian,PA:6,*‑e·lem,*‑eelem
Proto_Algonquian,PA:6,*‑e·lent,*‑eelent
Proto_Algonquian,PA:6,*‑ečas‑,*‑ečas‑
Proto_Algonquian,PA:1,*‑ečy‑,*‑ečy‑
Proto_Algonquian,PA:1,*‑ečyee‑,*‑ečyee‑
Proto_Algonquian,PA:1,*‑eelemo,*‑eelemo
Proto_Algonquian,PA:1,*‑eewi,*‑eewi
Proto_Algonquian,PA:1,*‑eewi,*‑eewi
Proto_Algonquian,PA:1,*‑ehk,*‑ehk
Proto_Algonquian,PA:1,*‑ehkaw,*‑ehkaw
Proto_Algonquian,PA:1,*‑ehkee,*‑ehkee
Proto_Algonquian,PA:2,*‑ehs‑,*‑ehs‑
Proto_Algonquian,PA:1,*‑eht,*‑eht
Proto_Algonquian,PA:1,*‑ehtaw,*‑ehtaw
Proto_Algonquian,PA:1,*‑ekeθe,*‑ekeθe
Proto_Algonquian,PA:1,*‑ekon‑,*‑ekon‑
Proto_Algonquian,PA:1,*‑ekonak‑,*‑ekonak‑
Proto_Algonquian,PA:6,*‑ekw‑,*‑ekw‑
Proto_Algonquian,PA:1,*‑el,*‑el
Proto_Algonquian,PA:1,*‑elaw,*‑elaw
Proto_Algonquian,PA:1,*‑em,*‑em
Proto_Algonquian,PA:2,*‑em‑,*‑em‑
Proto_Algonquian,PA:6,*‑emi·nšy‑,*‑emiinšy‑
Proto_Algonquian,PA:1,*‑en,*‑en
Proto_Algonquian,PA:1,*‑en,*‑en
Proto_Algonquian,PA:7,*‑en‑,*‑en‑
Proto_Algonquian,PA:6,*‑en‑,*‑en‑
Proto_Algonquian,PA:6,*‑en‑,*‑en‑
Proto_Algonquian,PA:1,*‑enki,*‑enki
Proto_Algonquian,PA:4,*‑enkw,*‑enkw
Proto_Algonquian,PA:4,*‑enkwa:me,*‑enkwaame
Proto_Algonquian,PA:1,*‑enkwaqši,*‑enkwaqši
Proto_Algonquian,PA:4,*‑ens,*‑ens
Proto_Algonquian,PA:4,*‑enso,*‑enso
Proto_Algonquian,PA:4,*‑ensw,*‑ensw
Proto_Algonquian,PA:4,*‑ente:,*‑entee
Proto_Algonquian,PA:1,*‑epy‑,*‑epy‑
Proto_Algonquian,PA:6,*‑epy‑,*‑epy‑
Proto_Algonquian,PA:1,*‑eqšip,*‑eqšip
Proto_Algonquian,PA:1,*‑eqšip‑,*‑eqšip‑
Proto_Algonquian,PA:1,*‑es,*‑es
Proto_Algonquian,PA:1,*‑eš,*‑eš
Proto_Algonquian,PA:1,*‑esi,*‑esi
Proto_Algonquian,PA:1,*‑esi,*‑esi
Proto_Algonquian,PA:1,*‑esi,*‑esi
Proto_Algonquian,PA:1,*‑esi,*‑esi
Proto_Algonquian,PA:1,*‑esi,*‑esi
Proto_Algonquian,PA:6,*‑esi‑,*‑esi‑
Proto_Algonquian,PA:4,*‑esi,*‑esi
Proto_Algonquian,PA:1,*‑ešk,*‑ešk
Proto_Algonquian,PA:4,*‑ešk,*‑ešk
Proto_Algonquian,PA:4,*‑ešk,*‑ešk
Proto_Algonquian,PA:1,*‑ešk,*‑ešk
Proto_Algonquian,PA:1,*‑eškaa,*‑eškaa
Proto_Algonquian,PA:1,*‑eškaa,*‑eškaa
Proto_Algonquian,PA:1,*‑eškaw,*‑eškaw
Proto_Algonquian,PA:1,*‑eso,*‑eso
Proto_Algonquian,PA:1,*‑esw,*‑esw
Proto_Algonquian,PA:1,*‑ešw,*‑ešw
Proto_Algonquian,PA:1,*‑ete,*‑ete
Proto_Algonquian,PA:1,*‑etee,*‑etee
Proto_Algonquian,PA:1,*‑etwi,*‑etwi
Proto_Algonquian,PA:4,*‑eʔtekw‑,*‑eʔtekw‑
Proto_Algonquian,PA:1,*‑eθe,*‑eθe
Proto_Algonquian,PA:4,*‑eθe,*‑eθe
Proto_Algonquian,PA:2,*‑eθe·‑,*‑eθee‑
Proto_Algonquian,PA:4,*‑eθkwe:w,*‑eθkweew
Proto_Algonquian,PA:4,*‑eθkwe:w‑,*‑eθkweew‑
Proto_Algonquian,PA:1,*‑eθkweew,*‑eθkweew
Proto_Algonquian,PA:1,*‑eθkweew‑,*‑eθkweew‑
Proto_Algonquian,PA:1,*‑h,*‑h
Proto_Algonquian,PA:6,*‑h,*‑h
Proto_Algonquian,PA:6,*‑h,*‑h
Proto_Algonquian,PA:4,*‑h,*‑h
Proto_Algonquian,PA:1,*‑hs,*‑hs
Proto_Algonquian,PA:4,*‑hs,*‑hs
Proto_Algonquian,PA:4,*‑hši‑,*‑hši‑
Proto_Algonquian,PA:1,*‑hšim,*‑hšim
Proto_Algonquian,PA:1,*‑hšine,*‑hšine
Proto_Algonquian,PA:4,*‑ht‑,*‑ht‑
Proto_Algonquian,PA:4,*‑hta:wake:‑,*‑htaawakee‑
Proto_Algonquian,PA:2,*‑hta·mpy‑,*‑htaampy‑
Proto_Algonquian,PA:6,*‑htawak(ay)i,*‑htawak(ay)i
Proto_Algonquian,PA:4,*‑htawak(ay)i,*‑htawak(ay)i
Proto_Algonquian,PA:4,*‑hto:,*‑htoo
Proto_Algonquian,PA:4,*‑hto:škwani,*‑htooškwani
Proto_Algonquian,PA:1,*‑htoo,*‑htoo
Proto_Algonquian,PA:1,*‑htoo,*‑htoo
Proto_Algonquian,PA:1,*‑htoo,*‑htoo
Proto_Algonquian,PA:1,*‑hθ,*‑hθ
Proto_Algonquian,PA:7,*‑hθ‑,*‑hθ‑
Proto_Algonquian,PA:4,*‑hθ‑,*‑hθ‑
Proto_Algonquian,PA:1,*‑hθen,*‑hθen
Proto_Algonquian,PA:4,*‑hθeto:,*‑hθetoo
Proto_Algonquian,PA:1,*‑hθetoo,*‑hθetoo
Proto_Algonquian,PA:1,*‑i,*‑i
Proto_Algonquian,PA:1,*‑i,*‑i
Proto_Algonquian,PA:1,*‑i,*‑i
Proto_Algonquian,PA:1,*‑i,*‑i
Proto_Algonquian,PA:1,*‑i,*‑i
Proto_Algonquian,PA:1,*‑i,*‑i
Proto_Algonquian,PA:1,*‑i,*‑i
Proto_Algonquian,PA:1,*‑i,*‑i
Proto_Algonquian,PA:6,*‑i,*‑i
Proto_Algonquian,PA:4,*‑i,*‑i
Proto_Algonquian,PA:4,*‑i,*‑i
Proto_Algonquian,PA:4,*‑i,*‑i
Proto_Algonquian,PA:4,*‑i,*‑i
Proto_Algonquian,PA:4,*‑i,*‑i
Proto_Algonquian,PA:6,*‑i‑,*‑i‑
Proto_Algonquian,PA:6,*‑i‑k‑,*‑i‑k‑
Proto_Algonquian,PA:6,*‑i‑kan‑,*‑i‑kan‑
Proto_Algonquian,PA:6,*‑i‑kan‑,*‑i‑kan‑
Proto_Algonquian,PA:6,*‑i‑kan(e·)‑,*‑i‑kan(ee)‑
Proto_Algonquian,PA:6,*‑i‑ke·‑,*‑i‑kee‑
Proto_Algonquian,PA:6,*‑i‑ken‑,*‑i‑ken‑
Proto_Algonquian,PA:6,*‑i‑ki‑,*‑i‑ki‑
Proto_Algonquian,PA:6,*‑i‑min‑,*‑i‑min‑
Proto_Algonquian,PA:6,*‑i‑ʔle·w‑,*‑i‑ʔleew‑
Proto_Algonquian,PA:4,*‑i:ši,*‑iiši
Proto_Algonquian,PA:4,*‑i:t‑,*‑iit‑
Proto_Algonquian,PA:4,*‑i:yaw‑,*‑iiyaw‑
Proto_Algonquian,PA:4,*‑i:θ‑,*‑iiθ‑
Proto_Algonquian,PA:5,*‑i·či‑,*‑iiči‑
Proto_Algonquian,PA:6,*‑i·nkeθ(e·)‑,*‑iinkeθ(ee)‑
Proto_Algonquian,PA:5,*‑i·pit‑,*‑iipit‑
Proto_Algonquian,PA:2,*‑i·t‑,*‑iit‑
Proto_Algonquian,PA:5,*‑i·t‑,*‑iit‑
Proto_Algonquian,PA:6,*‑i·xkena·hkw‑,*‑iixkenaahkw‑
Proto_Algonquian,PA:6,*‑i·yaw‑,*‑iiyaw‑
Proto_Algonquian,PA:2,*‑i·θ,*‑iiθ
Proto_Algonquian,PA:2,*‑i·θem‑,*‑iiθem‑
Proto_Algonquian,PA:1,*‑ii,*‑ii
Proto_Algonquian,PA:1,*‑iik‑,*‑iik‑
Proto_Algonquian,PA:1,*‑iil,*‑iil
Proto_Algonquian,PA:1,*‑iipit‑,*‑iipit‑
Proto_Algonquian,PA:1,*‑iit‑,*‑iit‑
Proto_Algonquian,PA:1,*‑iiwaθ‑,*‑iiwaθ‑
Proto_Algonquian,PA:2,*‑inso,*‑inso
Proto_Algonquian,PA:4,*‑iti,*‑iti
Proto_Algonquian,PA:4,*‑iwe:,*‑iwee
Proto_Algonquian,PA:6,*‑iwe·‑,*‑iwee‑
Proto_Algonquian,PA:1,*‑iwee,*‑iwee
Proto_Algonquian,PA:1,*‑k,*‑k
Proto_Algonquian,PA:4,*‑ka:so,*‑kaaso
Proto_Algonquian,PA:4,*‑ka:t‑,*‑kaat‑
Proto_Algonquian,PA:4,*‑ka:te:,*‑kaatee
Proto_Algonquian,PA:4,*‑ka:te:‑,*‑kaatee‑
Proto_Algonquian,PA:6,*‑ka·pawi‑,*‑kaapawi‑
Proto_Algonquian,PA:2,*‑ka·t‑,*‑kaat‑
Proto_Algonquian,PA:1,*‑kaaso,*‑kaaso
Proto_Algonquian,PA:1,*‑kaat‑,*‑kaat‑
Proto_Algonquian,PA:1,*‑kaatee,*‑kaatee
Proto_Algonquian,PA:1,*‑kaatee‑,*‑kaatee‑
Proto_Algonquian,PA:1,*‑kamy‑,*‑kamy‑
Proto_Algonquian,PA:1,*‑kan,*‑kan
Proto_Algonquian,PA:4,*‑kan,*‑kan
Proto_Algonquian,PA:4,*‑ke:,*‑kee
Proto_Algonquian,PA:6,*‑ke·‑,*‑kee‑
Proto_Algonquian,PA:1,*‑kee,*‑kee
Proto_Algonquian,PA:1,*‑kee,*‑kee
Proto_Algonquian,PA:1,*‑kene,*‑kene
Proto_Algonquian,PA:4,*‑kene,*‑kene
Proto_Algonquian,PA:1,*‑ki,*‑ki
Proto_Algonquian,PA:1,*‑ki,*‑ki
Proto_Algonquian,PA:4,*‑ki,*‑ki
Proto_Algonquian,PA:5,*‑kima·w,*‑kimaaw
Proto_Algonquian,PA:5,*‑kkiwe·nsi·n',*‑kkiwe·nsiin'
Proto_Algonquian,PA:4,*‑koθe:‑,*‑koθee‑
Proto_Algonquian,PA:6,*‑kwenta·kani,*‑kwentaakani
Proto_Algonquian,PA:6,*‑kwenta·kani,*‑kwentaakani
Proto_Algonquian,PA:4,*‑kye:,*‑kyee
Proto_Algonquian,PA:6,*‑kye·‑,*‑kyee‑
Proto_Algonquian,PA:1,*‑kyee,*‑kyee
Proto_Algonquian,PA:1,*‑lenyiw,*‑lenyiw
Proto_Algonquian,PA:4,*‑leskwa,*‑leskwa
Proto_Algonquian,PA:1,*‑m,*‑m
Proto_Algonquian,PA:1,*‑m,*‑m
Proto_Algonquian,PA:1,*‑m,*‑m
Proto_Algonquian,PA:1,*‑m,*‑m
Proto_Algonquian,PA:4,*‑m,*‑m
Proto_Algonquian,PA:4,*‑m(p)‑,*‑m(p)‑
Proto_Algonquian,PA:1,*‑makate,*‑makate
Proto_Algonquian,PA:4,*‑makate,*‑makate
Proto_Algonquian,PA:1,*‑min,*‑min
Proto_Algonquian,PA:6,*‑min‑,*‑min‑
Proto_Algonquian,PA:4,*‑mo:te:,*‑mootee
Proto_Algonquian,PA:4,*‑mo:tye:‑,*‑mootyee‑
Proto_Algonquian,PA:4,*‑mya:‑,*‑myaa‑
Proto_Algonquian,PA:1,*‑n,*‑n
Proto_Algonquian,PA:1,*‑n,*‑n
Proto_Algonquian,PA:1,*‑naw,*‑naw
Proto_Algonquian,PA:4,*‑naθ‑,*‑naθ‑
Proto_Algonquian,PA:1,*‑nčim,*‑nčim
Proto_Algonquian,PA:4,*‑nčim,*‑nčim
Proto_Algonquian,PA:4,*‑nčito,*‑nčito
Proto_Algonquian,PA:1,*‑nčitoo,*‑nčitoo
Proto_Algonquian,PA:4,*‑ne,*‑ne
Proto_Algonquian,PA:4,*‑nexke:‑,*‑nexkee‑
Proto_Algonquian,PA:2,*‑neθk(e·)‑,*‑neθk(ee)‑
Proto_Algonquian,PA:6,*‑neθki,*‑neθki
Proto_Algonquian,PA:4,*‑neθki,*‑neθki
Proto_Algonquian,PA:1,*‑nso,*‑nso
Proto_Algonquian,PA:4,*‑nso,*‑nso
Proto_Algonquian,PA:1,*‑nt,*‑nt
Proto_Algonquian,PA:1,*‑nt,*‑nt
Proto_Algonquian,PA:1,*‑nt,*‑nt
Proto_Algonquian,PA:1,*‑nt,*‑nt
Proto_Algonquian,PA:1,*‑nt‑ee,*‑nt‑ee
Proto_Algonquian,PA:1,*‑nt‑ne,*‑nt‑ne
Proto_Algonquian,PA:4,*‑nte:,*‑ntee
Proto_Algonquian,PA:1,*‑ntee,*‑ntee
Proto_Algonquian,PA:6,*‑ntep‑,*‑ntep‑
Proto_Algonquian,PA:1,*‑o,*‑o
Proto_Algonquian,PA:4,*‑o,*‑o
Proto_Algonquian,PA:4,*‑o:m,*‑oom
Proto_Algonquian,PA:4,*‑o:nt,*‑oont
Proto_Algonquian,PA:4,*‑o:θ‑,*‑ooθ‑
Proto_Algonquian,PA:6,*‑o·θ‑,*‑ooθ‑
Proto_Algonquian,PA:4,*‑ohθe:,*‑ohθee
Proto_Algonquian,PA:1,*‑ohθee,*‑ohθee
Proto_Algonquian,PA:1,*‑ot,*‑ot
Proto_Algonquian,PA:6,*‑oθ‑,*‑oθ‑
Proto_Algonquian,PA:4,*‑pahto:,*‑pahtoo
Proto_Algonquian,PA:1,*‑pahtoo,*‑pahtoo
Proto_Algonquian,PA:1,*‑pali,*‑pali
Proto_Algonquian,PA:1,*‑pali,*‑pali
Proto_Algonquian,PA:4,*‑pe:,*‑pee
Proto_Algonquian,PA:1,*‑pee,*‑pee
Proto_Algonquian,PA:4,*‑pexkwane:‑,*‑pexkwanee‑
Proto_Algonquian,PA:1,*‑piso,*‑piso
Proto_Algonquian,PA:2,*‑piso,*‑piso
Proto_Algonquian,PA:1,*‑po,*‑po
Proto_Algonquian,PA:4,*‑po,*‑po
Proto_Algonquian,PA:1,*‑pot,*‑pot
Proto_Algonquian,PA:4,*‑pote:‑,*‑potee‑
Proto_Algonquian,PA:1,*‑pw,*‑pw
Proto_Algonquian,PA:4,*‑Qpani,*‑Qpani
Proto_Algonquian,PA:1,*‑qs,*‑qs
Proto_Algonquian,PA:1,*‑qt,*‑qt
Proto_Algonquian,PA:1,*‑qtaw,*‑qtaw
Proto_Algonquian,PA:1,*‑s,*‑s
Proto_Algonquian,PA:6,*‑s,*‑s
Proto_Algonquian,PA:2,*‑šihθa,*‑šihθa
Proto_Algonquian,PA:1,*‑sit,*‑sit
Proto_Algonquian,PA:1,*‑sit‑,*‑sit‑
Proto_Algonquian,PA:6,*‑šiθ‑,*‑šiθ‑
Proto_Algonquian,PA:6,*‑škanšy‑,*‑škanšy‑
Proto_Algonquian,PA:4,*‑ški:nšekw‑,*‑škiinšekw‑
Proto_Algonquian,PA:1,*‑škiinšekw‑,*‑škiinšekw‑
Proto_Algonquian,PA:4,*‑šky‑,*‑šky‑
Proto_Algonquian,PA:1,*‑so,*‑so
Proto_Algonquian,PA:1,*‑štikwaan‑,*‑štikwaan‑
Proto_Algonquian,PA:1,*‑sw,*‑sw
Proto_Algonquian,PA:1,*‑t,*‑t
Proto_Algonquian,PA:1,*‑t,*‑t
Proto_Algonquian,PA:6,*‑ta·hpixkani,*‑taahpixkani
Proto_Algonquian,PA:2,*‑ta·na,*‑taana
Proto_Algonquian,PA:1,*‑tala,*‑tala
Proto_Algonquian,PA:1,*‑tee,*‑tee
Proto_Algonquian,PA:1,*‑teeh‑,*‑teeh‑
Proto_Algonquian,PA:6,*‑temp‑,*‑temp‑
Proto_Algonquian,PA:6,*‑temp‑,*‑temp‑
Proto_Algonquian,PA:4,*‑tempe:‑,*‑tempee‑
Proto_Algonquian,PA:4,*‑to:,*‑too
Proto_Algonquian,PA:1,*‑too,*‑too
Proto_Algonquian,PA:1,*‑too,*‑too
Proto_Algonquian,PA:1,*‑too,*‑too
Proto_Algonquian,PA:1,*‑too,*‑too
Proto_Algonquian,PA:1,*‑w,*‑w
Proto_Algonquian,PA:1,*‑w,*‑w
Proto_Algonquian,PA:1,*‑w,*‑w
Proto_Algonquian,PA:1,*‑w,*‑w
Proto_Algonquian,PA:6,*‑w,*‑w
Proto_Algonquian,PA:4,*‑w,*‑w
Proto_Algonquian,PA:4,*‑w,*‑w
Proto_Algonquian,PA:6,*‑w‑,*‑w‑
Proto_Algonquian,PA:6,*‑w‑,*‑w‑
Proto_Algonquian,PA:4,*‑we:we:k‑,*‑weeweek‑
Proto_Algonquian,PA:6,*‑we·‑,*‑wee‑
Proto_Algonquian,PA:6,*‑we·(w)‑,*‑wee(w)‑
Proto_Algonquian,PA:1,*‑wee‑,*‑wee‑
Proto_Algonquian,PA:1,*‑weew‑,*‑weew‑
Proto_Algonquian,PA:1,*‑weeweek‑,*‑weeweek‑
Proto_Algonquian,PA:1,*‑wen,*‑wen
Proto_Algonquian,PA:4,*‑wen,*‑wen
Proto_Algonquian,PA:6,*‑wen‑,*‑wen‑
Proto_Algonquian,PA:7,*‑wēp‑,*‑wēp‑
Proto_Algonquian,PA:7,*‑wēwēp‑,*‑wēwēp‑
Proto_Algonquian,PA:1,*‑wi,*‑wi
Proto_Algonquian,PA:6,*‑wi,*‑wi
Proto_Algonquian,PA:4,*‑wi,*‑wi
Proto_Algonquian,PA:6,*‑wi‑,*‑wi‑
Proto_Algonquian,PA:1,*‑wik‑,*‑wik‑
Proto_Algonquian,PA:1,*‑wikamikw,*‑wikamikw
Proto_Algonquian,PA:4,*‑wikamikw,*‑wikamikw
Proto_Algonquian,PA:1,*‑wiso,*‑wiso
Proto_Algonquian,PA:4,*‑wiso,*‑wiso
Proto_Algonquian,PA:6,*‑wiθ‑,*‑wiθ‑
Proto_Algonquian,PA:4,*‑xka:t‑,*‑xkaat‑
Proto_Algonquian,PA:6,*‑xka·t‑,*‑xkaat‑
Proto_Algonquian,PA:1,*‑xkaat‑,*‑xkaat‑
Proto_Algonquian,PA:6,*‑xkanšy‑,*‑xkanšy‑
Proto_Algonquian,PA:4,*‑xkašy‑,*‑xkašy‑
Proto_Algonquian,PA:4,*‑xkašya,*‑xkašya
Proto_Algonquian,PA:6,*‑xkenθ‑,*‑xkenθ‑
Proto_Algonquian,PA:6,*‑xkenθ‑,*‑xkenθ‑
Proto_Algonquian,PA:1,*‑xpeny‑,*‑xpeny‑
Proto_Algonquian,PA:4,*‑xpike:kani,*‑xpikeekani
Proto_Algonquian,PA:4,*‑ya:,*‑yaa
Proto_Algonquian,PA:4,*‑ya:,*‑yaa
Proto_Algonquian,PA:6,*‑ya·‑,*‑yaa‑
Proto_Algonquian,PA:1,*‑yaa,*‑yaa
Proto_Algonquian,PA:1,*‑yaa,*‑yaa
Proto_Algonquian,PA:1,*‑yaa,*‑yaa
Proto_Algonquian,PA:1,*‑yaw‑,*‑yaw‑
Proto_Algonquian,PA:4,*‑yaw‑,*‑yaw‑
Proto_Algonquian,PA:6,*‑ye·‑,*‑yee‑
Proto_Algonquian,PA:1,*‑zero,*‑zero
Proto_Algonquian,PA:4,*‑ʔk‑,*‑ʔk‑
Proto_Algonquian,PA:6,*‑ʔla·‑,*‑ʔlaa‑
Proto_Algonquian,PA:6,*‑ʔla·‑,*‑ʔlaa‑
Proto_Algonquian,PA:6,*‑ʔle·‑,*‑ʔlee‑
Proto_Algonquian,PA:6,*‑ʔle·‑,*‑ʔlee‑
Proto_Algonquian,PA:4,*‑ʔs,*‑ʔs
Proto_Algonquian,PA:4,*‑ʔt‑,*‑ʔt‑
Proto_Algonquian,PA:4,*‑ʔtaw‑,*‑ʔtaw‑
Proto_Algonquian,PA:4,*‑ʔθ‑,*‑ʔθ‑
Proto_Algonquian,PA:1,*‑θ,*‑θ
Proto_Algonquian,PA:1,*‑θ,*‑θ
Proto_Algonquian,PA:6,*‑θ,*‑θ
Proto_Algonquian,PA:4,*‑θ,*‑θ
Proto_Algonquian,PA:5,*‑θak‑,*‑θak‑
Proto_Algonquian,PA:5,*‑θakay‑,*‑θakay‑
Proto_Algonquian,PA:2,*‑θakešy‑,*‑θakešy‑
Proto_Algonquian,PA:5,*‑θe'šiw,*‑θe'šiw
Proto_Algonquian,PA:5,*‑θe'šiway‑,*‑θe'šiway‑
Proto_Algonquian,PA:6,*‑θenčy‑,*‑θenčy‑
Proto_Algonquian,PA:2,*‑θenčy‑,*‑θenčy‑
Proto_Algonquian,PA:4,*‑θenčye:,*‑θenčyee
Proto_Algonquian,PA:4,*‑θenčyi,*‑θenčyi
Proto_Algonquian,PA:4,*‑θeñkwe:‑,*‑θeñkwee‑
Proto_Algonquian,PA:4,*‑θeʔšiwe:‑,*‑θeʔšiwee‑
Proto_Algonquian,PA:6,*‑θkan‑,*‑θkan‑
Proto_Algonquian,PA:6,*‑θkanawi,*‑θkanawi
Proto_Algonquian,PA:4,*‑θšenčye:‑,*‑θšenčyee‑
Proto_Algonquian,PA:6,*(a)nan,*(a)nan
Proto_Algonquian,PA:6,*(a)xkaθ,*(a)xkaθ
Proto_Algonquian,PA:6,*(en)taθ‑,*(en)taθ‑
Proto_Algonquian,PA:4,*(we)če:pehk,*(we)čeepehk
Proto_Algonquian,PA:6,*(wi)wiθ(e:),*(wi)wiθ(e:)
Proto_Algonquian,PA:4,*a,*a
Proto_Algonquian,PA:4,*a,*a
Proto_Algonquian,PA:1,*a‑,*a‑
Proto_Algonquian,PA:1,*a‑,*a‑
Proto_Algonquian,PA:4,*a‑,*a‑
Proto_Algonquian,PA:4,*a:č(i),*aač(i)
Proto_Algonquian,PA:4,*a:čyem,*aačyem
Proto_Algonquian,PA:4,*a:čyet,*aačyet
Proto_Algonquian,PA:4,*a:h,*aah
Proto_Algonquian,PA:4,*a:hkiw,*aahkiw
Proto_Algonquian,PA:4,*a:hkw‑,*aahkw‑
Proto_Algonquian,PA:4,*a:hpi,*aahpi
Proto_Algonquian,PA:4,*a:hw,*aahw
Proto_Algonquian,PA:4,*a:k,*aak
Proto_Algonquian,PA:4,*a:k(a)w‑,*aak(a)w‑
Proto_Algonquian,PA:4,*a:kam(y),*aakam(y)
Proto_Algonquian,PA:4,*a:kan(e:),*aakan(ee)
Proto_Algonquian,PA:4,*a:kem,*aakem
Proto_Algonquian,PA:4,*a:kim‑,*aakim‑
Proto_Algonquian,PA:4,*a:kon(ak),*aakon(ak)
Proto_Algonquian,PA:4,*a:kone:,*aakonee
Proto_Algonquian,PA:4,*a:kw,*aakw
Proto_Algonquian,PA:4,*a:laxkw,*aalaxkw
Proto_Algonquian,PA:4,*a:lwi(we:),*aalwi(wee)
Proto_Algonquian,PA:4,*a:me:‑,*aamee‑
Proto_Algonquian,PA:4,*a:mo:,*aamoo
Proto_Algonquian,PA:4,*a:mpat‑,*aampat‑
Proto_Algonquian,PA:4,*a:n,*aan
Proto_Algonquian,PA:4,*a:nem(o),*aanem(o)
Proto_Algonquian,PA:4,*a:nexkw(e:),*aanexkw(ee)
Proto_Algonquian,PA:4,*a:ns(e:),*aans(ee)
Proto_Algonquian,PA:4,*a:nsw,*aansw
Proto_Algonquian,PA:4,*a:nt‑,*aant‑
Proto_Algonquian,PA:4,*a:ntaw(e:),*aantaw(ee)
Proto_Algonquian,PA:4,*a:nte:,*aantee
Proto_Algonquian,PA:4,*a:p,*aap
Proto_Algonquian,PA:4,*a:p,*aap
Proto_Algonquian,PA:4,*a:p‑,*aap‑
Proto_Algonquian,PA:4,*a:pa:kwe:,*aapaakwee
Proto_Algonquian,PA:4,*a:pa:w(e:),*aapaaw(ee)
Proto_Algonquian,PA:4,*a:pa:w(e:),*aapaaw(ee)
Proto_Algonquian,PA:4,*a:pac᷅i,*aapac᷅i
Proto_Algonquian,PA:4,*a:pam,*aapam
Proto_Algonquian,PA:4,*a:pan,*aapan
Proto_Algonquian,PA:4,*a:panke:,*aapankee
Proto_Algonquian,PA:4,*a:panso,*aapanso
Proto_Algonquian,PA:4,*a:pant,*aapant
Proto_Algonquian,PA:4,*a:paʔso,*aapaʔso
Proto_Algonquian,PA:4,*a:paʔsw,*aapaʔsw
Proto_Algonquian,PA:4,*a:paʔte:,*aapaʔtee
Proto_Algonquian,PA:4,*a:pe:(w),*aapee(w)
Proto_Algonquian,PA:4,*a:peθk(e:),*aapeθk(ee)
Proto_Algonquian,PA:4,*a:peθkw(e:),*aapeθkw(ee)
Proto_Algonquian,PA:4,*a:pit(e:),*aapit(ee)
Proto_Algonquian,PA:4,*a:pitak,*aapitak
Proto_Algonquian,PA:4,*a:po:k,*aapook
Proto_Algonquian,PA:4,*a:po(:)(w)(e:),*aapo(:)(w)(ee)
Proto_Algonquian,PA:4,*a:py(e:)(k),*aapy(ee)(k)
Proto_Algonquian,PA:4,*a:pye:s,*aapyees
Proto_Algonquian,PA:4,*a:s,*aas
Proto_Algonquian,PA:4,*a:šipeθkw,*aašipeθkw
Proto_Algonquian,PA:4,*a:siya:n(e:),*aasiyaan(ee)
Proto_Algonquian,PA:4,*a:ška:,*aaškaa
Proto_Algonquian,PA:4,*a:so,*aaso
Proto_Algonquian,PA:4,*a:t‑,*aat‑
Proto_Algonquian,PA:4,*a:t(ak),*aat(ak)
Proto_Algonquian,PA:4,*a:taka:,*aatakaa
Proto_Algonquian,PA:4,*a:taʔlo:hk(an)e:,*aataʔloohk(an)ee
Proto_Algonquian,PA:4,*a:te:,*aatee
Proto_Algonquian,PA:4,*a:tot,*aatot
Proto_Algonquian,PA:4,*a:wahso,*aawahso
Proto_Algonquian,PA:4,*a:wal,*aawal
Proto_Algonquian,PA:4,*a:waso,*aawaso
Proto_Algonquian,PA:4,*a:wata,*aawata
Proto_Algonquian,PA:4,*a:wate:,*aawatee
Proto_Algonquian,PA:4,*a:we:,*aawee
Proto_Algonquian,PA:4,*a:wikan(e:),*aawikan(ee)
Proto_Algonquian,PA:4,*a:xk(w)(e:),*aaxk(w)(ee)
Proto_Algonquian,PA:4,*a:ʔs,*aaʔs
Proto_Algonquian,PA:4,*a:ʔsaw,*aaʔsaw
Proto_Algonquian,PA:4,*a:ʔsi,*aaʔsi
Proto_Algonquian,PA:4,*a:ʔši,*aaʔši
Proto_Algonquian,PA:4,*a:ʔsw,*aaʔsw
Proto_Algonquian,PA:4,*a:ʔsw(e:),*aaʔsw(ee)
Proto_Algonquian,PA:4,*a:ʔte:,*aaʔtee
Proto_Algonquian,PA:4,*a:ʔte:,*aaʔtee
Proto_Algonquian,PA:4,*a:ʔθ(e:),*aaʔθ(ee)
Proto_Algonquian,PA:4,*a:ʔθam,*aaʔθam
Proto_Algonquian,PA:4,*a:ʔθem,*aaʔθem
Proto_Algonquian,PA:4,*a:ʔθen,*aaʔθen
Proto_Algonquian,PA:4,*a:ʔθo,*aaʔθo
Proto_Algonquian,PA:4,*a:θ(ak)(e:),*aaθ(ak)(ee)
Proto_Algonquian,PA:4,*a:θpen(e:),*aaθpen(ee)
Proto_Algonquian,PA:6,*a·čyem(w)‑,*aačyem(w)‑
Proto_Algonquian,PA:6,*a·hkw‑,*aahkw‑
Proto_Algonquian,PA:6,*a·hpeči‑,*aahpeči‑
Proto_Algonquian,PA:6,*a·hpeni‑,*aahpeni‑
Proto_Algonquian,PA:6,*a·hpet‑,*aahpet‑
Proto_Algonquian,PA:6,*a·htekw‑,*aahtekw‑
Proto_Algonquian,PA:6,*a·kaw‑,*aakaw‑
Proto_Algonquian,PA:6,*a·kw‑,*aakw‑
Proto_Algonquian,PA:6,*a·kwaw‑,*aakwaw‑
Proto_Algonquian,PA:6,*a·lem‑,*aalem‑
Proto_Algonquian,PA:6,*a·lowe·‑,*aalowee‑
Proto_Algonquian,PA:6,*a·m‑,*aam‑
Proto_Algonquian,PA:6,*a·mačiwe·‑,*aamačiwee‑
Proto_Algonquian,PA:6,*a·meHk‑,*aameHk‑
Proto_Algonquian,PA:6,*a·meHkw‑,*aameHkw‑
Proto_Algonquian,PA:6,*a·nči‑,*aanči‑
Proto_Algonquian,PA:6,*a·nexk(aw)‑,*aanexk(aw)‑
Proto_Algonquian,PA:6,*a·nexk(w)‑,*aanexk(w)‑
Proto_Algonquian,PA:6,*a·nkwa·m‑,*aankwaam‑
Proto_Algonquian,PA:6,*a·ns‑,*aans‑
Proto_Algonquian,PA:6,*a·nt‑,*aant‑
Proto_Algonquian,PA:6,*a·nw(e·)‑,*aanw(ee)‑
Proto_Algonquian,PA:6,*a·p‑,*aap‑
Proto_Algonquian,PA:6,*a·p(es)‑,*aap(es)‑
Proto_Algonquian,PA:6,*a·pači‑,*aapači‑
Proto_Algonquian,PA:6,*a·pam‑,*aapam‑
Proto_Algonquian,PA:6,*a·pat‑,*aapat‑
Proto_Algonquian,PA:6,*a·pehtaw‑,*aapehtaw‑
Proto_Algonquian,PA:6,*a·piçkw‑,*aapiçkw‑
Proto_Algonquian,PA:6,*a·po(t)‑,*aapo(t)‑
Proto_Algonquian,PA:6,*a·pos‑,*aapos‑
Proto_Algonquian,PA:6,*a·pw(e·)‑,*aapw(ee)‑
Proto_Algonquian,PA:6,*a·š(a)w‑,*aaš(a)w‑
Proto_Algonquian,PA:6,*a·šit(e·)‑,*aašit(ee)‑
Proto_Algonquian,PA:6,*a·t‑,*aat‑
Proto_Algonquian,PA:6,*a·t(w)‑,*aat(w)‑
Proto_Algonquian,PA:6,*a·teʔlo·hk‑,*aateʔloohk‑
Proto_Algonquian,PA:6,*a·twit(aw),*aatwit(aw)
Proto_Algonquian,PA:6,*a·wači‑,*aawači‑
Proto_Algonquian,PA:6,*a·was‑,*aawas‑
Proto_Algonquian,PA:6,*a·wat‑,*aawat‑
Proto_Algonquian,PA:6,*a·xkw‑,*aaxkw‑
Proto_Algonquian,PA:6,*a·xkw‑,*aaxkw‑
Proto_Algonquian,PA:6,*a·xkw‑,*aaxkw‑
Proto_Algonquian,PA:6,*a·yi·t(aw)‑,*aayiit(aw)‑
Proto_Algonquian,PA:6,*a·ʔsw(i)‑,*aaʔsw(i)‑
Proto_Algonquian,PA:6,*a·ʔt(aw)‑,*aaʔt(aw)‑
Proto_Algonquian,PA:6,*a·ʔt(e·)‑,*aaʔt(ee)‑
Proto_Algonquian,PA:6,*a·ʔtawa·‑,*aaʔtawaa‑
Proto_Algonquian,PA:6,*a·ʔθam‑,*aaʔθam‑
Proto_Algonquian,PA:6,*a·θaw‑,*aaθaw‑
Proto_Algonquian,PA:4,*a(:)hkaso,*a(:)hkaso
Proto_Algonquian,PA:4,*a(:)hkat(e:),*a(:)hkat(ee)
Proto_Algonquian,PA:4,*ači,*ači
Proto_Algonquian,PA:6,*ačiči‑,*ačiči‑
Proto_Algonquian,PA:6,*ačil‑,*ačil‑
Proto_Algonquian,PA:6,*ačit‑,*ačit‑
Proto_Algonquian,PA:4,*açki,*açki
Proto_Algonquian,PA:4,*ah,*ah
Proto_Algonquian,PA:4,*ah,*ah
Proto_Algonquian,PA:4,*aha:nta:,*ahaantaa
Proto_Algonquian,PA:4,*aha:nθ,*ahaanθ
Proto_Algonquian,PA:4,*ahčya:,*ahčyaa
Proto_Algonquian,PA:4,*ahkam(ik),*ahkam(ik)
Proto_Algonquian,PA:1,*ahkw‑,*ahkw‑
Proto_Algonquian,PA:4,*aho,*aho
Proto_Algonquian,PA:4,*ahpi:ht‑,*ahpiiht‑
Proto_Algonquian,PA:1,*ahpiiht‑,*ahpiiht‑
Proto_Algonquian,PA:4,*ahpiso,*ahpiso
Proto_Algonquian,PA:4,*ahpit,*ahpit
Proto_Algonquian,PA:4,*ahpita:,*ahpitaa
Proto_Algonquian,PA:4,*ahpitaw,*ahpitaw
Proto_Algonquian,PA:4,*ahpite:,*ahpitee
Proto_Algonquian,PA:4,*ahpiθ,*ahpiθ
Proto_Algonquian,PA:4,*ahšam,*ahšam
Proto_Algonquian,PA:6,*ahšam‑,*ahšam‑
Proto_Algonquian,PA:6,*ahšant‑,*ahšant‑
Proto_Algonquian,PA:4,*ahta:,*ahtaa
Proto_Algonquian,PA:6,*ahta·py‑,*ahtaapy‑
Proto_Algonquian,PA:4,*ahtaw,*ahtaw
Proto_Algonquian,PA:4,*ahw,*ahw
Proto_Algonquian,PA:4,*ahθay,*ahθay
Proto_Algonquian,PA:6,*ak·w‑,*ak·w‑
Proto_Algonquian,PA:4,*aka:m‑,*akaam‑
Proto_Algonquian,PA:4,*aka:m(e:),*akaam(ee)
Proto_Algonquian,PA:6,*aka·m‑,*akaam‑
Proto_Algonquian,PA:6,*aka·w‑,*akaaw‑
Proto_Algonquian,PA:6,*aka·w(a·či)‑,*akaaw(aači)‑
Proto_Algonquian,PA:6,*aka·w(a·t)‑,*akaaw(aat)‑
Proto_Algonquian,PA:6,*aka·w(a·θ)‑,*akaaw(aaθ)‑
Proto_Algonquian,PA:4,*akana:m,*akanaam
Proto_Algonquian,PA:4,*akana:nt,*akanaant
Proto_Algonquian,PA:6,*aki‑,*aki‑
Proto_Algonquian,PA:4,*akim,*akim
Proto_Algonquian,PA:4,*akinso,*akinso
Proto_Algonquian,PA:4,*akint,*akint
Proto_Algonquian,PA:4,*akinte:,*akintee
Proto_Algonquian,PA:6,*akoči‑,*akoči‑
Proto_Algonquian,PA:4,*akočin,*akočin
Proto_Algonquian,PA:6,*akohm‑,*akohm‑
Proto_Algonquian,PA:4,*akohm(e:),*akohm(ee)
Proto_Algonquian,PA:4,*akohta:,*akohtaa
Proto_Algonquian,PA:4,*akohte:,*akohtee
Proto_Algonquian,PA:4,*akol,*akol
Proto_Algonquian,PA:6,*akot(aw)‑,*akot(aw)‑
Proto_Algonquian,PA:1,*akw‑,*akw‑
Proto_Algonquian,PA:6,*akw(aw)‑,*akw(aw)‑
Proto_Algonquian,PA:6,*akw(aw)‑,*akw(aw)‑
Proto_Algonquian,PA:6,*akwa·we·,*akwaawee
Proto_Algonquian,PA:6,*akwan‑,*akwan‑
Proto_Algonquian,PA:4,*akwinči,*akwinči
Proto_Algonquian,PA:6,*akwinči‑,*akwinči‑
Proto_Algonquian,PA:6,*akwint‑,*akwint‑
Proto_Algonquian,PA:4,*akwint(e:),*akwint(ee)
Proto_Algonquian,PA:4,*al,*al
Proto_Algonquian,PA:4,*alake:θkw,*alakeeθkw
Proto_Algonquian,PA:6,*alami(ihe·w)‑,*alami(iheew)‑
Proto_Algonquian,PA:6,*alehš‑,*alehš‑
Proto_Algonquian,PA:6,*alehθ‑,*alehθ‑
Proto_Algonquian,PA:6,*aliw‑,*aliw‑
Proto_Algonquian,PA:4,*alo:so,*alooso
Proto_Algonquian,PA:6,*alo·θkan‑,*alooθkan‑
Proto_Algonquian,PA:6,*alw(aw)‑,*alw(aw)‑
Proto_Algonquian,PA:4,*am,*am
Proto_Algonquian,PA:6,*amači‑,*amači‑
Proto_Algonquian,PA:4,*amam,*amam
Proto_Algonquian,PA:4,*amamo,*amamo
Proto_Algonquian,PA:4,*amant,*amant
Proto_Algonquian,PA:6,*amas‑,*amas‑
Proto_Algonquian,PA:6,*amat‑,*amat‑
Proto_Algonquian,PA:4,*amaw,*amaw
Proto_Algonquian,PA:4,*ame:kw,*ameekw
Proto_Algonquian,PA:4,*ame:ʔs(e:),*ameeʔs(ee)
Proto_Algonquian,PA:6,*ameθkw‑,*ameθkw‑
Proto_Algonquian,PA:4,*ami,*ami
Proto_Algonquian,PA:4,*amo,*amo
Proto_Algonquian,PA:4,*amo,*amo
Proto_Algonquian,PA:4,*an,*an
Proto_Algonquian,PA:4,*ana:xkye:,*anaaxkyee
Proto_Algonquian,PA:6,*ana·xk(y)‑,*anaaxk(y)‑
Proto_Algonquian,PA:6,*ana·xkyan‑,*anaaxkyan‑
Proto_Algonquian,PA:4,*anakwi,*anakwi
Proto_Algonquian,PA:4,*anaxk(w),*anaxk(w)
Proto_Algonquian,PA:4,*anči,*anči
Proto_Algonquian,PA:4,*ane:,*anee
Proto_Algonquian,PA:6,*ani‑,*ani‑
Proto_Algonquian,PA:6,*ani·py‑,*aniipy‑
Proto_Algonquian,PA:4,*ano:we:,*anoowee
Proto_Algonquian,PA:6,*ans‑,*ans‑
Proto_Algonquian,PA:4,*ant,*ant
Proto_Algonquian,PA:4,*ant,*ant
Proto_Algonquian,PA:6,*ap‑,*ap‑
Proto_Algonquian,PA:4,*ap‑,*ap‑
Proto_Algonquian,PA:6,*ap(iw)‑,*ap(iw)‑
Proto_Algonquian,PA:6,*ap(iw)‑,*ap(iw)‑
Proto_Algonquian,PA:4,*apahk,*apahk
Proto_Algonquian,PA:6,*apahkway‑,*apahkway‑
Proto_Algonquian,PA:6,*apanšiy‑,*apanšiy‑
Proto_Algonquian,PA:6,*apw(a·n)‑,*apw(aan)‑
Proto_Algonquian,PA:6,*apw(aw)‑,*apw(aw)‑
Proto_Algonquian,PA:6,*asa·ki·w‑,*asaakiiw‑
Proto_Algonquian,PA:4,*aše:,*ašee
Proto_Algonquian,PA:6,*ašikan(e·)‑,*ašikan(ee)‑
Proto_Algonquian,PA:6,*ašiškiw‑,*ašiškiw‑
Proto_Algonquian,PA:6,*asiwa‑,*asiwa‑
Proto_Algonquian,PA:6,*ašk‑,*ašk‑
Proto_Algonquian,PA:4,*ašk(e:),*ašk(ee)
Proto_Algonquian,PA:4,*ašken(e:),*ašken(ee)
Proto_Algonquian,PA:6,*aškw(aw)‑,*aškw(aw)‑
Proto_Algonquian,PA:4,*aškw(e:),*aškw(ee)
Proto_Algonquian,PA:4,*ašye:,*ašyee
Proto_Algonquian,PA:4,*ašye:‑,*ašyee‑
Proto_Algonquian,PA:1,*ašyee‑,*ašyee‑
Proto_Algonquian,PA:4,*at,*at
Proto_Algonquian,PA:4,*at,*at
Proto_Algonquian,PA:4,*ata:,*ataa
Proto_Algonquian,PA:4,*ata:we:,*ataawee
Proto_Algonquian,PA:6,*ata·hp‑,*ataahp‑
Proto_Algonquian,PA:2,*ata·nkw‑,*ataankw‑
Proto_Algonquian,PA:6,*ata·w(aw)‑,*ataaw(aw)‑
Proto_Algonquian,PA:6,*ata·we·‑,*ataawee‑
Proto_Algonquian,PA:4,*ataw,*ataw
Proto_Algonquian,PA:4,*ataye:,*atayee
Proto_Algonquian,PA:4,*ate:,*atee
Proto_Algonquian,PA:4,*atehs,*atehs
Proto_Algonquian,PA:6,*atehs‑,*atehs‑
Proto_Algonquian,PA:4,*atehsw,*atehsw
Proto_Algonquian,PA:4,*atehswi,*atehswi
Proto_Algonquian,PA:6,*ateht(e·)‑,*ateht(ee)‑
Proto_Algonquian,PA:4,*atehte:,*atehtee
Proto_Algonquian,PA:4,*atem,*atem
Proto_Algonquian,PA:6,*atem‑,*atem‑
Proto_Algonquian,PA:4,*aten,*aten
Proto_Algonquian,PA:4,*aten,*aten
Proto_Algonquian,PA:6,*atent‑,*atent‑
Proto_Algonquian,PA:4,*ato:t‑,*atoot‑
Proto_Algonquian,PA:1,*atoot‑,*atoot‑
Proto_Algonquian,PA:4,*atowe:,*atowee
Proto_Algonquian,PA:4,*atwe:mo,*atweemo
Proto_Algonquian,PA:4,*aw,*aw
Proto_Algonquian,PA:6,*aw‑,*aw‑
Proto_Algonquian,PA:6,*awa‑,*awa‑
Proto_Algonquian,PA:4,*awa:si‑,*awaasi‑
Proto_Algonquian,PA:6,*awa·s(ehš)‑,*awaas(ehš)‑
Proto_Algonquian,PA:6,*awa·ši‑,*awaaši‑
Proto_Algonquian,PA:6,*awah‑,*awah‑
Proto_Algonquian,PA:4,*awan,*awan
Proto_Algonquian,PA:6,*awat‑,*awat‑
Proto_Algonquian,PA:4,*awe:,*awee
Proto_Algonquian,PA:4,*awe:n‑,*aween‑
Proto_Algonquian,PA:4,*awe:nt,*aweent
Proto_Algonquian,PA:6,*awe·hs(ehs)‑,*aweehs(ehs)‑
Proto_Algonquian,PA:6,*awe·n‑,*aween‑
Proto_Algonquian,PA:4,*awi,*awi
Proto_Algonquian,PA:4,*awi,*awi
Proto_Algonquian,PA:6,*axk(aw)‑,*axk(aw)‑
Proto_Algonquian,PA:4,*axk(e:),*axk(ee)
Proto_Algonquian,PA:6,*axk(w)‑,*axk(w)‑
Proto_Algonquian,PA:4,*axkamik,*axkamik
Proto_Algonquian,PA:4,*axkaše:,*axkašee
Proto_Algonquian,PA:6,*axkehkw‑,*axkehkw‑
Proto_Algonquian,PA:4,*axkesen(e:),*axkesen(ee)
Proto_Algonquian,PA:4,*axkihki,*axkihki
Proto_Algonquian,PA:4,*axkw(a:),*axkw(aa)
Proto_Algonquian,PA:4,*axkwaθawe:,*axkwaθawee
Proto_Algonquian,PA:4,*axkwaθe:,*axkwaθee
Proto_Algonquian,PA:4,*axky,*axky
Proto_Algonquian,PA:6,*axky(iw)‑,*axky(iw)‑
Proto_Algonquian,PA:6,*axp‑,*axp‑
Proto_Algonquian,PA:6,*axpi·hči‑,*axpiihči‑
Proto_Algonquian,PA:6,*axpi·ht(aw)‑,*axpiiht(aw)‑
Proto_Algonquian,PA:6,*axpi·ʔt‑,*axpiiʔt‑
Proto_Algonquian,PA:6,*ay‑,*ay‑
Proto_Algonquian,PA:4,*ay(e:),*ay(ee)
Proto_Algonquian,PA:4,*aya:k(a)w‑,*ayaak(a)w‑
Proto_Algonquian,PA:6,*aya·pe·‑,*ayaapee‑
Proto_Algonquian,PA:4,*ayak,*ayak
Proto_Algonquian,PA:6,*ayaw‑,*ayaw‑
Proto_Algonquian,PA:6,*aye·θkw‑,*ayeeθkw‑
Proto_Algonquian,PA:1,*ayyeeθ‑,*ayyeeθ‑
Proto_Algonquian,PA:4,*aʔ‑,*aʔ‑
Proto_Algonquian,PA:6,*aʔči‑,*aʔči‑
Proto_Algonquian,PA:4,*aʔl,*aʔl
Proto_Algonquian,PA:6,*aʔlap‑,*aʔlap‑
Proto_Algonquian,PA:6,*aʔlapy‑,*aʔlapy‑
Proto_Algonquian,PA:4,*aʔlapy(e:),*aʔlapy(ee)
Proto_Algonquian,PA:6,*aʔšawe·‑,*aʔšawee‑
Proto_Algonquian,PA:6,*aʔsen(y)‑,*aʔsen(y)‑
Proto_Algonquian,PA:6,*aʔsena·pe·‑,*aʔsenaapee‑
Proto_Algonquian,PA:6,*aʔseny‑,*aʔseny‑
Proto_Algonquian,PA:6,*aʔši(či)‑,*aʔši(či)‑
Proto_Algonquian,PA:6,*aʔšit‑,*aʔšit‑
Proto_Algonquian,PA:4,*aʔso:,*aʔsoo
Proto_Algonquian,PA:4,*aʔt,*aʔt
Proto_Algonquian,PA:6,*aʔt(aw)‑,*aʔt(aw)‑
Proto_Algonquian,PA:4,*aʔta,*aʔta
Proto_Algonquian,PA:4,*aʔtaw,*aʔtaw
Proto_Algonquian,PA:4,*aʔte:,*aʔtee
Proto_Algonquian,PA:4,*aʔto:‑,*aʔtoo‑
Proto_Algonquian,PA:4,*aʔθ,*aʔθ
Proto_Algonquian,PA:6,*aʔθ‑,*aʔθ‑
Proto_Algonquian,PA:6,*aʔθa·xkamikw‑,*aʔθaaxkamikw‑
Proto_Algonquian,PA:4,*aʔθemw(e:),*aʔθemw(ee)
Proto_Algonquian,PA:4,*aθ,*aθ
Proto_Algonquian,PA:2,*aθ‑,*aθ‑
Proto_Algonquian,PA:4,*aθa:m‑,*aθaam‑
Proto_Algonquian,PA:4,*aθa:mw,*aθaamw
Proto_Algonquian,PA:4,*aθa:nkw,*aθaankw
Proto_Algonquian,PA:6,*aθa·m‑,*aθaam‑
Proto_Algonquian,PA:6,*aθa·m‑,*aθaam‑
Proto_Algonquian,PA:2,*aθa·nkw‑,*aθaankw‑
Proto_Algonquian,PA:1,*aθaam‑,*aθaam‑
Proto_Algonquian,PA:6,*aθam‑,*aθam‑
Proto_Algonquian,PA:6,*aθe‑,*aθe‑
Proto_Algonquian,PA:6,*aθem‑,*aθem‑
Proto_Algonquian,PA:2,*aθemw‑,*aθemw‑
Proto_Algonquian,PA:6,*aθet‑,*aθet‑
Proto_Algonquian,PA:6,*aθk‑,*aθk‑
Proto_Algonquian,PA:6,*aθk(aw)‑,*aθk(aw)‑
Proto_Algonquian,PA:4,*aθoxkaw,*aθoxkaw
Proto_Algonquian,PA:6,*aθoxky(e·)‑,*aθoxky(ee)‑
Proto_Algonquian,PA:6,*aθoxkyaw‑,*aθoxkyaw‑
Proto_Algonquian,PA:4,*aθoxkye:,*aθoxkyee
Proto_Algonquian,PA:6,*aθw‑,*aθw‑
Proto_Algonquian,PA:6,*aθwit‑,*aθwit‑
Proto_Algonquian,PA:6,*čapo·nk‑,*čapoonk‑
Proto_Algonquian,PA:4,*či:,*čii
Proto_Algonquian,PA:4,*či:nkwane:,*čiinkwanee
Proto_Algonquian,PA:6,*či·k‑,*čiik‑
Proto_Algonquian,PA:6,*či·k(w)‑,*čiik(w)‑
Proto_Algonquian,PA:6,*či·ma·n‑,*čiimaan‑
Proto_Algonquian,PA:6,*či·p‑,*čiip‑
Proto_Algonquian,PA:6,*či·pay‑,*čiipay‑
Proto_Algonquian,PA:6,*či·pw‑,*čiipw‑
Proto_Algonquian,PA:4,*čim(e:),*čim(ee)
Proto_Algonquian,PA:4,*čin,*čin
Proto_Algonquian,PA:4,*čiwan,*čiwan
Proto_Algonquian,PA:4,*čya:θe:,*čyaaθee
Proto_Algonquian,PA:6,*čya·k‑,*čyaak‑
Proto_Algonquian,PA:4,*čyexk,*čyexk
Proto_Algonquian,PA:1,*e‑,*e‑
Proto_Algonquian,PA:4,*e‑,*e‑
Proto_Algonquian,PA:4,*e:,*ee
Proto_Algonquian,PA:4,*e:,*ee
Proto_Algonquian,PA:4,*e:k,*eek
Proto_Algonquian,PA:4,*e:lemo,*eelemo
Proto_Algonquian,PA:4,*e:lenso,*eelenso
Proto_Algonquian,PA:4,*e:mehkwa:n,*eemehkwaan
Proto_Algonquian,PA:4,*e:nt,*eent
Proto_Algonquian,PA:4,*e:wehkwe:,*eewehkwee
Proto_Algonquian,PA:4,*e:wi,*eewi
Proto_Algonquian,PA:4,*e:wi,*eewi
Proto_Algonquian,PA:6,*e·hsepan‑,*eehsepan‑
Proto_Algonquian,PA:6,*e·likw‑,*eelikw‑
Proto_Algonquian,PA:6,*e·mehkw(a·n)‑,*eemehkw(aan)‑
Proto_Algonquian,PA:6,*eçk‑,*eçk‑
Proto_Algonquian,PA:4,*ečye:,*ečyee
Proto_Algonquian,PA:4,*ehči,*ehči
Proto_Algonquian,PA:6,*ehk(w)‑,*ehk(w)‑
Proto_Algonquian,PA:4,*ehkawi,*ehkawi
Proto_Algonquian,PA:4,*ehkawi,*ehkawi
Proto_Algonquian,PA:4,*ehke:,*ehkee
Proto_Algonquian,PA:4,*ehkw,*ehkw
Proto_Algonquian,PA:4,*ehkwema:n,*ehkwemaan
Proto_Algonquian,PA:4,*ehkweso:,*ehkwesoo
Proto_Algonquian,PA:4,*ehkwet,*ehkwet
Proto_Algonquian,PA:4,*ehkweθ,*ehkweθ
Proto_Algonquian,PA:4,*ehs,*ehs
Proto_Algonquian,PA:4,*ehš,*ehš
Proto_Algonquian,PA:4,*ehše:,*ehšee
Proto_Algonquian,PA:4,*eht,*eht
Proto_Algonquian,PA:4,*ehtawak(e:),*ehtawak(ee)
Proto_Algonquian,PA:4,*ehte:,*ehtee
Proto_Algonquian,PA:4,*ehθ(e:),*ehθ(ee)
Proto_Algonquian,PA:4,*ehθak,*ehθak
Proto_Algonquian,PA:4,*eka:,*ekaa
Proto_Algonquian,PA:4,*eke,*eke
Proto_Algonquian,PA:4,*ekiθ,*ekiθ
Proto_Algonquian,PA:4,*ekon(ak),*ekon(ak)
Proto_Algonquian,PA:4,*ekwayaw(e:),*ekwayaw(ee)
Proto_Algonquian,PA:4,*ekwe:(we:),*ekwee(wee)
Proto_Algonquian,PA:4,*ekwe:w(e:w),*ekweew(eew)
Proto_Algonquian,PA:4,*el,*el
Proto_Algonquian,PA:4,*ela:kan(e:),*elaakan(ee)
Proto_Algonquian,PA:6,*elekohk(w)‑,*elekohk(w)‑
Proto_Algonquian,PA:1,*elen‑,*elen‑
Proto_Algonquian,PA:4,*elenyiw,*elenyiw
Proto_Algonquian,PA:4,*eminšy,*eminšy
Proto_Algonquian,PA:4,*enkwa:mi,*enkwaami
Proto_Algonquian,PA:4,*enkwaʔši,*enkwaʔši
Proto_Algonquian,PA:4,*eno,*eno
Proto_Algonquian,PA:4,*enw,*enw
Proto_Algonquian,PA:4,*epak,*epak
Proto_Algonquian,PA:4,*epak,*epak
Proto_Algonquian,PA:4,*epy(e:)(k),*epy(ee)(k)
Proto_Algonquian,PA:4,*epye:ʔθ,*epyeeʔθ
Proto_Algonquian,PA:4,*eš‑,*eš‑
Proto_Algonquian,PA:4,*ese:wehkw(e:),*eseewehkw(ee)
Proto_Algonquian,PA:4,*esi,*esi
Proto_Algonquian,PA:4,*esi‑,*esi‑
Proto_Algonquian,PA:4,*eših,*eših
Proto_Algonquian,PA:4,*ešiht,*ešiht
Proto_Algonquian,PA:4,*ešihtaw,*ešihtaw
Proto_Algonquian,PA:4,*ešihw,*ešihw
Proto_Algonquian,PA:4,*ešimo,*ešimo
Proto_Algonquian,PA:4,*esiwi(w),*esiwi(w)
Proto_Algonquian,PA:4,*ešk,*ešk
Proto_Algonquian,PA:1,*ešk‑,*ešk‑
Proto_Algonquian,PA:6,*ešk‑,*ešk‑
Proto_Algonquian,PA:4,*eškaw,*eškaw
Proto_Algonquian,PA:4,*eškawi,*eškawi
Proto_Algonquian,PA:4,*eškaθ,*eškaθ
Proto_Algonquian,PA:4,*eskw,*eskw
Proto_Algonquian,PA:6,*eškw‑,*eškw‑
Proto_Algonquian,PA:6,*eškwa·nte·m‑,*eškwaanteem‑
Proto_Algonquian,PA:4,*eškwete:,*eškwetee
Proto_Algonquian,PA:6,*eškwete·‑,*eškwetee‑
Proto_Algonquian,PA:4,*eskwi‑,*eskwi‑
Proto_Algonquian,PA:4,*eso,*eso
Proto_Algonquian,PA:4,*eso,*eso
Proto_Algonquian,PA:1,*ešp‑,*ešp‑
Proto_Algonquian,PA:6,*ešp(aw)‑,*ešp(aw)‑
Proto_Algonquian,PA:4,*esw,*esw
Proto_Algonquian,PA:4,*ešw,*ešw
Proto_Algonquian,PA:4,*et‑,*et‑
Proto_Algonquian,PA:4,*ete:,*etee
Proto_Algonquian,PA:4,*ete:,*etee
Proto_Algonquian,PA:4,*eton(e:),*eton(ee)
Proto_Algonquian,PA:4,*etwi,*etwi
Proto_Algonquian,PA:4,*etwiso,*etwiso
Proto_Algonquian,PA:4,*exkw(e:),*exkw(ee)
Proto_Algonquian,PA:4,*exkwamy(e:),*exkwamy(ee)
Proto_Algonquian,PA:4,*expenye:,*expenyee
Proto_Algonquian,PA:4,*expw,*expw
Proto_Algonquian,PA:4,*eʔtekw,*eʔtekw
Proto_Algonquian,PA:4,*eθ,*eθ
Proto_Algonquian,PA:1,*eθ‑,*eθ‑
Proto_Algonquian,PA:1,*eθ‑,*eθ‑
Proto_Algonquian,PA:4,*eθa:t‑,*eθaat‑
Proto_Algonquian,PA:1,*eθaat‑,*eθaat‑
Proto_Algonquian,PA:4,*eθkwe:(w)(e:),*eθkwee(w)(ee)
Proto_Algonquian,PA:6,*eθkwe·‑,*eθkwee‑
Proto_Algonquian,PA:6,*eθkʷe·w‑,*eθkʷeew‑
Proto_Algonquian,PA:6,*eθpen(aθ)‑,*eθpen(aθ)‑
Proto_Algonquian,PA:6,*eθpene·‑,*eθpenee‑
Proto_Algonquian,PA:4,*eθpokw‑,*eθpokw‑
Proto_Algonquian,PA:4,*h,*h
Proto_Algonquian,PA:4,*h,*h
Proto_Algonquian,PA:4,*hči,*hči
Proto_Algonquian,PA:4,*hka:n,*hkaan
Proto_Algonquian,PA:4,*hka:so,*hkaaso
Proto_Algonquian,PA:4,*hkama:,*hkamaa
Proto_Algonquian,PA:4,*hkame:,*hkamee
Proto_Algonquian,PA:4,*hkate:,*hkatee
Proto_Algonquian,PA:4,*hkoniye:,*hkoniyee
Proto_Algonquian,PA:4,*hkwema:n,*hkwemaan
Proto_Algonquian,PA:4,*hkwet,*hkwet
Proto_Algonquian,PA:4,*hkweθ,*hkweθ
Proto_Algonquian,PA:4,*ho,*ho
Proto_Algonquian,PA:4,*hpiso,*hpiso
Proto_Algonquian,PA:4,*hpit,*hpit
Proto_Algonquian,PA:4,*hpite:,*hpitee
Proto_Algonquian,PA:4,*hpiθ,*hpiθ
Proto_Algonquian,PA:4,*hše,*hše
Proto_Algonquian,PA:4,*hši:m,*hšiim
Proto_Algonquian,PA:4,*hšim,*hšim
Proto_Algonquian,PA:4,*hšimo,*hšimo
Proto_Algonquian,PA:4,*hšin,*hšin
Proto_Algonquian,PA:4,*ht,*ht
Proto_Algonquian,PA:4,*hta:,*htaa
Proto_Algonquian,PA:4,*htaw,*htaw
Proto_Algonquian,PA:4,*hw,*hw
Proto_Algonquian,PA:4,*hθak,*hθak
Proto_Algonquian,PA:4,*hθe:,*hθee
Proto_Algonquian,PA:4,*hθen,*hθen
Proto_Algonquian,PA:4,*hθene,*hθene
Proto_Algonquian,PA:4,*hθeta:,*hθetaa
Proto_Algonquian,PA:4,*hθetaw,*hθetaw
Proto_Algonquian,PA:4,*i,*i
Proto_Algonquian,PA:4,*i,*i
Proto_Algonquian,PA:4,*i:,*ii
Proto_Algonquian,PA:4,*i:lenwe:,*iilenwee
Proto_Algonquian,PA:4,*i:nkw(e:),*iinkw(ee)
Proto_Algonquian,PA:4,*i:ntemya:,*iintemyaa
Proto_Algonquian,PA:4,*i:t(e:),*iit(ee)
Proto_Algonquian,PA:4,*i:waθ,*iiwaθ
Proto_Algonquian,PA:4,*i:wi,*iiwi
Proto_Algonquian,PA:4,*i:wi,*iiwi
Proto_Algonquian,PA:4,*i:yaw(e:),*iiyaw(ee)
Proto_Algonquian,PA:4,*i:ʔt,*iiʔt
Proto_Algonquian,PA:4,*i:ʔtaw,*iiʔtaw
Proto_Algonquian,PA:1,*iil‑,*iil‑
Proto_Algonquian,PA:1,*iit‑,*iit‑
Proto_Algonquian,PA:4,*ik,*ik
Proto_Algonquian,PA:4,*ik(e:),*ik(ee)
Proto_Algonquian,PA:4,*ikah,*ikah
Proto_Algonquian,PA:4,*ikahw,*ikahw
Proto_Algonquian,PA:4,*ikamikw,*ikamikw
Proto_Algonquian,PA:4,*inlehkaw,*inlehkaw
Proto_Algonquian,PA:4,*iwe:,*iwee
Proto_Algonquian,PA:4,*iwehk,*iwehk
Proto_Algonquian,PA:4,*iwehkaw,*iwehkaw
Proto_Algonquian,PA:4,*iwi,*iwi
Proto_Algonquian,PA:4,*iwi,*iwi
Proto_Algonquian,PA:4,*iθ‑,*iθ‑
Proto_Algonquian,PA:4,*ka:,*kaa
Proto_Algonquian,PA:4,*ka:(t),*kaa(t)
Proto_Algonquian,PA:4,*ka:hk‑,*kaahk‑
Proto_Algonquian,PA:4,*ka:paw,*kaapaw
Proto_Algonquian,PA:4,*ka:so,*kaaso
Proto_Algonquian,PA:4,*ka:t(e:),*kaat(ee)
Proto_Algonquian,PA:4,*ka:te:,*kaatee
Proto_Algonquian,PA:4,*ka:w‑,*kaaw‑
Proto_Algonquian,PA:6,*ka·hk‑,*kaahk‑
Proto_Algonquian,PA:6,*ka·hk(aw)‑,*kaahk(aw)‑
Proto_Algonquian,PA:6,*ka·nči‑,*kaanči‑
Proto_Algonquian,PA:6,*ka·ns‑,*kaans‑
Proto_Algonquian,PA:6,*ka·nt‑,*kaant‑
Proto_Algonquian,PA:6,*ka·si·‑,*kaasii‑
Proto_Algonquian,PA:6,*ka·sk‑,*kaask‑
Proto_Algonquian,PA:6,*ka·šk‑,*kaašk‑
Proto_Algonquian,PA:6,*ka·škepya·‑,*kaaškepyaa‑
Proto_Algonquian,PA:6,*ka·w‑,*kaaw‑
Proto_Algonquian,PA:6,*ka·xp‑,*kaaxp‑
Proto_Algonquian,PA:4,*kah‑,*kah‑
Proto_Algonquian,PA:4,*kaHk‑,*kaHk‑
Proto_Algonquian,PA:4,*kaHk‑,*kaHk‑
Proto_Algonquian,PA:4,*kahkwan,*kahkwan
Proto_Algonquian,PA:4,*kahtekw(e:),*kahtekw(ee)
Proto_Algonquian,PA:4,*kaka:nw‑,*kakaanw‑
Proto_Algonquian,PA:2,*kaka·nw‑,*kakaanw‑
Proto_Algonquian,PA:6,*kaka·nw‑,*kakaanw‑
Proto_Algonquian,PA:1,*kakaanw‑,*kakaanw‑
Proto_Algonquian,PA:4,*kakwa:I‑,*kakwaaI‑
Proto_Algonquian,PA:6,*kakwa·leʔlak‑,*kakwaaleʔlak‑
Proto_Algonquian,PA:4,*kakwe:t‑,*kakweet‑
Proto_Algonquian,PA:6,*kakwe·t‑,*kakweet‑
Proto_Algonquian,PA:4,*kakya:(w)‑,*kakyaa(w)‑
Proto_Algonquian,PA:4,*kakye:p‑,*kakyeep‑
Proto_Algonquian,PA:4,*kakye:θk‑,*kakyeeθk‑
Proto_Algonquian,PA:6,*kama·čiw‑,*kamaačiw‑
Proto_Algonquian,PA:4,*kamy(a:),*kamy(aa)
Proto_Algonquian,PA:4,*kan,*kan
Proto_Algonquian,PA:4,*kan‑,*kan‑
Proto_Algonquian,PA:4,*kan‑,*kan‑
Proto_Algonquian,PA:4,*kana:m,*kanaam
Proto_Algonquian,PA:4,*kana:nt,*kanaant
Proto_Algonquian,PA:6,*kana·či‑,*kanaači‑
Proto_Algonquian,PA:6,*kana·t‑,*kanaat‑
Proto_Algonquian,PA:6,*kanaw‑,*kanaw‑
Proto_Algonquian,PA:4,*kanaw(e:),*kanaw(ee)
Proto_Algonquian,PA:4,*kane:,*kanee
Proto_Algonquian,PA:4,*kanwew‑,*kanwew‑
Proto_Algonquian,PA:4,*kap‑,*kap‑
Proto_Algonquian,PA:6,*kap(at)(e·)‑,*kap(at)(ee)‑
Proto_Algonquian,PA:6,*kap(aw)‑,*kap(aw)‑
Proto_Algonquian,PA:6,*kap(e·)‑,*kap(ee)‑
Proto_Algonquian,PA:4,*kape:‑,*kapee‑
Proto_Algonquian,PA:4,*kašk‑,*kašk‑
Proto_Algonquian,PA:4,*kašk‑,*kašk‑
Proto_Algonquian,PA:4,*kašy(e:),*kašy(ee)
Proto_Algonquian,PA:4,*kat‑,*kat‑
Proto_Algonquian,PA:6,*kat(a)w‑,*kat(a)w‑
Proto_Algonquian,PA:6,*kataw‑,*kataw‑
Proto_Algonquian,PA:4,*kaw,*kaw
Proto_Algonquian,PA:1,*kaw‑,*kaw‑
Proto_Algonquian,PA:4,*kaxkwane:‑,*kaxkwanee‑
Proto_Algonquian,PA:4,*kay‑,*kay‑
Proto_Algonquian,PA:4,*kayaht‑,*kayaht‑
Proto_Algonquian,PA:4,*kaθ‑,*kaθ‑
Proto_Algonquian,PA:4,*kaθke:še:wi,*kaθkeešeewi
Proto_Algonquian,PA:4,*ke:,*kee
Proto_Algonquian,PA:4,*ke:h‑,*keeh‑
Proto_Algonquian,PA:4,*ke:hte:‑,*keehtee‑
Proto_Algonquian,PA:4,*ke:k‑,*keek‑
Proto_Algonquian,PA:4,*ke:kya:t‑,*keekyaat‑
Proto_Algonquian,PA:4,*ke:ma:w‑,*keemaaw‑
Proto_Algonquian,PA:4,*ke:sip‑,*keesip‑
Proto_Algonquian,PA:4,*ke:šk‑,*keešk‑
Proto_Algonquian,PA:6,*ke·hšawi‑,*keehšawi‑
Proto_Algonquian,PA:6,*ke·hte·‑,*keehtee‑
Proto_Algonquian,PA:6,*ke·k‑,*keek‑
Proto_Algonquian,PA:6,*ke·kw‑,*keekw‑
Proto_Algonquian,PA:6,*ke·kya·t‑,*keekyaat‑
Proto_Algonquian,PA:6,*ke·sip‑,*keesip‑
Proto_Algonquian,PA:6,*ke·ʔs,*keeʔs
Proto_Algonquian,PA:6,*ke(t)‑,*ke(t)‑
Proto_Algonquian,PA:6,*keči‑,*keči‑
Proto_Algonquian,PA:6,*kečkye·‑,*kečkyee‑
Proto_Algonquian,PA:1,*keeh‑,*keeh‑
Proto_Algonquian,PA:4,*keHt‑,*keHt‑
Proto_Algonquian,PA:6,*kehtem‑,*kehtem‑
Proto_Algonquian,PA:6,*kek‑,*kek‑
Proto_Algonquian,PA:4,*kekye:p‑,*kekyeep‑
Proto_Algonquian,PA:6,*kelaw‑,*kelaw‑
Proto_Algonquian,PA:6,*kelek‑,*kelek‑
Proto_Algonquian,PA:6,*kelip‑,*kelip‑
Proto_Algonquian,PA:6,*kemi(wan)‑,*kemi(wan)‑
Proto_Algonquian,PA:4,*kemo:t‑,*kemoot‑
Proto_Algonquian,PA:6,*kemo·s‑,*kemoos‑
Proto_Algonquian,PA:6,*kemo·t,*kemoot
Proto_Algonquian,PA:4,*ken,*ken
Proto_Algonquian,PA:6,*kenči‑,*kenči‑
Proto_Algonquian,PA:6,*kenli(w)‑,*kenli(w)‑
Proto_Algonquian,PA:4,*kenši,*kenši
Proto_Algonquian,PA:4,*kent‑,*kent‑
Proto_Algonquian,PA:6,*kent(aw)‑,*kent(aw)‑
Proto_Algonquian,PA:1,*kenw‑,*kenw‑
Proto_Algonquian,PA:6,*kenw(aw)‑,*kenw(aw)‑
Proto_Algonquian,PA:6,*kenwešye·w‑,*kenwešyeew‑
Proto_Algonquian,PA:4,*kenθe:,*kenθee
Proto_Algonquian,PA:4,*kep,*kep
Proto_Algonquian,PA:6,*kepo·hk‑,*kepoohk‑
Proto_Algonquian,PA:6,*kepw‑,*kepw‑
Proto_Algonquian,PA:6,*kes‑,*kes‑
Proto_Algonquian,PA:6,*keši‑,*keši‑
Proto_Algonquian,PA:4,*kesi:‑,*kesii‑
Proto_Algonquian,PA:4,*keši:p‑,*kešiip‑
Proto_Algonquian,PA:6,*kesi·(p)‑,*kesii(p)‑
Proto_Algonquian,PA:1,*kešy‑,*kešy‑
Proto_Algonquian,PA:4,*kešy‑,*kešy‑
Proto_Algonquian,PA:4,*kešy‑,*kešy‑
Proto_Algonquian,PA:6,*kešy(e·w)‑,*kešy(eew)‑
Proto_Algonquian,PA:6,*kešya·w‑,*kešyaaw‑
Proto_Algonquian,PA:4,*kešyi:‑,*kešyii‑
Proto_Algonquian,PA:4,*kešyi:p‑,*kešyiip‑
Proto_Algonquian,PA:1,*kešyii‑,*kešyii‑
Proto_Algonquian,PA:4,*ket‑,*ket‑
Proto_Algonquian,PA:4,*ket‑,*ket‑
Proto_Algonquian,PA:6,*ket(aw)‑,*ket(aw)‑
Proto_Algonquian,PA:6,*ketak‑,*ketak‑
Proto_Algonquian,PA:4,*ketekw(e:),*ketekw(ee)
Proto_Algonquian,PA:6,*ketem‑,*ketem‑
Proto_Algonquian,PA:6,*ketem(a·k)‑,*ketem(aak)‑
Proto_Algonquian,PA:6,*ketema·k‑,*ketemaak‑
Proto_Algonquian,PA:6,*ketw‑,*ketw‑
Proto_Algonquian,PA:6,*kexk‑,*kexk‑
Proto_Algonquian,PA:6,*kexkinaw‑,*kexkinaw‑
Proto_Algonquian,PA:6,*kexpak‑,*kexpak‑
Proto_Algonquian,PA:6,*keʔči‑,*keʔči‑
Proto_Algonquian,PA:6,*keʔs‑,*keʔs‑
Proto_Algonquian,PA:6,*keʔt‑,*keʔt‑
Proto_Algonquian,PA:2,*keθ‑,*keθ‑
Proto_Algonquian,PA:4,*keθ‑,*keθ‑
Proto_Algonquian,PA:6,*keθ(w)‑,*keθ(w)‑
Proto_Algonquian,PA:4,*keθk‑,*keθk‑
Proto_Algonquian,PA:4,*keθkinaw‑,*keθkinaw‑
Proto_Algonquian,PA:4,*keθkinw‑,*keθkinw‑
Proto_Algonquian,PA:4,*keθo‑,*keθo‑
Proto_Algonquian,PA:4,*keθp‑,*keθp‑
Proto_Algonquian,PA:4,*ki,*ki
Proto_Algonquian,PA:4,*ki:hk‑,*kiihk‑
Proto_Algonquian,PA:4,*ki:hka:‑,*kiihkaa‑
Proto_Algonquian,PA:4,*ki:hki:hk‑,*kiihkiihk‑
Proto_Algonquian,PA:4,*ki:HSa:t‑,*kiiHSaat‑
Proto_Algonquian,PA:4,*ki:m‑,*kiim‑
Proto_Algonquian,PA:4,*ki:mo:t‑,*kiimoot‑
Proto_Algonquian,PA:4,*ki:n‑,*kiin‑
Proto_Algonquian,PA:4,*ki:nk‑,*kiink‑
Proto_Algonquian,PA:4,*ki:nl‑,*kiinl‑
Proto_Algonquian,PA:4,*ki:nt‑,*kiint‑
Proto_Algonquian,PA:4,*ki:p‑,*kiip‑
Proto_Algonquian,PA:4,*ki:š‑,*kiiš‑
Proto_Algonquian,PA:4,*ki:š‑,*kiiš‑
Proto_Algonquian,PA:4,*ki:š‑,*kiiš‑
Proto_Algonquian,PA:4,*ki:šek‑,*kiišek‑
Proto_Algonquian,PA:4,*ki:šes‑,*kiišes‑
Proto_Algonquian,PA:4,*ki:šet‑,*kiišet‑
Proto_Algonquian,PA:4,*ki:šeʔθw,*kiišeʔθw
Proto_Algonquian,PA:4,*ki:šk‑,*kiišk‑
Proto_Algonquian,PA:4,*ki:t‑,*kiit‑
Proto_Algonquian,PA:4,*ki:w‑,*kiiw‑
Proto_Algonquian,PA:4,*ki:wa:t‑,*kiiwaat‑
Proto_Algonquian,PA:6,*ki·či‑,*kiiči‑
Proto_Algonquian,PA:6,*ki·hk‑,*kiihk‑
Proto_Algonquian,PA:6,*ki·hsa·či‑,*kiihsaači‑
Proto_Algonquian,PA:6,*ki·hsa·t‑,*kiihsaat‑
Proto_Algonquian,PA:6,*ki·kitw‑,*kiikitw‑
Proto_Algonquian,PA:6,*ki·m(aw)‑,*kiim(aw)‑
Proto_Algonquian,PA:6,*ki·mo·či‑,*kiimooči‑
Proto_Algonquian,PA:6,*ki·mo·s‑,*kiimoos‑
Proto_Algonquian,PA:6,*ki·mo·t‑,*kiimoot‑
Proto_Algonquian,PA:6,*ki·n‑,*kiin‑
Proto_Algonquian,PA:6,*ki·n(aw)‑,*kiin(aw)‑
Proto_Algonquian,PA:6,*ki·p‑,*kiip‑
Proto_Algonquian,PA:6,*ki·s‑,*kiis‑
Proto_Algonquian,PA:6,*ki·š‑,*kiiš‑
Proto_Algonquian,PA:6,*ki·š‑,*kiiš‑
Proto_Algonquian,PA:6,*ki·š(w)(aw)‑,*kiiš(w)(aw)‑
Proto_Algonquian,PA:6,*ki·š(w)eʔθw‑,*kiiš(w)eʔθw‑
Proto_Algonquian,PA:6,*ki·šek‑,*kiišek‑
Proto_Algonquian,PA:6,*ki·šek(aw)‑,*kiišek(aw)‑
Proto_Algonquian,PA:6,*ki·šekw‑,*kiišekw‑
Proto_Algonquian,PA:6,*ki·šekw‑,*kiišekw‑
Proto_Algonquian,PA:6,*ki·šk‑,*kiišk‑
Proto_Algonquian,PA:6,*ki·t‑,*kiit‑
Proto_Algonquian,PA:6,*ki·w‑,*kiiw‑
Proto_Algonquian,PA:6,*ki·wa·či‑,*kiiwaači‑
Proto_Algonquian,PA:6,*ki·wa·s‑,*kiiwaas‑
Proto_Algonquian,PA:6,*ki·wa·t‑,*kiiwaat‑
Proto_Algonquian,PA:6,*ki·wašk(w)e·‑,*kiiwašk(w)ee‑
Proto_Algonquian,PA:6,*ki·we·(t)‑,*kiiwee(t)‑
Proto_Algonquian,PA:6,*ki·xpw‑,*kiixpw‑
Proto_Algonquian,PA:6,*ki·ʔči‑,*kiiʔči‑
Proto_Algonquian,PA:6,*ki·ʔs‑,*kiiʔs‑
Proto_Algonquian,PA:6,*ki·ʔt‑,*kiiʔt‑
Proto_Algonquian,PA:1,*kiihkaa‑,*kiihkaa‑
Proto_Algonquian,PA:1,*kiiš‑,*kiiš‑
Proto_Algonquian,PA:1,*kiišk‑,*kiišk‑
Proto_Algonquian,PA:7,*kīšk‑,*kīšk‑
Proto_Algonquian,PA:4,*kita:so,*kitaaso
Proto_Algonquian,PA:1,*ko‑,*ko‑
Proto_Algonquian,PA:4,*ko‑,*ko‑
Proto_Algonquian,PA:4,*ko:hpat‑,*koohpat‑
Proto_Algonquian,PA:4,*ko:k‑,*kook‑
Proto_Algonquian,PA:4,*ko:n‑,*koon‑
Proto_Algonquian,PA:6,*ko·hpa·či‑,*koohpaači‑
Proto_Algonquian,PA:6,*ko·hpa·t‑,*koohpaat‑
Proto_Algonquian,PA:6,*ko·k‑,*kook‑
Proto_Algonquian,PA:6,*ko·n‑,*koon‑
Proto_Algonquian,PA:4,*ko(:)n‑,*ko(:)n‑
Proto_Algonquian,PA:4,*kočin,*kočin
Proto_Algonquian,PA:4,*kom(e:),*kom(ee)
Proto_Algonquian,PA:4,*kon(e:),*kon(ee)
Proto_Algonquian,PA:1,*koohpat‑,*koohpat‑
Proto_Algonquian,PA:4,*kos‑,*kos‑
Proto_Algonquian,PA:4,*kosekw‑,*kosekw‑
Proto_Algonquian,PA:4,*koškw‑,*koškw‑
Proto_Algonquian,PA:4,*kote:,*kotee
Proto_Algonquian,PA:4,*kotekw‑,*kotekw‑
Proto_Algonquian,PA:4,*kotekw‑,*kotekw‑
Proto_Algonquian,PA:4,*koʔ‑,*koʔ‑
Proto_Algonquian,PA:4,*koθe,*koθe
Proto_Algonquian,PA:4,*koθk‑,*koθk‑
Proto_Algonquian,PA:4,*koθp‑,*koθp‑
Proto_Algonquian,PA:4,*kwa:Hk‑,*kwaaHk‑
Proto_Algonquian,PA:4,*kwa:p‑,*kwaap‑
Proto_Algonquian,PA:4,*kwa:škwaθ,*kwaaškwaθ
Proto_Algonquian,PA:4,*kwa:so,*kwaaso
Proto_Algonquian,PA:4,*kwa:t,*kwaat
Proto_Algonquian,PA:4,*kwa:t(e:),*kwaat(ee)
Proto_Algonquian,PA:4,*kwa:ʔs(w),*kwaaʔs(w)
Proto_Algonquian,PA:4,*kwa:θ,*kwaaθ
Proto_Algonquian,PA:6,*kwa·p‑,*kwaap‑
Proto_Algonquian,PA:6,*kwa·škw(e·)‑,*kwaaškw(ee)‑
Proto_Algonquian,PA:4,*kwan‑,*kwan‑
Proto_Algonquian,PA:6,*kwatak‑,*kwatak‑
Proto_Algonquian,PA:4,*kwayaw(e:),*kwayaw(ee)
Proto_Algonquian,PA:6,*kwayaθkw‑,*kwayaθkw‑
Proto_Algonquian,PA:4,*kwe:xk‑,*kweexk‑
Proto_Algonquian,PA:6,*kwe·θap‑,*kweeθap‑
Proto_Algonquian,PA:6,*kwe·θk(aw)‑,*kweeθk(aw)‑
Proto_Algonquian,PA:6,*kwe·θke·‑,*kweeθkee‑
Proto_Algonquian,PA:6,*kwe·θkw‑,*kweeθkw‑
Proto_Algonquian,PA:6,*kweči‑,*kweči‑
Proto_Algonquian,PA:6,*kwenči‑,*kwenči‑
Proto_Algonquian,PA:6,*kwent‑,*kwent‑
Proto_Algonquian,PA:4,*kwenta:kan,*kwentaakan
Proto_Algonquian,PA:6,*kwes‑,*kwes‑
Proto_Algonquian,PA:6,*kwesaw‑,*kwesaw‑
Proto_Algonquian,PA:6,*kwesi‑,*kwesi‑
Proto_Algonquian,PA:6,*kweškw‑,*kweškw‑
Proto_Algonquian,PA:6,*kwet‑,*kwet‑
Proto_Algonquian,PA:6,*kwetak‑,*kwetak‑
Proto_Algonquian,PA:6,*kwetekw‑,*kwetekw‑
Proto_Algonquian,PA:4,*kwetekw‑,*kwetekw‑
Proto_Algonquian,PA:6,*kwexp‑,*kwexp‑
Proto_Algonquian,PA:6,*kweʔči‑,*kweʔči‑
Proto_Algonquian,PA:6,*kweʔši‑,*kweʔši‑
Proto_Algonquian,PA:6,*kweʔt‑,*kweʔt‑
Proto_Algonquian,PA:6,*kweʔθ‑,*kweʔθ‑
Proto_Algonquian,PA:4,*kweθk‑,*kweθk‑
Proto_Algonquian,PA:4,*kwi:škwihθ‑,*kwiiškwihθ‑
Proto_Algonquian,PA:4,*kwi:θaw‑,*kwiiθaw‑
Proto_Algonquian,PA:4,*kwi:θw‑,*kwiiθw‑
Proto_Algonquian,PA:6,*kwi·škw‑,*kwiiškw‑
Proto_Algonquian,PA:6,*kwi·θ(a)w‑,*kwiiθ(a)w‑
Proto_Algonquian,PA:1,*kwiiθw‑,*kwiiθw‑
Proto_Algonquian,PA:6,*kwiʔs,*kwiʔs
Proto_Algonquian,PA:6,*kya,*kya
Proto_Algonquian,PA:4,*kya:‑,*kyaa‑
Proto_Algonquian,PA:4,*kya:‑,*kyaa‑
Proto_Algonquian,PA:4,*kya:hkw‑,*kyaahkw‑
Proto_Algonquian,PA:6,*kya·‑,*kyaa‑
Proto_Algonquian,PA:6,*kya·hkw‑,*kyaahkw‑
Proto_Algonquian,PA:6,*kya·w‑,*kyaaw‑
Proto_Algonquian,PA:4,*kyi:ʔs‑,*kyiiʔs‑
Proto_Algonquian,PA:6,*l,*l
Proto_Algonquian,PA:6,*la:kane:,*la:kane:
Proto_Algonquian,PA:4,*la:nk‑,*laank‑
Proto_Algonquian,PA:6,*la·l‑,*laal‑
Proto_Algonquian,PA:6,*la·nk‑,*laank‑
Proto_Algonquian,PA:6,*la·nk‑,*laank‑
Proto_Algonquian,PA:6,*la·š‑,*laaš‑
Proto_Algonquian,PA:6,*la·w‑,*laaw‑
Proto_Algonquian,PA:6,*lakačkw(e:),*lakačkw(e:)
Proto_Algonquian,PA:6,*lala·w‑,*lalaaw‑
Proto_Algonquian,PA:6,*lalakw‑,*lalakw‑
Proto_Algonquian,PA:6,*law,*law
Proto_Algonquian,PA:6,*lawe:,*lawe:
Proto_Algonquian,PA:4,*le:p‑,*leep‑
Proto_Algonquian,PA:6,*le·hl(e·)‑,*leehl(ee)‑
Proto_Algonquian,PA:6,*le·kaw‑,*leekaw‑
Proto_Algonquian,PA:6,*lekw‑,*lekw‑
Proto_Algonquian,PA:6,*lenyiw,*lenyiw
Proto_Algonquian,PA:6,*lesk(w)‑,*lesk(w)‑
Proto_Algonquian,PA:6,*li,*li
Proto_Algonquian,PA:6,*li·k‑,*liik‑
Proto_Algonquian,PA:6,*li·k(w)‑,*liik(w)‑
Proto_Algonquian,PA:6,*li·w‑,*liiw‑
Proto_Algonquian,PA:4,*lo:k‑,*look‑
Proto_Algonquian,PA:6,*lo:ke:,*lo:ke:
Proto_Algonquian,PA:4,*lo:p‑,*loop‑
Proto_Algonquian,PA:6,*lo:w,*lo:w
Proto_Algonquian,PA:6,*lo·hθ(e·)‑,*loohθ(ee)‑
Proto_Algonquian,PA:6,*lo·ten‑,*looten‑
Proto_Algonquian,PA:6,*lo·w‑,*loow‑
Proto_Algonquian,PA:6,*lo·xk(aw)‑,*looxk(aw)‑
Proto_Algonquian,PA:6,*m,*m
Proto_Algonquian,PA:6,*ma:čy,*ma:čy
Proto_Algonquian,PA:4,*ma:t‑,*maat‑
Proto_Algonquian,PA:6,*ma·čy‑,*maačy‑
Proto_Algonquian,PA:6,*ma·čyiw‑,*maačyiw‑
Proto_Algonquian,PA:6,*ma·čyiy‑,*maačyiy‑
Proto_Algonquian,PA:6,*ma·maθka·či‑,*maamaθkaači‑
Proto_Algonquian,PA:6,*ma·maθka·t‑,*maamaθkaat‑
Proto_Algonquian,PA:6,*ma·ntakw‑,*maantakw‑
Proto_Algonquian,PA:6,*ma·šk‑,*maašk‑
Proto_Algonquian,PA:6,*ma·t‑,*maat‑
Proto_Algonquian,PA:6,*ma·t(aw)‑,*maat(aw)‑
Proto_Algonquian,PA:6,*ma·w(at)‑,*maaw(at)‑
Proto_Algonquian,PA:6,*ma·w(aw)‑,*maaw(aw)‑
Proto_Algonquian,PA:6,*ma·wači‑,*maawači‑
Proto_Algonquian,PA:6,*ma·watw(e·)‑,*maawatw(ee)‑
Proto_Algonquian,PA:6,*ma·θ(e·)‑,*maaθ(ee)‑
Proto_Algonquian,PA:6,*ma·θ(w)‑,*maaθ(w)‑
Proto_Algonquian,PA:1,*maat‑,*maat‑
Proto_Algonquian,PA:6,*mači‑,*mači‑
Proto_Algonquian,PA:6,*mahi·nkan‑,*mahiinkan‑
Proto_Algonquian,PA:6,*mahi·nkaniw‑,*mahiinkaniw‑
Proto_Algonquian,PA:6,*mahkahkw,*mahkahkw
Proto_Algonquian,PA:6,*mahkate·w‑,*mahkateew‑
Proto_Algonquian,PA:6,*mahwe·w‑,*mahweew‑
Proto_Algonquian,PA:4,*mak‑,*mak‑
Proto_Algonquian,PA:6,*maka·l‑,*makaal‑
Proto_Algonquian,PA:6,*makan,*makan
Proto_Algonquian,PA:6,*makat,*makat
Proto_Algonquian,PA:6,*makw‑,*makw‑
Proto_Algonquian,PA:7,*mākw‑,*mākw‑
Proto_Algonquian,PA:6,*mam‑,*mam‑
Proto_Algonquian,PA:6,*mama·nk‑,*mamaank‑
Proto_Algonquian,PA:6,*mamya·ntw‑,*mamyaantw‑
Proto_Algonquian,PA:6,*man‑,*man‑
Proto_Algonquian,PA:6,*maneto:,*maneto:
Proto_Algonquian,PA:6,*maneto·‑,*manetoo‑
Proto_Algonquian,PA:6,*maneto·w(ak)‑,*manetoow(ak)‑
Proto_Algonquian,PA:6,*mank‑,*mank‑
Proto_Algonquian,PA:6,*mant(a·kw)‑,*mant(aakw)‑
Proto_Algonquian,PA:6,*mas‑,*mas‑
Proto_Algonquian,PA:6,*masa·n‑,*masaan‑
Proto_Algonquian,PA:6,*mašk(aw)‑,*mašk(aw)‑
Proto_Algonquian,PA:6,*maški,*maški
Proto_Algonquian,PA:6,*maškihkyiw‑,*maškihkyiw‑
Proto_Algonquian,PA:6,*maškye·k(w)‑,*maškyeek(w)‑
Proto_Algonquian,PA:6,*mat‑,*mat‑
Proto_Algonquian,PA:6,*mataw‑,*mataw‑
Proto_Algonquian,PA:6,*mato·t(eš)(e·)‑,*matoot(eš)(ee)‑
Proto_Algonquian,PA:6,*matwe·‑,*matwee‑
Proto_Algonquian,PA:6,*maw‑,*maw‑
Proto_Algonquian,PA:6,*mawin(e·)‑,*mawin(ee)‑
Proto_Algonquian,PA:6,*mawinsw‑,*mawinsw‑
Proto_Algonquian,PA:6,*maxk‑,*maxk‑
Proto_Algonquian,PA:6,*maxkate·w‑,*maxkateew‑
Proto_Algonquian,PA:6,*maxkesen,*maxkesen
Proto_Algonquian,PA:6,*maya·w‑,*mayaaw‑
Proto_Algonquian,PA:6,*mayak‑,*mayak‑
Proto_Algonquian,PA:6,*maʔlakw‑,*maʔlakw‑
Proto_Algonquian,PA:6,*maθ‑,*maθ‑
Proto_Algonquian,PA:6,*maθkw‑,*maθkw‑
Proto_Algonquian,PA:6,*maθo:min,*maθo:min
Proto_Algonquian,PA:1,*me‑,*me‑
Proto_Algonquian,PA:1,*me‑,*me‑
Proto_Algonquian,PA:4,*me‑,*me‑
Proto_Algonquian,PA:4,*me‑,*me‑
Proto_Algonquian,PA:4,*me:ʔt‑,*meeʔt‑
Proto_Algonquian,PA:6,*me·kw(aw)‑,*meekw(aw)‑
Proto_Algonquian,PA:6,*me·kwa·‑,*meekwaa‑
Proto_Algonquian,PA:6,*me·kway‑,*meekway‑
Proto_Algonquian,PA:6,*me·mel‑,*meemel‑
Proto_Algonquian,PA:6,*me·y‑,*meey‑
Proto_Algonquian,PA:6,*me·ʔči‑,*meeʔči‑
Proto_Algonquian,PA:6,*me·ʔs‑,*meeʔs‑
Proto_Algonquian,PA:6,*me·ʔt‑,*meeʔt‑
Proto_Algonquian,PA:6,*me·ʔt(aw)‑,*meeʔt(aw)‑
Proto_Algonquian,PA:6,*me·ˀt‑,*meeˀt‑
Proto_Algonquian,PA:6,*mečim(w)‑,*mečim(w)‑
Proto_Algonquian,PA:6,*meçkw‑,*meçkw‑
Proto_Algonquian,PA:6,*meçkw(aw)‑,*meçkw(aw)‑
Proto_Algonquian,PA:6,*meçkwi,*meçkwi
Proto_Algonquian,PA:1,*meeqt‑,*meeqt‑
Proto_Algonquian,PA:6,*mehkena·kw‑,*mehkenaakw‑
Proto_Algonquian,PA:6,*mehs‑,*mehs‑
Proto_Algonquian,PA:6,*mehši‑,*mehši‑
Proto_Algonquian,PA:6,*mehθe:,*mehθe:
Proto_Algonquian,PA:4,*mela:‑,*melaa‑
Proto_Algonquian,PA:6,*melaw‑,*melaw‑
Proto_Algonquian,PA:6,*melima·w‑,*melimaaw‑
Proto_Algonquian,PA:1,*melw‑,*melw‑
Proto_Algonquian,PA:4,*melwi‑,*melwi‑
Proto_Algonquian,PA:6,*men‑,*men‑
Proto_Algonquian,PA:6,*men‑,*men‑
Proto_Algonquian,PA:6,*menahekw‑,*menahekw‑
Proto_Algonquian,PA:6,*ment(aw)‑,*ment(aw)‑
Proto_Algonquian,PA:6,*meš‑,*meš‑
Proto_Algonquian,PA:6,*mes(iwe·)‑,*mes(iwee)‑
Proto_Algonquian,PA:6,*mesen‑,*mesen‑
Proto_Algonquian,PA:4,*meskw‑,*meskw‑
Proto_Algonquian,PA:6,*mešw(e·)‑,*mešw(ee)‑
Proto_Algonquian,PA:6,*meta·hθw‑,*metaahθw‑
Proto_Algonquian,PA:6,*meta·tahš‑,*metaatahš‑
Proto_Algonquian,PA:6,*meta·tahθ(w)‑,*metaatahθ(w)‑
Proto_Algonquian,PA:6,*mete:w,*mete:w
Proto_Algonquian,PA:6,*mete·w‑,*meteew‑
Proto_Algonquian,PA:6,*metemye·‑,*metemyee‑
Proto_Algonquian,PA:6,*metenči‑,*metenči‑
Proto_Algonquian,PA:6,*metent‑,*metent‑
Proto_Algonquian,PA:6,*meʔši‑,*meʔši‑
Proto_Algonquian,PA:4,*meʔtekw‑,*meʔtekw‑
Proto_Algonquian,PA:6,*meθk(w)(aw)‑,*meθk(w)(aw)‑
Proto_Algonquian,PA:6,*meθon‑,*meθon‑
Proto_Algonquian,PA:6,*mi:k,*mi:k
Proto_Algonquian,PA:4,*mi:n‑,*miin‑
Proto_Algonquian,PA:4,*mi:t‑,*miit‑
Proto_Algonquian,PA:6,*mi·či(m)‑,*miiči(m)‑
Proto_Algonquian,PA:6,*mi·hk(em)‑,*miihk(em)‑
Proto_Algonquian,PA:6,*mi·hk(enči)‑,*miihk(enči)‑
Proto_Algonquian,PA:6,*mi·hk(ent)‑,*miihk(ent)‑
Proto_Algonquian,PA:6,*mi·kaw‑,*miikaw‑
Proto_Algonquian,PA:6,*mi·kehs‑,*miikehs‑
Proto_Algonquian,PA:6,*mi·kwan‑,*miikwan‑
Proto_Algonquian,PA:6,*mi·l‑,*miil‑
Proto_Algonquian,PA:6,*mi·n‑,*miin‑
Proto_Algonquian,PA:6,*mi·s‑,*miis‑
Proto_Algonquian,PA:6,*mi·škwat‑,*miiškwat‑
Proto_Algonquian,PA:6,*mi·tw‑,*miitw‑
Proto_Algonquian,PA:6,*mi·w(aw)‑,*miiw(aw)‑
Proto_Algonquian,PA:6,*mi·ʔl(aw)‑,*miiʔl(aw)‑
Proto_Algonquian,PA:6,*mi·ʔš‑,*miiʔš‑
Proto_Algonquian,PA:1,*mii‑,*mii‑
Proto_Algonquian,PA:1,*miin‑,*miin‑
Proto_Algonquian,PA:1,*miit‑,*miit‑
Proto_Algonquian,PA:6,*mik,*mik
Proto_Algonquian,PA:6,*mikat,*mikat
Proto_Algonquian,PA:6,*min(ak),*min(ak)
Proto_Algonquian,PA:6,*mine:,*mine:
Proto_Algonquian,PA:6,*minšy,*minšy
Proto_Algonquian,PA:6,*mo,*mo
Proto_Algonquian,PA:4,*mo:w‑,*moow‑
Proto_Algonquian,PA:6,*mo·hkweči‑,*moohkweči‑
Proto_Algonquian,PA:6,*mo·hkwema·n‑,*moohkwemaan‑
Proto_Algonquian,PA:6,*mo·hkwet‑,*moohkwet‑
Proto_Algonquian,PA:6,*mo·l‑,*mool‑
Proto_Algonquian,PA:6,*mo·n‑,*moon‑
Proto_Algonquian,PA:6,*mo·nš(w)‑,*moonš(w)‑
Proto_Algonquian,PA:6,*mo·š‑,*mooš‑
Proto_Algonquian,PA:6,*mo·š(ak)‑,*mooš(ak)‑
Proto_Algonquian,PA:6,*mo·šk(en)‑,*moošk(en)‑
Proto_Algonquian,PA:6,*mo·sw‑,*moosw‑
Proto_Algonquian,PA:6,*mo·w‑,*moow‑
Proto_Algonquian,PA:6,*mo·θk(w)‑,*mooθk(w)‑
Proto_Algonquian,PA:6,*mo·θken‑,*mooθken‑
Proto_Algonquian,PA:6,*mohθe·(w)‑,*mohθee(w)‑
Proto_Algonquian,PA:6,*mot(e:),*mot(e:)
Proto_Algonquian,PA:6,*mwa:kw,*mwa:kw
Proto_Algonquian,PA:6,*mwekošk(a·t)‑,*mwekošk(aat)‑
Proto_Algonquian,PA:6,*mweʔči‑,*mweʔči‑
Proto_Algonquian,PA:6,*mweʔs‑,*mweʔs‑
Proto_Algonquian,PA:6,*mweʔt‑,*mweʔt‑
Proto_Algonquian,PA:6,*mweʔθawen‑,*mweʔθawen‑
Proto_Algonquian,PA:4,*mya:l‑,*myaal‑
Proto_Algonquian,PA:6,*mya·h(aw)‑,*myaah(aw)‑
Proto_Algonquian,PA:6,*mya·kw‑,*myaakw‑
Proto_Algonquian,PA:6,*mya·l(a·či)‑,*myaal(aači)‑
Proto_Algonquian,PA:6,*mya·l(a·t)‑,*myaal(aat)‑
Proto_Algonquian,PA:6,*mya·l(aw)‑,*myaal(aw)‑
Proto_Algonquian,PA:6,*mya·ši‑,*myaaši‑
Proto_Algonquian,PA:6,*mya·θ‑,*myaaθ‑
Proto_Algonquian,PA:6,*mya·θk‑,*myaaθk‑
Proto_Algonquian,PA:1,*myaal‑,*myaal‑
Proto_Algonquian,PA:6,*myaw,*myaw
Proto_Algonquian,PA:4,*mye:wi‑,*myeewi‑
Proto_Algonquian,PA:6,*mye·θkanaw‑,*myeeθkanaw‑
Proto_Algonquian,PA:6,*n,*n
Proto_Algonquian,PA:6,*n,*n
Proto_Algonquian,PA:4,*na:‑,*naa‑
Proto_Algonquian,PA:6,*na:kw,*na:kw
Proto_Algonquian,PA:6,*na:pe,*na:pe
Proto_Algonquian,PA:4,*na:pe:‑,*naapee‑
Proto_Algonquian,PA:4,*na:t‑,*naat‑
Proto_Algonquian,PA:4,*na:θ‑,*naaθ‑
Proto_Algonquian,PA:6,*na·či‑,*naači‑
Proto_Algonquian,PA:6,*na·kači‑,*naakači‑
Proto_Algonquian,PA:6,*na·kaš‑,*naakaš‑
Proto_Algonquian,PA:6,*na·kas(aw)‑,*naakas(aw)‑
Proto_Algonquian,PA:6,*na·kat(aw)‑,*naakat(aw)‑
Proto_Algonquian,PA:6,*na·kw‑,*naakw‑
Proto_Algonquian,PA:6,*na·m(aw)‑,*naam(aw)‑
Proto_Algonquian,PA:6,*na·pe·‑,*naapee‑
Proto_Algonquian,PA:6,*na·pe·‑,*naapee‑
Proto_Algonquian,PA:6,*na·pe·w‑,*naapeew‑
Proto_Algonquian,PA:6,*na·s‑,*naas‑
Proto_Algonquian,PA:6,*na·t(aw)‑,*naat(aw)‑
Proto_Algonquian,PA:6,*na·taw(e·)‑,*naataw(ee)‑
Proto_Algonquian,PA:6,*na·θ‑,*naaθ‑
Proto_Algonquian,PA:1,*naa‑,*naa‑
Proto_Algonquian,PA:6,*nah‑,*nah‑
Proto_Algonquian,PA:6,*naha:nk,*naha:nk
Proto_Algonquian,PA:6,*nak(aw)‑,*nak(aw)‑
Proto_Algonquian,PA:4,*naka:‑,*nakaa‑
Proto_Algonquian,PA:1,*nakaa‑,*nakaa‑
Proto_Algonquian,PA:6,*nakači‑,*nakači‑
Proto_Algonquian,PA:6,*nakamo‑,*nakamo‑
Proto_Algonquian,PA:6,*nakas‑,*nakas‑
Proto_Algonquian,PA:6,*nakat‑,*nakat‑
Proto_Algonquian,PA:6,*nakw(aw)‑,*nakw(aw)‑
Proto_Algonquian,PA:4,*name:‑,*namee‑
Proto_Algonquian,PA:6,*name·w‑,*nameew‑
Proto_Algonquian,PA:6,*name·ʔs‑,*nameeʔs‑
Proto_Algonquian,PA:1,*namee‑,*namee‑
Proto_Algonquian,PA:2,*nana·taw‑,*nanaataw‑
Proto_Algonquian,PA:6,*napak‑,*napak‑
Proto_Algonquian,PA:6,*naš,*naš
Proto_Algonquian,PA:6,*nat(aw)‑,*nat(aw)‑
Proto_Algonquian,PA:6,*nat(w)‑,*nat(w)‑
Proto_Algonquian,PA:6,*nata:,*nata:
Proto_Algonquian,PA:1,*nataw‑,*nataw‑
Proto_Algonquian,PA:1,*natw‑,*natw‑
Proto_Algonquian,PA:6,*naw,*naw
Proto_Algonquian,PA:6,*nawači‑,*nawači‑
Proto_Algonquian,PA:6,*nawas‑,*nawas‑
Proto_Algonquian,PA:6,*nawat‑,*nawat‑
Proto_Algonquian,PA:4,*naxkw‑,*naxkw‑
Proto_Algonquian,PA:6,*nay‑,*nay‑
Proto_Algonquian,PA:6,*naye·ʔtaw‑,*nayeeʔtaw‑
Proto_Algonquian,PA:6,*naθ,*naθ
Proto_Algonquian,PA:6,*naθkw(e·)‑,*naθkw(ee)‑
Proto_Algonquian,PA:6,*nči,*nči
Proto_Algonquian,PA:1,*ne‑,*ne‑
Proto_Algonquian,PA:4,*ne‑,*ne‑
Proto_Algonquian,PA:4,*ne:‑,*nee‑
Proto_Algonquian,PA:6,*ne·k(w)‑,*neek(w)‑
Proto_Algonquian,PA:2,*ne·w‑,*neew‑
Proto_Algonquian,PA:6,*ne(t)‑,*ne(t)‑
Proto_Algonquian,PA:1,*nee‑,*nee‑
Proto_Algonquian,PA:6,*nehset(aw)‑,*nehset(aw)‑
Proto_Algonquian,PA:6,*nehšihke·w‑,*nehšihkeew‑
Proto_Algonquian,PA:6,*nehta·w‑,*nehtaaw‑
Proto_Algonquian,PA:6,*nekamo‑,*nekamo‑
Proto_Algonquian,PA:4,*neki‑,*neki‑
Proto_Algonquian,PA:6,*nekikw‑,*nekikw‑
Proto_Algonquian,PA:1,*nekotw‑,*nekotw‑
Proto_Algonquian,PA:4,*nekotw‑,*nekotw‑
Proto_Algonquian,PA:6,*nekʷet‑,*nekʷet‑
Proto_Algonquian,PA:6,*nekwetw‑,*nekwetw‑
Proto_Algonquian,PA:6,*nekwetw(e·)‑,*nekwetw(ee)‑
Proto_Algonquian,PA:6,*nen‑,*nen‑
Proto_Algonquian,PA:6,*nen(a)w‑,*nen(a)w‑
Proto_Algonquian,PA:6,*nenk‑,*nenk‑
Proto_Algonquian,PA:6,*nep,*nep
Proto_Algonquian,PA:6,*nep(e·)‑,*nep(ee)‑
Proto_Algonquian,PA:6,*nepa·či‑,*nepaači‑
Proto_Algonquian,PA:6,*nepa·t‑,*nepaat‑
Proto_Algonquian,PA:4,*nepe‑,*nepe‑
Proto_Algonquian,PA:6,*nepy(iw)‑,*nepy(iw)‑
Proto_Algonquian,PA:6,*nexk‑,*nexk‑
Proto_Algonquian,PA:4,*neʔ‑,*neʔ‑
Proto_Algonquian,PA:4,*neʔl‑,*neʔl‑
Proto_Algonquian,PA:6,*neʔš‑,*neʔš‑
Proto_Algonquian,PA:6,*neʔšiwan‑a·či‑,*neʔšiwan‑aači‑
Proto_Algonquian,PA:6,*neʔšiwan‑a·s‑,*neʔšiwan‑aas‑
Proto_Algonquian,PA:6,*neʔšiwan‑a·t‑,*neʔšiwan‑aat‑
Proto_Algonquian,PA:6,*neʔt‑,*neʔt‑
Proto_Algonquian,PA:6,*neʔtam‑,*neʔtam‑
Proto_Algonquian,PA:6,*neʔθ‑,*neʔθ‑
Proto_Algonquian,PA:4,*neʔθ‑,*neʔθ‑
Proto_Algonquian,PA:6,*neʔθaw‑,*neʔθaw‑
Proto_Algonquian,PA:6,*neʔθw(e·)‑,*neʔθw(ee)‑
Proto_Algonquian,PA:6,*neθk(e:),*neθk(e:)
Proto_Algonquian,PA:4,*ni:čya:n‑,*niičyaan‑
Proto_Algonquian,PA:4,*ni:hθ‑,*niihθ‑
Proto_Algonquian,PA:6,*ni:ka:n,*ni:ka:n
Proto_Algonquian,PA:6,*ni:ka:θ,*ni:ka:θ
Proto_Algonquian,PA:6,*ni·čya·nw‑,*niičyaanw‑
Proto_Algonquian,PA:6,*ni·hθ‑,*niihθ‑
Proto_Algonquian,PA:6,*ni·ka·n‑,*niikaan‑
Proto_Algonquian,PA:6,*ni·ki‑,*niiki‑
Proto_Algonquian,PA:6,*ni·m(aw)‑,*niim(aw)‑
Proto_Algonquian,PA:6,*ni·p(aw)‑,*niip(aw)‑
Proto_Algonquian,PA:6,*ni·pen(w)‑,*niipen(w)‑
Proto_Algonquian,PA:1,*niišw‑,*niišw‑
Proto_Algonquian,PA:6,*nika:t,*nika:t
Proto_Algonquian,PA:2,*nitaw‑,*nitaw‑
Proto_Algonquian,PA:6,*nke:,*nke:
Proto_Algonquian,PA:6,*nkwa:m,*nkwa:m
Proto_Algonquian,PA:6,*nkwaʔši,*nkwaʔši
Proto_Algonquian,PA:6,*no,*no
Proto_Algonquian,PA:4,*no:čp‑,*noočp‑
Proto_Algonquian,PA:4,*no:n‑,*noon‑
Proto_Algonquian,PA:6,*no·çkwawi‑,*nooçkwawi‑
Proto_Algonquian,PA:6,*no·m‑,*noom‑
Proto_Algonquian,PA:6,*no·n(aw)‑,*noon(aw)‑
Proto_Algonquian,PA:6,*no·n(te·)‑,*noon(tee)‑
Proto_Algonquian,PA:6,*no·nl‑,*noonl‑
Proto_Algonquian,PA:6,*no·nšye·‑,*noonšyee‑
Proto_Algonquian,PA:6,*no·nt‑,*noont‑
Proto_Algonquian,PA:6,*no·t‑,*noot‑
Proto_Algonquian,PA:6,*nso,*nso
Proto_Algonquian,PA:6,*nt,*nt
Proto_Algonquian,PA:6,*ntaw,*ntaw
Proto_Algonquian,PA:6,*nte:,*nte:
Proto_Algonquian,PA:6,*nya·θanw‑,*nyaaθanw‑
Proto_Algonquian,PA:6,*nye·w‑,*nyeew‑
Proto_Algonquian,PA:6,*nye·w(aw)‑,*nyeew(aw)‑
Proto_Algonquian,PA:6,*nyi·myi‑,*nyiimyi‑
Proto_Algonquian,PA:6,*nyi·paw‑,*nyiipaw‑
Proto_Algonquian,PA:6,*nyi·š(a)w‑,*nyiiš(a)w‑
Proto_Algonquian,PA:6,*nyi·sa·n‑,*nyiisaan‑
Proto_Algonquian,PA:6,*nyi·šk‑,*nyiišk‑
Proto_Algonquian,PA:6,*o,*o
Proto_Algonquian,PA:6,*o:nšye:,*o:nšye:
Proto_Algonquian,PA:6,*o:te:,*o:te:
Proto_Algonquian,PA:6,*o:te:wen,*o:te:wen
Proto_Algonquian,PA:6,*o·te·wen‑,*ooteewen‑
Proto_Algonquian,PA:6,*o·θ‑,*ooθ‑
Proto_Algonquian,PA:4,*ol‑,*ol‑
Proto_Algonquian,PA:4,*omp‑,*omp‑
Proto_Algonquian,PA:6,*ont,*ont
Proto_Algonquian,PA:6,*osw,*osw
Proto_Algonquian,PA:6,*ot,*ot
Proto_Algonquian,PA:6,*ota:pya:n,*ota:pya:n
Proto_Algonquian,PA:4,*otehs‑,*otehs‑
Proto_Algonquian,PA:4,*otehθ‑,*otehθ‑
Proto_Algonquian,PA:6,*owe:,*owe:
Proto_Algonquian,PA:6,*oθ(ak),*oθ(ak)
Proto_Algonquian,PA:4,*pa:hp‑,*paahp‑
Proto_Algonquian,PA:4,*pa:nkw‑,*paankw‑
Proto_Algonquian,PA:4,*pa:šk‑,*paašk‑
Proto_Algonquian,PA:6,*pa:šk(e:),*pa:šk(e:)
Proto_Algonquian,PA:6,*pa·hp(iw)‑,*paahp(iw)‑
Proto_Algonquian,PA:6,*pa·k‑,*paak‑
Proto_Algonquian,PA:6,*pa·nkw‑,*paankw‑
Proto_Algonquian,PA:6,*pa·šiči‑,*paašiči‑
Proto_Algonquian,PA:6,*pa·šis‑,*paašis‑
Proto_Algonquian,PA:6,*pa·šit‑,*paašit‑
Proto_Algonquian,PA:6,*pa·šk,*paašk
Proto_Algonquian,PA:6,*pa·šk(w)‑,*paašk(w)‑
Proto_Algonquian,PA:6,*pa·ʔs‑,*paaʔs‑
Proto_Algonquian,PA:6,*pa·ʔt(aw)‑,*paaʔt(aw)‑
Proto_Algonquian,PA:6,*pa·ʔθ‑,*paaʔθ‑
Proto_Algonquian,PA:6,*pa·θk‑,*paaθk‑
Proto_Algonquian,PA:6,*pa·θken‑,*paaθken‑
Proto_Algonquian,PA:1,*paašk‑,*paašk‑
Proto_Algonquian,PA:2,*pačp‑,*pačp‑
Proto_Algonquian,PA:6,*pah,*pah
Proto_Algonquian,PA:6,*paho,*paho
Proto_Algonquian,PA:6,*pahtaw,*pahtaw
Proto_Algonquian,PA:6,*pahtw,*pahtw
Proto_Algonquian,PA:6,*pak,*pak
Proto_Algonquian,PA:6,*pak,*pak
Proto_Algonquian,PA:7,*pāk‑,*pāk‑
Proto_Algonquian,PA:6,*paka·n‑,*pakaan‑
Proto_Algonquian,PA:6,*pakam‑,*pakam‑
Proto_Algonquian,PA:6,*pakw,*pakw
Proto_Algonquian,PA:6,*pakw(an)(e·)‑,*pakw(an)(ee)‑
Proto_Algonquian,PA:6,*pal(i),*pal(i)
Proto_Algonquian,PA:6,*pank‑,*pank‑
Proto_Algonquian,PA:4,*papa:m‑,*papaam‑
Proto_Algonquian,PA:2,*papa·m‑,*papaam‑
Proto_Algonquian,PA:1,*papaam‑,*papaam‑
Proto_Algonquian,PA:6,*pas‑,*pas‑
Proto_Algonquian,PA:6,*pašip‑,*pašip‑
Proto_Algonquian,PA:6,*paškw‑,*paškw‑
Proto_Algonquian,PA:4,*pat‑,*pat‑
Proto_Algonquian,PA:6,*patahk‑,*patahk‑
Proto_Algonquian,PA:6,*paw‑,*paw‑
Proto_Algonquian,PA:6,*paw(aw)‑,*paw(aw)‑
Proto_Algonquian,PA:6,*paθ‑,*paθ‑
Proto_Algonquian,PA:6,*paθk‑,*paθk‑
Proto_Algonquian,PA:7,*paθk(ē),*paθk(ē)
Proto_Algonquian,PA:7,*paθkē‑,*paθkē‑
Proto_Algonquian,PA:6,*paθkw(e·)‑,*paθkw(ee)‑
Proto_Algonquian,PA:1,*pe‑,*pe‑
Proto_Algonquian,PA:4,*pe‑,*pe‑
Proto_Algonquian,PA:4,*pe:nkw‑,*peenkw‑
Proto_Algonquian,PA:4,*pe:t‑,*peet‑
Proto_Algonquian,PA:6,*pe·či‑,*peeči‑
Proto_Algonquian,PA:6,*pe·kw‑,*peekw‑
Proto_Algonquian,PA:6,*pe·nk(w)‑,*peenk(w)‑
Proto_Algonquian,PA:6,*pe·nt‑,*peent‑
Proto_Algonquian,PA:6,*pe·s‑,*pees‑
Proto_Algonquian,PA:6,*pe·šekw‑,*peešekw‑
Proto_Algonquian,PA:6,*pe·t‑,*peet‑
Proto_Algonquian,PA:6,*peči,*peči
Proto_Algonquian,PA:1,*peet‑,*peet‑
Proto_Algonquian,PA:6,*pehk(w)‑,*pehk(w)‑
Proto_Algonquian,PA:6,*pek‑,*pek‑
Proto_Algonquian,PA:6,*pekiw‑,*pekiw‑
Proto_Algonquian,PA:4,*pelaw‑,*pelaw‑
Proto_Algonquian,PA:6,*pele·‑,*pelee‑
Proto_Algonquian,PA:6,*pele·(w)‑,*pelee(w)‑
Proto_Algonquian,PA:6,*pem,*pem
Proto_Algonquian,PA:4,*pema:t‑,*pemaat‑
Proto_Algonquian,PA:1,*pemaat‑,*pemaat‑
Proto_Algonquian,PA:6,*pemen‑,*pemen‑
Proto_Algonquian,PA:6,*pemw,*pemw
Proto_Algonquian,PA:6,*pen,*pen
Proto_Algonquian,PA:6,*pen‑,*pen‑
Proto_Algonquian,PA:6,*penkwe:,*penkwe:
Proto_Algonquian,PA:4,*penkwi‑,*penkwi‑
Proto_Algonquian,PA:6,*penkwiw‑,*penkwiw‑
Proto_Algonquian,PA:6,*pepak‑,*pepak‑
Proto_Algonquian,PA:6,*pepikw(e·)‑,*pepikw(ee)‑
Proto_Algonquian,PA:6,*pepikwa,*pepikwa
Proto_Algonquian,PA:6,*pepo:n(ak),*pepo:n(ak)
Proto_Algonquian,PA:6,*pepo:nwe,*pepo:nwe
Proto_Algonquian,PA:6,*pepo·n(w)‑,*pepoon(w)‑
Proto_Algonquian,PA:4,*peQk‑,*peQk‑
Proto_Algonquian,PA:4,*peQš‑,*peQš‑
Proto_Algonquian,PA:1,*peqt‑,*peqt‑
Proto_Algonquian,PA:6,*pesent‑,*pesent‑
Proto_Algonquian,PA:6,*pešik(w)‑,*pešik(w)‑
Proto_Algonquian,PA:6,*pesk‑,*pesk‑
Proto_Algonquian,PA:6,*pešk(w)‑,*pešk(w)‑
Proto_Algonquian,PA:6,*peskale·‑,*peskalee‑
Proto_Algonquian,PA:4,*peski‑,*peski‑
Proto_Algonquian,PA:6,*peskw‑,*peskw‑
Proto_Algonquian,PA:4,*peskwi‑,*peskwi‑
Proto_Algonquian,PA:6,*peso,*peso
Proto_Algonquian,PA:4,*pet‑,*pet‑
Proto_Algonquian,PA:4,*pet‑,*pet‑
Proto_Algonquian,PA:6,*pet(a:),*pet(a:)
Proto_Algonquian,PA:6,*petaw,*petaw
Proto_Algonquian,PA:6,*pete:,*pete:
Proto_Algonquian,PA:6,*petek‑,*petek‑
Proto_Algonquian,PA:6,*petekw‑,*petekw‑
Proto_Algonquian,PA:6,*peton(e:),*peton(e:)
Proto_Algonquian,PA:6,*pexk(w)‑,*pexk(w)‑
Proto_Algonquian,PA:6,*pexkw,*pexkw
Proto_Algonquian,PA:4,*pexkwi‑,*pexkwi‑
Proto_Algonquian,PA:6,*peʔči‑,*peʔči‑
Proto_Algonquian,PA:6,*peʔs‑,*peʔs‑
Proto_Algonquian,PA:4,*peʔt‑,*peʔt‑
Proto_Algonquian,PA:6,*peθ,*peθ
Proto_Algonquian,PA:4,*peθak‑,*peθak‑
Proto_Algonquian,PA:6,*peθkwan(e:),*peθkwan(e:)
Proto_Algonquian,PA:6,*pi,*pi
Proto_Algonquian,PA:4,*pi:‑,*pii‑
Proto_Algonquian,PA:4,*pi:nl‑,*piinl‑
Proto_Algonquian,PA:4,*pi:nt‑,*piint‑
Proto_Algonquian,PA:6,*pi:ntaθwa:n(e:),*pi:ntaθwa:n(e:)
Proto_Algonquian,PA:6,*pi:w(ay)(e:),*pi:w(ay)(e:)
Proto_Algonquian,PA:6,*pi·htaw‑,*piihtaw‑
Proto_Algonquian,PA:6,*pi·k(w)‑,*piik(w)‑
Proto_Algonquian,PA:6,*pi·l‑,*piil‑
Proto_Algonquian,PA:6,*pi·nči‑,*piinči‑
Proto_Algonquian,PA:6,*pi·nk(e·)‑,*piink(ee)‑
Proto_Algonquian,PA:6,*pi·ns‑,*piins‑
Proto_Algonquian,PA:6,*pi·nt(aw)‑,*piint(aw)‑
Proto_Algonquian,PA:6,*pi·w‑,*piiw‑
Proto_Algonquian,PA:6,*pi·ʔs‑,*piiʔs‑
Proto_Algonquian,PA:6,*pi·ʔte·w‑,*piiʔteew‑
Proto_Algonquian,PA:1,*pii‑,*pii‑
Proto_Algonquian,PA:1,*piint‑,*piint‑
Proto_Algonquian,PA:6,*pimite:,*pimite:
Proto_Algonquian,PA:6,*pis(o),*pis(o)
Proto_Algonquian,PA:6,*pit(a:),*pit(a:)
Proto_Algonquian,PA:6,*pite:,*pite:
Proto_Algonquian,PA:4,*po:n‑,*poon‑
Proto_Algonquian,PA:4,*po:xkw‑,*pooxkw‑
Proto_Algonquian,PA:6,*po·n‑,*poon‑
Proto_Algonquian,PA:6,*po·nči‑,*poonči‑
Proto_Algonquian,PA:6,*po·nt‑,*poont‑
Proto_Algonquian,PA:6,*po·s‑,*poos‑
Proto_Algonquian,PA:6,*po·taw‑,*pootaw‑
Proto_Algonquian,PA:6,*po·xk(w)‑,*pooxk(w)‑
Proto_Algonquian,PA:6,*poko,*poko
Proto_Algonquian,PA:6,*pokwe:,*pokwe:
Proto_Algonquian,PA:1,*poon‑,*poon‑
Proto_Algonquian,PA:7,*pōxkw‑,*pōxkw‑
Proto_Algonquian,PA:6,*pw,*pw
Proto_Algonquian,PA:6,*pwa:m(e:),*pwa:m(e:)
Proto_Algonquian,PA:6,*pwa·w‑,*pwaaw‑
Proto_Algonquian,PA:6,*pwa·θ‑,*pwaaθ‑
Proto_Algonquian,PA:6,*pwaxp(e·)‑,*pwaxp(ee)‑
Proto_Algonquian,PA:6,*pwe·kiči‑,*pweekiči‑
Proto_Algonquian,PA:6,*pwe·kit(w)‑,*pweekit(w)‑
Proto_Algonquian,PA:6,*pweči,*pweči
Proto_Algonquian,PA:6,*pwel,*pwel
Proto_Algonquian,PA:6,*pweso,*pweso
Proto_Algonquian,PA:6,*pwet(a:),*pwet(a:)
Proto_Algonquian,PA:6,*pwete:,*pwete:
Proto_Algonquian,PA:6,*pweʔs‑,*pweʔs‑
Proto_Algonquian,PA:6,*pweʔši‑,*pweʔši‑
Proto_Algonquian,PA:6,*pweʔθ‑,*pweʔθ‑
Proto_Algonquian,PA:6,*pwi,*pwi
Proto_Algonquian,PA:1,*py‑,*py‑
Proto_Algonquian,PA:4,*py‑,*py‑
Proto_Algonquian,PA:6,*pya·,*pyaa
Proto_Algonquian,PA:6,*pya·‑,*pyaa‑
Proto_Algonquian,PA:6,*pya·te·(w)‑,*pyaatee(w)‑
Proto_Algonquian,PA:6,*pye:(k),*pye:(k)
Proto_Algonquian,PA:4,*pye:t‑,*pyeet‑
Proto_Algonquian,PA:4,*pye:to:‑,*pyeetoo‑
Proto_Algonquian,PA:6,*pye:ʔθa:,*pye:ʔθa:
Proto_Algonquian,PA:4,*pye:θ‑,*pyeeθ‑
Proto_Algonquian,PA:6,*pye·či‑,*pyeeči‑
Proto_Algonquian,PA:6,*pye·s‑,*pyees‑
Proto_Algonquian,PA:6,*pye·t‑,*pyeet‑
Proto_Algonquian,PA:6,*pye·θ‑,*pyeeθ‑
Proto_Algonquian,PA:1,*pyeet‑,*pyeet‑
Proto_Algonquian,PA:6,*pyi·m‑,*pyiim‑
Proto_Algonquian,PA:6,*š,*š
Proto_Algonquian,PA:6,*š,*š
Proto_Algonquian,PA:4,*sa:k‑,*saak‑
Proto_Algonquian,PA:4,*ša:k‑,*šaak‑
Proto_Algonquian,PA:4,*ša:kw‑,*šaakw‑
Proto_Algonquian,PA:4,*sa:pw‑,*saapw‑
Proto_Algonquian,PA:4,*ša:pw‑,*šaapw‑
Proto_Algonquian,PA:6,*sa·k‑,*saak‑
Proto_Algonquian,PA:6,*sa·k‑,*saak‑
Proto_Algonquian,PA:6,*ša·k(o·s)‑,*šaak(oos)‑
Proto_Algonquian,PA:6,*ša·k(o·t)‑,*šaak(oot)‑
Proto_Algonquian,PA:6,*ša·kw(aw)‑,*šaakw(aw)‑
Proto_Algonquian,PA:6,*sa·m‑,*saam‑
Proto_Algonquian,PA:6,*ša·p(w)‑,*šaap(w)‑
Proto_Algonquian,PA:6,*ša·pw‑,*šaapw‑
Proto_Algonquian,PA:1,*saak‑,*saak‑
Proto_Algonquian,PA:4,*sak‑,*sak‑
Proto_Algonquian,PA:6,*sak(w)‑,*sak(w)‑
Proto_Algonquian,PA:6,*salak‑,*salak‑
Proto_Algonquian,PA:1,*sanak‑,*sanak‑
Proto_Algonquian,PA:6,*šaw‑,*šaw‑
Proto_Algonquian,PA:6,*saxk‑,*saxk‑
Proto_Algonquian,PA:4,*se:k‑,*seek‑
Proto_Algonquian,PA:4,*se:kw‑,*seekw‑
Proto_Algonquian,PA:6,*še·çk(w)‑,*šeeçk(w)‑
Proto_Algonquian,PA:6,*se·k‑,*seek‑
Proto_Algonquian,PA:1,*seek‑,*seek‑
Proto_Algonquian,PA:6,*sehk(w)‑,*sehk(w)‑
Proto_Algonquian,PA:6,*sehkwi‑,*sehkwi‑
Proto_Algonquian,PA:6,*šek‑,*šek‑
Proto_Algonquian,PA:6,*šekači‑,*šekači‑
Proto_Algonquian,PA:6,*šekat‑,*šekat‑
Proto_Algonquian,PA:6,*šeki‑,*šeki‑
Proto_Algonquian,PA:4,*sekw‑,*sekw‑
Proto_Algonquian,PA:6,*šenk‑,*šenk‑
Proto_Algonquian,PA:6,*šešaw‑,*šešaw‑
Proto_Algonquian,PA:6,*seʔsw(e·)‑,*seʔsw(ee)‑
Proto_Algonquian,PA:6,*si,*si
Proto_Algonquian,PA:4,*si‑,*si‑
Proto_Algonquian,PA:4,*si:n‑,*siin‑
Proto_Algonquian,PA:4,*si:nči‑,*siinči‑
Proto_Algonquian,PA:4,*si:ns‑,*siins‑
Proto_Algonquian,PA:4,*si:nt‑,*siint‑
Proto_Algonquian,PA:6,*si:w,*si:w
Proto_Algonquian,PA:6,*ši:ʔši:kwan,*ši:ʔši:kwan
Proto_Algonquian,PA:6,*si·k(aw)‑,*siik(aw)‑
Proto_Algonquian,PA:6,*ši·k(w)‑,*šiik(w)‑
Proto_Algonquian,PA:6,*ši·ka·w‑,*šiikaaw‑
Proto_Algonquian,PA:6,*si·kwanw‑,*siikwanw‑
Proto_Algonquian,PA:6,*si·n‑,*siin‑
Proto_Algonquian,PA:6,*ši·nk‑,*šiink‑
Proto_Algonquian,PA:6,*ši·p‑,*šiip‑
Proto_Algonquian,PA:6,*ši·w‑,*šiiw‑
Proto_Algonquian,PA:6,*ši·ʔši·p‑,*šiiʔšiip‑
Proto_Algonquian,PA:6,*sit(e:),*sit(e:)
Proto_Algonquian,PA:6,*šk,*šk
Proto_Algonquian,PA:6,*škašy,*škašy
Proto_Algonquian,PA:6,*škaw,*škaw
Proto_Algonquian,PA:6,*ški:nšekw(e:),*ški:nšekw(e:)
Proto_Algonquian,PA:6,*škwa:nt(aw)(e:),*škwa:nt(aw)(e:)
Proto_Algonquian,PA:6,*so,*so
Proto_Algonquian,PA:6,*so:w,*so:w
Proto_Algonquian,PA:6,*šo·çk(w)‑,*šooçk(w)‑
Proto_Algonquian,PA:6,*so·nk‑,*soonk‑
Proto_Algonquian,PA:6,*so·p‑,*soop‑
Proto_Algonquian,PA:6,*šo·šk(w)‑,*šoošk(w)‑
Proto_Algonquian,PA:6,*štikwa:n(e:),*štikwa:n(e:)
Proto_Algonquian,PA:6,*sw,*sw
Proto_Algonquian,PA:6,*šw,*šw
Proto_Algonquian,PA:6,*šye·kw‑,*šyeekw‑
Proto_Algonquian,PA:6,*šyi:kane:,*šyi:kane:
Proto_Algonquian,PA:6,*t,*t
Proto_Algonquian,PA:6,*t,*t
Proto_Algonquian,PA:1,*t‑,*t‑
Proto_Algonquian,PA:4,*t‑,*t‑
Proto_Algonquian,PA:6,*ta:,*ta:
Proto_Algonquian,PA:6,*ta:č,*ta:č
Proto_Algonquian,PA:6,*ta:čihta:,*ta:čihta:
Proto_Algonquian,PA:6,*ta:čihta:,*ta:čihta:
Proto_Algonquian,PA:6,*ta:čihtaw,*ta:čihtaw
Proto_Algonquian,PA:6,*ta:čim,*ta:čim
Proto_Algonquian,PA:6,*ta:čimo,*ta:čimo
Proto_Algonquian,PA:6,*ta:hmixkan,*ta:hmixkan
Proto_Algonquian,PA:6,*ta:p(ya:),*ta:p(ya:)
Proto_Algonquian,PA:6,*ta:pya:n,*ta:pya:n
Proto_Algonquian,PA:6,*ta:pya:t,*ta:pya:t
Proto_Algonquian,PA:6,*ta:pya:θ,*ta:pya:θ
Proto_Algonquian,PA:6,*ta:pye:,*ta:pye:
Proto_Algonquian,PA:4,*ta:tw‑,*taatw‑
Proto_Algonquian,PA:6,*ta·nk‑,*taank‑
Proto_Algonquian,PA:6,*ta·pwe‑,*taapwe‑
Proto_Algonquian,PA:6,*ta·šk‑,*taašk‑
Proto_Algonquian,PA:6,*ta·tw‑,*taatw‑
Proto_Algonquian,PA:6,*ta·tw‑i‑,*taatw‑i‑
Proto_Algonquian,PA:6,*ta·w(aθ)‑,*taaw(aθ)‑
Proto_Algonquian,PA:2,*ta·waθ‑,*taawaθ‑
Proto_Algonquian,PA:6,*tahk‑,*tahk‑
Proto_Algonquian,PA:4,*tahkw‑,*tahkw‑
Proto_Algonquian,PA:6,*tahkw(aw)‑,*tahkw(aw)‑
Proto_Algonquian,PA:6,*tahkye·‑,*tahkyee‑
Proto_Algonquian,PA:6,*tahši,*tahši
Proto_Algonquian,PA:1,*tahθ‑,*tahθ‑
Proto_Algonquian,PA:6,*tahθ(w),*tahθ(w)
Proto_Algonquian,PA:6,*takw‑,*takw‑
Proto_Algonquian,PA:6,*takwa·k(w)‑,*takwaak(w)‑
Proto_Algonquian,PA:7,*tank‑,*tank‑
Proto_Algonquian,PA:6,*tank(ešk)‑,*tank(ešk)‑
Proto_Algonquian,PA:6,*tapahši‑,*tapahši‑
Proto_Algonquian,PA:6,*tapahθ‑,*tapahθ‑
Proto_Algonquian,PA:6,*taši‑,*taši‑
Proto_Algonquian,PA:6,*taw,*taw
Proto_Algonquian,PA:7,*taw‑,*taw‑
Proto_Algonquian,PA:6,*taw‑,*taw‑
Proto_Algonquian,PA:4,*taw‑,*taw‑
Proto_Algonquian,PA:6,*tawa·k‑,*tawaak‑
Proto_Algonquian,PA:6,*taxkam‑,*taxkam‑
Proto_Algonquian,PA:6,*taxkw‑,*taxkw‑
Proto_Algonquian,PA:1,*taθ‑,*taθ‑
Proto_Algonquian,PA:6,*taθ‑,*taθ‑
Proto_Algonquian,PA:6,*te:,*te:
Proto_Algonquian,PA:6,*te:h(e:),*te:h(e:)
Proto_Algonquian,PA:4,*te:hk‑,*teehk‑
Proto_Algonquian,PA:4,*te:hθ‑,*teehθ‑
Proto_Algonquian,PA:6,*te:likom(e:),*te:likom(e:)
Proto_Algonquian,PA:4,*te:p‑,*teep‑
Proto_Algonquian,PA:4,*te:pw‑,*teepw‑
Proto_Algonquian,PA:6,*te·hči‑,*teehči‑
Proto_Algonquian,PA:6,*te·hši‑,*teehši‑
Proto_Algonquian,PA:6,*te·hθ‑,*teehθ‑
Proto_Algonquian,PA:2,*te·p‑,*teep‑
Proto_Algonquian,PA:6,*te·p‑,*teep‑
Proto_Algonquian,PA:6,*te·pwe·(w)‑,*teepwee(w)‑
Proto_Algonquian,PA:6,*te·tep‑,*teetep‑
Proto_Algonquian,PA:6,*te·w‑,*teew‑
Proto_Algonquian,PA:6,*te·ʔtep‑,*teeʔtep‑
Proto_Algonquian,PA:6,*tehtep‑,*tehtep‑
Proto_Algonquian,PA:6,*telima:nkan(e:),*telima:nkan(e:)
Proto_Algonquian,PA:6,*tely(e:),*tely(e:)
Proto_Algonquian,PA:6,*tem‑,*tem‑
Proto_Algonquian,PA:6,*temp(e:),*temp(e:)
Proto_Algonquian,PA:6,*tep,*tep
Proto_Algonquian,PA:4,*tep‑,*tep‑
Proto_Algonquian,PA:6,*tepexk‑,*tepexk‑
Proto_Algonquian,PA:6,*tepexk(w)(e:),*tepexk(w)(e:)
Proto_Algonquian,PA:6,*tetep‑,*tetep‑
Proto_Algonquian,PA:6,*to:n(e:),*to:n(e:)
Proto_Algonquian,PA:4,*to:sk‑,*toosk‑
Proto_Algonquian,PA:6,*to:skwan(e:),*to:skwan(e:)
Proto_Algonquian,PA:6,*to:t,*to:t
Proto_Algonquian,PA:6,*to:taw,*to:taw
Proto_Algonquian,PA:6,*to:w(e:),*to:w(e:)
Proto_Algonquian,PA:6,*to·či‑,*tooči‑
Proto_Algonquian,PA:6,*to·čk‑,*toočk‑
Proto_Algonquian,PA:6,*to·sk‑,*toosk‑
Proto_Algonquian,PA:6,*to·t(aw)‑,*toot(aw)‑
Proto_Algonquian,PA:6,*twa·‑,*twaa‑
Proto_Algonquian,PA:6,*twiye:,*twiye:
Proto_Algonquian,PA:6,*w,*w
Proto_Algonquian,PA:4,*wa:l‑,*waal‑
Proto_Algonquian,PA:4,*wa:p‑,*waap‑
Proto_Algonquian,PA:4,*wa:p‑,*waap‑
Proto_Algonquian,PA:4,*wa:p‑,*waap‑
Proto_Algonquian,PA:4,*wa:pešk‑,*waapešk‑
Proto_Algonquian,PA:6,*wa:w,*wa:w
Proto_Algonquian,PA:6,*wa:xk,*wa:xk
Proto_Algonquian,PA:4,*wa:xkam‑,*waaxkam‑
Proto_Algonquian,PA:6,*wa:ʔm‑,*wa:ʔm‑
Proto_Algonquian,PA:4,*wa:θ‑,*waaθ‑
Proto_Algonquian,PA:6,*wa·hkw‑,*waahkw‑
Proto_Algonquian,PA:6,*wa·k‑,*waak‑
Proto_Algonquian,PA:6,*wa·kw‑,*waakw‑
Proto_Algonquian,PA:6,*wa·l‑,*waal‑
Proto_Algonquian,PA:6,*wa·l(aw)‑,*waal(aw)‑
Proto_Algonquian,PA:6,*wa·lwin‑,*waalwin‑
Proto_Algonquian,PA:6,*wa·p‑,*waap‑
Proto_Algonquian,PA:6,*wa·p‑,*waap‑
Proto_Algonquian,PA:6,*wa·p(an)‑,*waap(an)‑
Proto_Algonquian,PA:6,*wa·pan(e·)‑,*waapan(ee)‑
Proto_Algonquian,PA:6,*wa·pešk‑,*waapešk‑
Proto_Algonquian,PA:6,*wa·pikwan‑,*waapikwan‑
Proto_Algonquian,PA:6,*wa·posw‑,*waaposw‑
Proto_Algonquian,PA:6,*wa·wa·či‑,*waawaači‑
Proto_Algonquian,PA:6,*wa·wa·ške·šiw‑,*waawaaškeešiw‑
Proto_Algonquian,PA:6,*wa·wa·t‑,*waawaat‑
Proto_Algonquian,PA:6,*wa·wiy(ak)‑,*waawiy(ak)‑
Proto_Algonquian,PA:6,*wa·wiy(aw)‑,*waawiy(aw)‑
Proto_Algonquian,PA:6,*wa·wiy(e·)‑,*waawiy(ee)‑
Proto_Algonquian,PA:6,*wa·xham‑,*waaxham‑
Proto_Algonquian,PA:6,*wa·xk(aw)‑,*waaxk(aw)‑
Proto_Algonquian,PA:6,*wa·ʔl(aw)‑,*waaʔl(aw)‑
Proto_Algonquian,PA:6,*wa·ʔl(aw)‑,*waaʔl(aw)‑
Proto_Algonquian,PA:6,*wa·ʔš‑,*waaʔš‑
Proto_Algonquian,PA:6,*wa·ʔs(e·)‑,*waaʔs(ee)‑
Proto_Algonquian,PA:6,*wa·ʔθ(e·)‑,*waaʔθ(ee)‑
Proto_Algonquian,PA:6,*wa·θ‑,*waaθ‑
Proto_Algonquian,PA:1,*waap‑,*waap‑
Proto_Algonquian,PA:1,*waapešk‑,*waapešk‑
Proto_Algonquian,PA:6,*wačyiw‑,*wačyiw‑
Proto_Algonquian,PA:6,*walake·θkw‑,*walakeeθkw‑
Proto_Algonquian,PA:1,*wan‑,*wan‑
Proto_Algonquian,PA:6,*wan(aw)‑,*wan(aw)‑
Proto_Algonquian,PA:6,*wana·či‑,*wanaači‑
Proto_Algonquian,PA:6,*wana·t‑,*wanaat‑
Proto_Algonquian,PA:6,*wanaθk(w)‑,*wanaθk(w)‑
Proto_Algonquian,PA:6,*wani·hk(aw)‑,*waniihk(aw)‑
Proto_Algonquian,PA:6,*wani·hke·‑,*waniihkee‑
Proto_Algonquian,PA:6,*wašk(aw)‑,*wašk(aw)‑
Proto_Algonquian,PA:6,*wasyeʔθ,*wasyeʔθ
Proto_Algonquian,PA:6,*wasyeʔθw(e·)‑,*wasyeʔθw(ee)‑
Proto_Algonquian,PA:6,*wato·w‑,*watoow‑
Proto_Algonquian,PA:6,*wawe·l‑,*waweel‑
Proto_Algonquian,PA:6,*waya:n,*waya:n
Proto_Algonquian,PA:6,*waye·š‑,*wayeeš‑
Proto_Algonquian,PA:6,*waʔšaškw‑,*waʔšaškw‑
Proto_Algonquian,PA:2,*waθ‑,*waθ‑
Proto_Algonquian,PA:6,*waθ(e:),*waθ(e:)
Proto_Algonquian,PA:4,*waθa:kw‑,*waθaakw‑
Proto_Algonquian,PA:2,*waθany‑,*waθany‑
Proto_Algonquian,PA:6,*waθk‑,*waθk‑
Proto_Algonquian,PA:6,*waθkan‑,*waθkan‑
Proto_Algonquian,PA:6,*waθkiči‑,*waθkiči‑
Proto_Algonquian,PA:6,*waθkit‑,*waθkit‑
Proto_Algonquian,PA:6,*waθkw‑,*waθkw‑
Proto_Algonquian,PA:6,*waθkwi(či)‑,*waθkwi(či)‑
Proto_Algonquian,PA:6,*waθkwit‑,*waθkwit‑
Proto_Algonquian,PA:6,*we:,*we:
Proto_Algonquian,PA:6,*we:(we:)(k),*we:(we:)(k)
Proto_Algonquian,PA:4,*we:kw‑,*weekw‑
Proto_Algonquian,PA:6,*we:p,*we:p
Proto_Algonquian,PA:4,*we:p‑,*weep‑
Proto_Algonquian,PA:6,*we·n‑,*ween‑
Proto_Algonquian,PA:6,*we·nči‑,*weenči‑
Proto_Algonquian,PA:6,*we·nt‑,*weent‑
Proto_Algonquian,PA:6,*we·p(aw)‑,*weep(aw)‑
Proto_Algonquian,PA:6,*we·ši·‑,*weešii‑
Proto_Algonquian,PA:6,*we·ta·ʔθe·‑,*weetaaʔθee‑
Proto_Algonquian,PA:6,*we·wa·či‑,*weewaači‑
Proto_Algonquian,PA:6,*we·wa·t‑,*weewaat‑
Proto_Algonquian,PA:6,*we·we·k‑,*weeweek‑
Proto_Algonquian,PA:6,*we·wi·p‑,*weewiip‑
Proto_Algonquian,PA:6,*we(t)‑,*we(t)‑
Proto_Algonquian,PA:6,*weči‑,*weči‑
Proto_Algonquian,PA:6,*weči·ʔs‑,*wečiiʔs‑
Proto_Algonquian,PA:6,*wečipwe·‑,*wečipwee‑
Proto_Algonquian,PA:6,*wečye:pihkw,*wečye:pihkw
Proto_Algonquian,PA:6,*wečye·kwa‑,*wečyeekwa‑
Proto_Algonquian,PA:6,*wečye·m‑,*wečyeem‑
Proto_Algonquian,PA:6,*wečye·nt‑,*wečyeent‑
Proto_Algonquian,PA:6,*wečye·wa‑,*wečyeewa‑
Proto_Algonquian,PA:1,*weep‑,*weep‑
Proto_Algonquian,PA:6,*wehše·‑,*wehšee‑
Proto_Algonquian,PA:6,*weka·w‑,*wekaaw‑
Proto_Algonquian,PA:6,*wekima·(w)‑,*wekimaa(w)‑
Proto_Algonquian,PA:6,*wekiny(iw)‑,*wekiny(iw)‑
Proto_Algonquian,PA:6,*wel,*wel
Proto_Algonquian,PA:6,*wel‑,*wel‑
Proto_Algonquian,PA:6,*wela:kan,*wela:kan
Proto_Algonquian,PA:6,*wela·k(an)‑,*welaak(an)‑
Proto_Algonquian,PA:6,*welaman‑,*welaman‑
Proto_Algonquian,PA:6,*wemek‑,*wemek‑
Proto_Algonquian,PA:6,*wemi·mi·w‑,*wemiimiiw‑
Proto_Algonquian,PA:1,*wemp‑,*wemp‑
Proto_Algonquian,PA:6,*wen,*wen
Proto_Algonquian,PA:6,*wen‑,*wen‑
Proto_Algonquian,PA:6,*wenči‑,*wenči‑
Proto_Algonquian,PA:6,*wenčikaw‑,*wenčikaw‑
Proto_Algonquian,PA:6,*wenemeθkyi‑,*wenemeθkyi‑
Proto_Algonquian,PA:6,*weni·čyan‑,*weniičyan‑
Proto_Algonquian,PA:6,*wens‑,*wens‑
Proto_Algonquian,PA:6,*wens(w)‑,*wens(w)‑
Proto_Algonquian,PA:1,*went‑,*went‑
Proto_Algonquian,PA:1,*went‑,*went‑
Proto_Algonquian,PA:6,*went‑,*went‑
Proto_Algonquian,PA:6,*went‑,*went‑
Proto_Algonquian,PA:6,*wentam‑,*wentam‑
Proto_Algonquian,PA:7,*wēp‑,*wēp‑
Proto_Algonquian,PA:6,*weš‑,*weš‑
Proto_Algonquian,PA:6,*wesa·m‑,*wesaam‑
Proto_Algonquian,PA:6,*wesa·w(aw)‑,*wesaaw(aw)‑
Proto_Algonquian,PA:6,*weši‑,*weši‑
Proto_Algonquian,PA:6,*weši·h‑,*wešiih‑
Proto_Algonquian,PA:6,*weši·ht(a·)‑,*wešiiht(aa)‑
Proto_Algonquian,PA:1,*wešk‑,*wešk‑
Proto_Algonquian,PA:6,*weškini·ki‑,*weškiniiki‑
Proto_Algonquian,PA:6,*wet‑,*wet‑
Proto_Algonquian,PA:6,*wet(a:),*wet(a:)
Proto_Algonquian,PA:6,*weta·hp‑,*wetaahp‑
Proto_Algonquian,PA:6,*weta·paw‑,*wetaapaw‑
Proto_Algonquian,PA:6,*weta·pya·n‑,*wetaapyaan‑
Proto_Algonquian,PA:6,*wetam‑,*wetam‑
Proto_Algonquian,PA:6,*wetaw,*wetaw
Proto_Algonquian,PA:6,*wetehči‑,*wetehči‑
Proto_Algonquian,PA:6,*weteht‑,*weteht‑
Proto_Algonquian,PA:6,*wetehθ‑,*wetehθ‑
Proto_Algonquian,PA:6,*wexpeny‑,*wexpeny‑
Proto_Algonquian,PA:6,*wexpwa:kan,*wexpwa:kan
Proto_Algonquian,PA:6,*wexpwa·kan(e·)‑,*wexpwaakan(ee)‑
Proto_Algonquian,PA:6,*weʔθweʔθ‑,*weʔθweʔθ‑
Proto_Algonquian,PA:6,*weʔθweʔθw(it)‑,*weʔθweʔθw(it)‑
Proto_Algonquian,PA:4,*weθa:kw‑,*weθaakw‑
Proto_Algonquian,PA:6,*weθa·k(w)‑,*weθaak(w)‑
Proto_Algonquian,PA:6,*weθa·kw‑,*weθaakw‑
Proto_Algonquian,PA:6,*weθkan(e·)‑,*weθkan(ee)‑
Proto_Algonquian,PA:6,*weθkičyi‑,*weθkičyi‑
Proto_Algonquian,PA:6,*wi,*wi
Proto_Algonquian,PA:4,*wi:k‑,*wiik‑
Proto_Algonquian,PA:4,*wi:nl‑,*wiinl‑
Proto_Algonquian,PA:6,*wi:t,*wi:t
Proto_Algonquian,PA:4,*wi:t‑,*wiit‑
Proto_Algonquian,PA:6,*wi:w,*wi:w
Proto_Algonquian,PA:6,*wi:yaw,*wi:yaw
Proto_Algonquian,PA:4,*wi:ʔθeny‑,*wiiʔθeny‑
Proto_Algonquian,PA:6,*wi:θkwe:,*wi:θkwe:
Proto_Algonquian,PA:6,*wi·či‑,*wiiči‑
Proto_Algonquian,PA:6,*wi·çkw‑,*wiiçkw‑
Proto_Algonquian,PA:6,*wi·čye·w‑,*wiičyeew‑
Proto_Algonquian,PA:6,*wi·hkw‑,*wiihkw‑
Proto_Algonquian,PA:6,*wi·hkwači‑,*wiihkwači‑
Proto_Algonquian,PA:6,*wi·hkwat‑,*wiihkwat‑
Proto_Algonquian,PA:6,*wi·k‑,*wiik‑
Proto_Algonquian,PA:6,*wi·kop(y)‑,*wiikop(y)‑
Proto_Algonquian,PA:6,*wi·kwe·hs‑,*wiikweehs‑
Proto_Algonquian,PA:6,*wi·lan‑,*wiilan‑
Proto_Algonquian,PA:6,*wi·lenw‑,*wiilenw‑
Proto_Algonquian,PA:6,*wi·mp‑,*wiimp‑
Proto_Algonquian,PA:6,*wi·n‑,*wiin‑
Proto_Algonquian,PA:6,*wi·nči‑,*wiinči‑
Proto_Algonquian,PA:6,*wi·nk‑,*wiink‑
Proto_Algonquian,PA:6,*wi·nl‑,*wiinl‑
Proto_Algonquian,PA:6,*wi·nt(aw)‑,*wiint(aw)‑
Proto_Algonquian,PA:6,*wi·nteko·(w)‑,*wiintekoo(w)‑
Proto_Algonquian,PA:6,*wi·šaw‑,*wiišaw‑
Proto_Algonquian,PA:6,*wi·šik‑,*wiišik‑
Proto_Algonquian,PA:6,*wi·škop‑,*wiiškop‑
Proto_Algonquian,PA:6,*wi·škw(aʔte·)‑,*wiiškw(aʔtee)‑
Proto_Algonquian,PA:5,*wi·t‑,*wiit‑
Proto_Algonquian,PA:6,*wi·t‑,*wiit‑
Proto_Algonquian,PA:6,*wi·w‑,*wiiw‑
Proto_Algonquian,PA:6,*wi·ʔsak‑,*wiiʔsak‑
Proto_Algonquian,PA:6,*wi·ʔθ‑,*wiiʔθ‑
Proto_Algonquian,PA:6,*wi·ʔθeny‑,*wiiʔθeny‑
Proto_Algonquian,PA:6,*wi·θkw(e·k)‑,*wiiθkw(eek)‑
Proto_Algonquian,PA:6,*wi·θkwe·‑,*wiiθkwee‑
Proto_Algonquian,PA:1,*wiik‑,*wiik‑
Proto_Algonquian,PA:1,*wiit‑,*wiit‑
Proto_Algonquian,PA:6,*wik(amik)(w),*wik(amik)(w)
Proto_Algonquian,PA:6,*wikaw,*wikaw
Proto_Algonquian,PA:6,*wike:,*wike:
Proto_Algonquian,PA:6,*wiy(ak)‑,*wiy(ak)‑
Proto_Algonquian,PA:6,*wiyawehs‑,*wiyawehs‑
Proto_Algonquian,PA:6,*wo:hkom,*wo:hkom
Proto_Algonquian,PA:6,*wo:hθ,*wo:hθ
Proto_Algonquian,PA:6,*wohθal,*wohθal
Proto_Algonquian,PA:6,*wohθat(a:),*wohθat(a:)
Proto_Algonquian,PA:6,*wohθe:,*wohθe:
Proto_Algonquian,PA:6,*xk(a:),*xk(a:)
Proto_Algonquian,PA:6,*xkamik,*xkamik
Proto_Algonquian,PA:6,*xkat,*xkat
Proto_Algonquian,PA:6,*xkesen(e:),*xkesen(e:)
Proto_Algonquian,PA:6,*xkw,*xkw
Proto_Algonquian,PA:6,*xkwe:,*xkwe:
Proto_Algonquian,PA:6,*xpeny,*xpeny
Proto_Algonquian,PA:6,*xpwa:kan,*xpwa:kan
Proto_Algonquian,PA:6,*ya:,*ya:
Proto_Algonquian,PA:6,*ye:k,*ye:k
Proto_Algonquian,PA:6,*yeθkwe:w,*yeθkwe:w
Proto_Algonquian,PA:6,*yi:wak,*yi:wak
Proto_Algonquian,PA:6,*yiwe:,*yiwe:
Proto_Algonquian,PA:6,*ʔkw(e:),*ʔkw(e:)
Proto_Algonquian,PA:6,*ʔl(e:),*ʔl(e:)
Proto_Algonquian,PA:6,*ʔt(a:),*ʔt(a:)
Proto_Algonquian,PA:6,*ʔtaw,*ʔtaw
Proto_Algonquian,PA:6,*ʔtekwe:,*ʔtekwe:
Proto_Algonquian,PA:6,*ʔθemw,*ʔθemw
Proto_Algonquian,PA:6,*ʔθen,*ʔθen
Proto_Algonquian,PA:6,*ʔθeny(e:),*ʔθeny(e:)
Proto_Algonquian,PA:6,*θ,*θ
Proto_Algonquian,PA:6,*θa:n(e:),*θa:n(e:)
Proto_Algonquian,PA:6,*θa:nt,*θa:nt
Proto_Algonquian,PA:4,*θa:pi‑,*θaapi‑
Proto_Algonquian,PA:4,*θa:w‑,*θaaw‑
Proto_Algonquian,PA:6,*θa·m‑,*θaam‑
Proto_Algonquian,PA:6,*θa·p‑,*θaap‑
Proto_Algonquian,PA:6,*θa·p‑,*θaap‑
Proto_Algonquian,PA:6,*θa·w‑,*θaaw‑
Proto_Algonquian,PA:6,*θa·θ‑,*θaaθ‑
Proto_Algonquian,PA:6,*θak(e:),*θak(e:)
Proto_Algonquian,PA:6,*θankw(ak),*θankw(ak)
Proto_Algonquian,PA:4,*θaʔθa:w‑,*θaʔθaaw‑
Proto_Algonquian,PA:2,*θaˀθaw‑,*θaˀθaw‑
Proto_Algonquian,PA:6,*θe·kw‑,*θeekw‑
Proto_Algonquian,PA:6,*θenčy(e:),*θenčy(e:)
Proto_Algonquian,PA:4,*θenk‑,*θenk‑
Proto_Algonquian,PA:6,*θenkw(e:),*θenkw(e:)
Proto_Algonquian,PA:6,*θenkwaθ,*θenkwaθ
Proto_Algonquian,PA:6,*θeʔšiw(e:),*θeʔšiw(e:)
Proto_Algonquian,PA:6,*θeʔθaw‑,*θeʔθaw‑
Proto_Algonquian,PA:6,*θeʔθe·ma·‑,*θeʔθeemaa‑
Proto_Algonquian,PA:6,*θkana:w,*θkana:w
Proto_Algonquian,PA:6,*θkwe:w,*θkwe:w
Proto_Algonquian,PA:6,*θo:ns,*θo:ns
Proto_Algonquian,PA:6,*θo·m‑,*θoom‑
Proto_Algonquian,PA:6,*θot,*θot
Proto_Algonquian,PA:6,*θotaw,*θotaw
Proto_Algonquian,PA:4,ke:hšaw‑,*keehšaw‑
Proto_Algonquian,PA:6,pye·(h)‑,*pyee(h)‑
Proto_Algonquian,PA:4,,
Proto_Algonquian,PA:4,,
Proto_Algonquian,PA:4,,
Proto_Algonquian,PA:4,,
Proto_Algonquian,PA:4,,
Proto_Algonquian,PA:4,,
Proto_Algonquian,PA:4,,
Proto_Algonquian,PA:4,,
