Component ID,Author Surname,Source Code,Page #,ISO code,Dialect,Glottocode,Form (original orthography),Orthography Key Code,Form (project orthography),UR (if given; if different),UR (project orthography),PA form (original orthography),PA form (project orthography),Translation,Project Definition,Component Type,Subcategory,Initial: Reduplicated,Final: concrete / abstract,Final: secondary (y/n/b),Base Category (if secondary)-A,Match AI,Match II,Match TA,Match TI,Allomorph-A,Condition-A,Component occurs in stem (orig. orth)-A,Component occurs in stem (proj. orth)-A,Stem UR-A,Stem category-A,Stem subcategory-A,Stem translation-A,Secondary stem-A,Stem Source-A,Component occurs in stem (orig. orth)-B,Component occurs in stem (proj. orth)-B,Stem UR-B,Stem category-B,Stem subcategory-B,Stem translation-B,Secondary stem-B,Stem Source-B,Component occurs in stem (orig. orth)-C,Component occurs in stem (proj. orth)-C,Stem UR-C,Stem category-C,Stem subcategory-C,Stem translation-C,Secondary stem-C,Stem Source-C,Formative/component occurs in what component(s)-A,Contains component (enter)-A,Contains formative (enter)-A,Deverbal (y/n),Deverbal from,Comments,Speaker,1st check done,2nd check done
11,Armoskaite & Junker,SA_MOJ2017,0003,bla,,siks1238,-a'tsis,BF:1,,,,,,instrument,,final,N,,,Y,INTR,,,,,,,,,,,,,,,,,,,,,,,,,,,,,,,,,,,,,,MAM
12,Bliss et al. ,HB_ET_AL2012,0006,bla,,siks1238,-a'tsis,BF:1,,,,,,instrument,,final,N,,,Y,V
6,Genee,IXG2013,0101,bla,,siks1238,-a,BF:1,,,,,,NG,,final,,,,N
7,Bliss,HB2010,0060,bla,,siks1238,-a,BF:1,,,,,,NG,,final,AI,,ABSTR
8,Genee,IXG2013,0102,bla,,siks1238,-á,BF:1,,,,,,NG,,final,AI
13,Armoskaite,SA2010,"0062, 0066, 0067",bla,,siks1238,-aa,BF:1,,,,,,pseudo-intransitive,AI+O,final,AI+O,,,,,,,,,,,ihkiitaa,,ihkiit-aa,V,pseudo-intransitive,bake,,SA2010;0062,,,,,,,,,,,,,,,,,,,,,,,,MAM
14,Armoskaite,SA2010,0067,bla,,siks1238,-aa,BF:1,,,,,,intransitive,,final,AI,,,,,,,,,,,,,,,,,,,,,,,,,,,,,,,,,,,,,,,,,,MAM
15,Genee,IXG2013,"0102,0104,0105,0106",bla,,siks1238,-aa,BF:1,,,,,,NG,,final,AI
16,Bliss et al. ,HB_ET_AL2012,0001,bla,,siks1238,-aa,BF:1,,,,,,NG,,final,AI
22,Armoskaite,SA2010,"0062, 0064, 0065",bla,,siks1238,-aki,BF:1,,,,,,pseudo-intransitive,AI+O,final,AI+O,,,,,,,,,,,ssinnaki,,ss-yinn-aki,V,pseudo-intransitive,break by hand,,SA2010;0062,o'taki,,o't-aki,V,pseudo-intransitive,,,SA2010;0063,,,,,,,,,,,,,,,,MAM
23,Genee,IXG2013,"0098,0101,0102,0108",bla,,siks1238,-aki,BF:1,,,,,,NG,,final,AI,,,N,,,,,,,,,,,,,,,,,,,,,,,,,,,,,,,,,,,,,"GVM: Discussed as ""detransitivizing"" as it attaches to an inherently transitive verb but creates an intransitive verb. "
24,Bliss et al. ,HB_ET_AL2012,0011,bla,,siks1238,-aki,BF:1,,,,,,NG,,final,AI
25,Armoskaite,SA2010,"0062, 0064, 0067",bla,,siks1238,-at,BF:1,,,,,,TA,,final,TA,,,,,,,,-atoo,,,sisowat,,siso-at,V,TA,cut,,SA2010;0062,ihkiitat,,ihkiit-at,V,TA,bake,,SA2010;0062,o'kaas-at,,,V,TA,grab,,SA2010;0063,,,,,,,,MAM
26,Genee,IXG2013,"0102,0104,0106,0108",bla,,siks1238,-at,BF:1,,,,,,NG,,final,TA
27,Bliss,HB2010,0062,bla,,siks1238,-at,BF:1,,,,,,NG,,final,TA,,ABSTR
28,Armoskaite,SA2010,"0062, 0064, 0067",bla,,siks1238,-atoo,BF:1,,,,,,TI,,final,TI,,,,,,,-at,,,,sisowatoo,,siso-atoo,V,TI,cut,,SA2010;0062,ihkiitatoo,,ihkiit-atoo,V,TI,bake,,SA2010;0062,o'kaas-atoo,,,V,TI,grab,,SA2010;0063,,,,,,MAM: SA has a typo in TI form for 'grab'; what's entered is correct (checked dictionary),,MAM
29,Genee,IXG2013,"0102,0104,0106",bla,,siks1238,-atoo,BF:1,,,,,,NG,,final,TI,,,B,TA
30,Bliss,HB2010,0060,bla,,siks1238,-atoo,BF:1,,,,,,NG,,final,TI,,ABSTR
3,Armoskaite,SA2010,0062,bla,,siks1238,-∅,BF:1,,,,,,TA,,final,TA,,,,,,,,,,,ssinn,,ss-yinn-∅,V,TA,break by hand/cause to go bankrupt,,SA2010;0062,,,,,,,,,,,,,,,,,,,,,,,,MAM
4,Barrie & Dunham,MB_JD2008,0001,bla,,siks1238,-∅,BF:1,,,,,,be a (N),,final,AI,,,,,,,,,,,,,,,,,,,,,,,,,,,,,,,,,,,,,,,,"MAM: B&D call this a ""light verb."" Assuming AI final although ""Somewhat similar to denominals in English""; attaches to bare nouns.",,MAM
1,Genee,IXG2013,"0107,0108",bla,,siks1238,-:m,BF:1,,,,,,comitative,,final,TA,,,Y,AI
2,Genee,IXG2013,0107,bla,,siks1238,-(o:)tsiiyi,BF:1,,,,,,reciprocal,,final,AI,,,Y,TA
5,Barrie & Dunham,MB_JD2008,0005,,,,-∅,BF:1,,,,,,possess non-sentient,,final,AI,,,,,,,,,,,,,,,,,,,,,,,,,,,,,,,,,,,,,,,,"MAM: B&D call this a ""light verb."" Assuming AI final although ""Somewhat similar to denominals in English""; attaches to bare nouns.",,MAM
9,Bliss et al. ,HB_ET_AL2012,0008,bla,,siks1238,-a'pii,BF:1,,,,,,be,,final,II
10,Bliss et al. ,HB_ET_AL2012,0008,bla,,siks1238,-a'pssi,BF:1,,,,,,NG,,final,AI
17,Genee,IXG2013,0104,bla,,siks1238,-aahko,BF:1,,,,,,NG,,final,TA
18,Genee,IXG2013,0104,bla,,siks1238,-aahko-hk-atoo,BF:1,,,,,,NG,,final,TI,,,,,,,,,,,,,,,,,,,,,,,,,,,,,,,,,,,,,,,,"GVM: This is listed as a TI final in a table, but is in parentheses; author mentions that the elements of it are not all clear in footnote 15."
19,Barrie & Dunham,MB_JD2008,0032,,,,-aaki,BF:1,,,,,,NG,,final,AI,,,,,,,,,,,,,,,,,,,,,,,,,,,,,,,,,,,,,,,,"MAM: ""-aaki is said to be a final""",,MAM
20,Barrie & Dunham,MB_JD2008,0032,bla,,siks1238,-aapin-,BF:1,,,,,,eye,,medial,,,,,,,,,,-aapini-,,,,,,,,,,,,,,,,,,,,,,,,,,,,,,,MAM: given as -aapini- in appendix,,MAM
21,Bliss,HB2010,0061,bla,,siks1238,-ahto,BF:1,,,,,,NG,,final,TI,,ABSTR
31,Bliss et al. ,HB_ET_AL2012,0015,bla,,siks1238,-atoo,BF:1,,,,,,NG,,final,TI
32,Barrie & Dunham,MB_JD2008,0024,,,,-atoo,BF:1,,,,,,NG,,final,TI,,,,,,,,,,,,,,,,,,,,,,,,,,,,,,,,,,,,,,,,,,MAM
33,Armoskaite,SA2010,0062,bla,,siks1238,-atsi-,BF:1,,,,,,scrub,,final,AI,,,,,,,,,,,,,,,,,,,,,,,,,,,,,,,,,,,,,,,,"MAM: glossed as ""FIN"" - Natalie Weber gave me the translation that's entered.",,MAM
34,Bliss,HB2010,0059,bla,,siks1238,-attsi,BF:1,,,,,,causative,,final,,,CONCR,Y
35,Genee,IXG2013,"0101,0102,0107,0108",bla,,siks1238,-áttsi,BF:1,,,,,,causative,,final,TA,,,Y,AI,,,,,,,saipioohsattsi,,,V,TA,cause someone to bring himself out/give a laxative or diuretic to,Y,IXG2013;107
36,Barrie & Dunham,MB_JD2008,"0001,0011,0036",bla,,siks1238,-hkaa,BF:1,,,,,,"come to have a (N), acquire",,final,AI,,,,,,,,,,,,,,,,,,,,,,,,,,,,,,,,,,,,,,,,"MAM: B&D call this a ""light verb."" Assuming AI final although ""Somewhat similar to denominals in English""; attaches to bare nouns.",,MAM
37,Bliss,HB2010,0059,bla,,siks1238,-hkaa,BF:1,,,,,,acquire,,final,,,CONCR
38,Bliss,HB2010,0059,bla,,siks1238,-hko,BF:1,,,,,,provide for,,final,,,CONCR
39,Barrie & Dunham,MB_JD2008,"0001,0013,0036",bla,,siks1238,-hko,BF:1,,,,,,"cause (object) to come to have a (N), provide to",,final,AI,,,,,,,,,,,,,,,,,,,,,,,,,,,,,,,,,,,,,,,,"MAM: B&D call this a ""light verb."" Assuming AI final although ""Somewhat similar to denominals in English""; attaches to bare nouns.",,MAM
40,Barrie & Dunham,MB_JD2008,"0021,0036",bla,,siks1238,-hksis-,BF:1,,,,,,nose,,medial,,,,,,,,,,,,,,,,,,,,,,,,,,,,,,,,,,,,,,,,,,,MAM
41,Bliss et al. ,HB_ET_AL2012,0006,bla,,siks1238,-hp,BF:1,,,,,,NG,,final,N,,ABSTR,Y,V,,,,,,,,,,,,,,,,,,,,,,,,,,,,,,,,,,,,Used on Conjunct verbs
42,Armoskaite & Junker,SA_MOJ2017,0003,bla,,siks1238,-hsin,BF:1,,,,,,process/result,,final,N,,,Y,INTR,,,,,-n,,,,,,,,,,,,,,,,,,,,,,,,,,,,,,,"They call it ""abstract"" but do assign it a meaning.",,MAM
43,Bliss et al. ,HB_ET_AL2012,0006,bla,,siks1238,-hsin,BF:1,,,,,,NG,,final,N,,ABSTR,Y,V
44,Barrie & Dunham,MB_JD2008,"0020,0036",bla,,siks1238,-hskin-,BF:1,,,,,,back,,medial,,,,,,,,,,,,,,,,,,,,,,,,,,,,,,,,,,,,,,,,,,,MAM
45,Armoskaite,SA2010,"0060, 0061",bla,,siks1238,-i,BF:1,,,,,,TI,,final,TI,,,,,,,-o,,,,ssinni,,ss-yinn-i,V,TI,break by hand,,SA2010;0062,o'tsi,,o't-i,V,TI,take,,SA2010;0063,,,,,,,,,,,,,,,,MAM
46,Armoskaite,SA2010,"0062, 0064, 0065, 0066, 0067",bla,,siks1238,-i,BF:1,,,,,,pseudo-intransitive,AI+O,final,AI+O,,,,,,,,,,,sisoyi,,siso-i,V,pseudo-intransitive,cut,,SA2010;0062,,,,,,,,,,,,,,,,,,,,,,,,MAM
47,Armoskaite,SA2010,0067,bla,,siks1238,-i,BF:1,,,,,,intransitive,,final,AI,,,,,,,,,,,,,,,,,,,,,,,,,,,,,,,,,,,,,,,,,,MAM
48,Armoskaite,SA2010,0068,bla,,siks1238,-i,BF:1,,,,,,TA,,final,TA,,,,,,,,,,,,,,,,,,,,,,,,,,,,,,,,,,,,,,,,,,MAM
49,Genee,IXG2013,0102,bla,,siks1238,-i,BF:1,,,,,,NG,,final,AI
50,Genee,IXG2013,0102,bla,,siks1238,-i,BF:1,,,,,,NG,,final,TI
51,Genee,IXG2013,"0102,0107",bla,,siks1238,-i,BF:1,,,,,,NG,,final,TA
52,Bliss,HB2010,0062,bla,,siks1238,-i,BF:1,,,,,,NG,,final,AI,,ABSTR
53,Bliss,HB2010,0068,bla,,siks1238,-i,BF:1,,,,,,NG,,final,TI,,ABSTR
54,Armoskaite,SA2010,0067,bla,,siks1238,-í'po-,BF:1,,,,,,speak,,initial,,,,,,,,,,,,,,,,,,,,,,,,,,,,,,,,,,,,,,,,,,,MAM
55,Barrie & Dunham,MB_JD2008,0015,,,,-i'tsi,BF:1,,,,,,feel,,final,TI,,,,,i'taki,,-imm,,,,,,,,,,,,,,,,,,,,,,,,,,,,,,,,,"MAM: B&D call this a ""root."" Explicitly say it forms VTI, although ""Somewhat similar to denominals in English""; attaches to bare nouns.",,MAM
56,Genee,IXG2013,"0098,0100,0102",bla,,siks1238,-ii,BF:1,,,,,,NG,,final,AI,,,N
57,Armoskaite,SA2010,"0061, 0062",bla,,siks1238,-ika,BF:1,,,,,,foot,,medial,,,,,,,,,,,,,,,,,,,,,,,,,,,,,,,,,,,,,,,,,,,MAM
57,Barrie & Dunham,MB_JD2008,"0019,0036",bla,,siks1238,-ika-,BF:1,,,,,,foot,,medial,,,,,,,,,,,,,,,,,,,,,,,,,,,,,,,,,,,,,,,,,,,MAM
59,Barrie & Dunham,MB_JD2008,"0026,0036",bla,,siks1238,-ikim-,BF:1,,,,,,"water, liquid",,medial,CLASS,,,,,,,,,,,,,,,,,,,,,,,,,,,,,,,,,,,,,,,,,,MAM
60,Barrie & Dunham,MB_JD2008,"0019,0036",bla,,siks1238,-ikinaki,BF:1,,,,,,leg(s),,medial,,,,,,,,,,,,,,,,,,,,,,,,,,,,,,,,,,,,,,,,,MAM: not clear that this is a medial because there's no final after it.,,MAM
61,Barrie & Dunham,MB_JD2008,0031,bla,,siks1238,-ikinsst-,BF:1,,,,,,arm,,medial,,,,,,,,,,,,,,,,,,,,,,,,,,,,,,,,,,,,,,,,,,,MAM
62,Barrie & Dunham,MB_JD2008,"0021,0026,0036",bla,,siks1238,-iksi-,BF:1,,,,,,"wood, root(?)",,medial,CLASS,,,,,,,,,,,,,,,,,,,,,,,,,,,,,,,,,,,,,,,,MAM: question mark in original,,MAM
63,Armoskaite,SA2010,0064,bla,,siks1238,-imaa,BF:1,,,,,,pseudo-intransitive,AI+O,final,AI+O,,,,,,,,,,,,,,,,,,,,,,,,,,,,,,,,,,,,,,,,"SA: ""Frantz (1971:50) states that -imaa adds a semantic component of valid personal motivation on the part of the actor of the action. I could not replicate Frantz's finding in my fieldwork and leave this issue for further research.""",,MAM
64,Genee,IXG2013,0102,bla,,siks1238,-imaa,BF:1,,,,,,NG,,final,AI
65,Barrie & Dunham,MB_JD2008,0001,bla,,siks1238,-imm,BF:1,,,,,,feels for (object) as a (N),,final,TA,,,,,i'taki,,,-i'tsi,,,,,,,,,,,,,,,,,,,,,,,,,,,,,,,,"MAM: B&D call this a ""light verb"" and later a ""root."" They say it creates TA verbs so assuming TA final although ""Somewhat similar to denominals in English""; attaches to bare nouns.",,MAM
66,Barrie & Dunham,MB_JD2008,0001,bla,,siks1238,-inaamm,BF:1,,,,,,look like a (N),,final,AI,,,,,,-inaattsi,,,,,,,,,,,,,,,,,,,,,,,,,,,,,,,,,,"MAM: B&D call this a ""light verb."" Assuming AI final (they specify animacy on this one) although ""Somewhat similar to denominals in English""; attaches to bare nouns.",,MAM
67,Barrie & Dunham,MB_JD2008,0001,bla,,siks1238,-inaattsi,BF:1,,,,,,look like a (N),,final,II,,,,,-inaamm,,,,,,,,,,,,,,,,,,,,,,,,,,,,,,,,,,,"MAM: B&D call this a ""light verb."" Assuming II final (they specify animacy on this one) although ""Somewhat similar to denominals in English""; attaches to bare nouns.",,MAM
68,Armoskaite,SA2010,"0060, 0062",bla,,siks1238,-inn,BF:1,,,,,,by hand,,medial,,,,,,,,,,-yinn-,,ssinn,,ss-yinn-∅,V,TA,break by hand/cause to go bankrupt,,SA2010;0062,ssinni,,ss-yinn-i,V,TI,break by hand,,SA2010;0062,ssinnaki,,ss-yinn-aki,V,pseudo-intransitive,break by hand,,SA2010;0062,,,,,,,,MAM
69,Armoskaite,SA2010,0068,bla,,siks1238,-ipikkss-,BF:1,,,,,,flee,,final,AI,,,,,,,,,,,,,,,,,,,,,,,,,,,,,,,,,,,,,,,,MAM: Guessing that this is an AI final.,,MAM
70,Barrie & Dunham,MB_JD2008,"0001,0036",bla,,siks1238,-ipitsi,BF:1,,,,,,"be a habitual (N), be one who VERBS habitually",,final,AI,,,,,,,,,,,,,,,,,,,,,,,,,,,,,,,,,,,,,,,,"MAM: B&D call this a ""light verb."" Assuming AI final although ""Somewhat similar to denominals in English""; attaches to bare nouns.",,MAM
71,Barrie & Dunham,MB_JD2008,0001,bla,,siks1238,-ipitsi,BF:1,,,,,,be obsessed with (Ns),,final,AI,,,,,,,,,,,,,,,,,,,,,,,,,,,,,,,,,,,,,,,,"MAM: B&D call this a ""light verb."" Assuming AI final although ""Somewhat similar to denominals in English""; attaches to bare nouns.",,MAM
72,Genee,IXG2013,"0098,0100,0102,0108",bla,,siks1238,-ist,BF:1,,,,,,NG,,final,TA,,,N
73,Genee,IXG2013,"0098,0100.0102",bla,,siks1238,-istoo,BF:1,,,,,,NG,,final,TI,,,N
74,Barrie & Dunham,MB_JD2008,0024,,,,-istoo,BF:1,,,,,,NG,,final,TI,,,,,,,,,,,,,,,,,,,,,,,,,,,,,,,,,,,,,,,,,,MAM
75,Bliss,HB2010,0059,bla,,siks1238,-m,BF:1,,,,,,accompaniment,,final,,,CONCR,Y
76,Armoskaite,SA2010,0062,bla,,siks1238,-m-,BF:1,,,,,,TA,,final,TA,,,Y,,,,,,,,,,,,,,,,,,,,,,,,,,,,,,,,,,,,,Info that it's a secondary final from Natalie Weber.,,MAM
77,Barrie & Dunham,MB_JD2008,"0001,0004",bla,,siks1238,-mi,BF:1,,,,,,"have a (N), possess",,final,AI,,,,,,,,,,,,,,,,,,,,,,,,,,,,,,,,,,,,,,,,"MAM: B&D call this a ""light verb."" Assuming AI final although ""Somewhat similar to denominals in English""; attaches to bare nouns.",,MAM
78,Barrie & Dunham,MB_JD2008,0031,bla,,siks1238,-mo'kakín-,BF:1,,,,,,back,,medial,,,,,,,,,,,,,,,,,,,,,,,,,,,,,,,,,,,,,,,,,,,MAM
79,Armoskaite,SA2010,"0061, 0062, 0064, 0066",bla,,siks1238,-o,BF:1,,,,,,TA,,final,TA,,,,,,,,-i,,,o'to,,o't-o,V,TA,take,,SA2010;0063,,,,,,,,,,,,,,,,,,,,,,,,MAM
80,Barrie & Dunham,MB_JD2008,0014,bla,,siks1238,-o,BF:1,,,,,,benefactive,,final,TA,,,,,,,,,-omo,,,,,,,,,,,,,,,,,,,,,,,,,,,,,,,,,MAM
81,Genee,IXG2013,0105,bla,,siks1238,-o,BF:1,,,,,,benefactive,,final,,,,B
82,Genee,IXG2013,"0098,0100,0101,0102",bla,,siks1238,-o,BF:1,,,,,,NG,,final,TA,,,N
83,Frantz,DF1968,0188,bla,,siks1238,-O·tiiyi,BF:2,,,,,,reciprocal,,final,AI,,,Y,TA,,,,,,,,,,,,,,,,,,,,,,,,,,,,,,,,,,,,MAM: I'm not sure what the O· stands for - I put it as long o in the orthography key but note that he uses ii for long i.
84,Genee,IXG2013,"0105,0107,0108",bla,,siks1238,-o(mo),BF:1,,,,,,applicative benefactive,,final,,,,Y,TA
85,Genee,IXG2013,"0106,0107,0108",bla,,siks1238,-o(o)hsi,BF:1,,,,,,reflexive,,final,AI,,,Y,TA,,,,,,,saipioohsi,,,V,AI,"bring oneself out/urinate, defecate",,IXG2013;107,saipioohsattsi,,,V,TA,cause someone to bring himself out/give a laxative or diuretic to,Y,IXG2013;107
86,Genee,IXG2013,0102,bla,,siks1238,-ohtoo,BF:1,,,,,,NG,,final,TI
87,Bliss,HB2010,0054,bla,,siks1238,-omo,BF:1,,,,,,benefactive,,final,,,CONCR,Y
88,Bliss,HB2010,0060,bla,,siks1238,-omo,BF:1,,,,,,transfer of possession,,final,,,CONCR,N
89,Barrie & Dunham,MB_JD2008,0014,,,,-omo,BF:1,,,,,,benefactive,,final,TA,,,,,,,,,-o,,,,,,,,,,,,,,,,,,,,,,,,,,,,,,,,,MAM
90,Genee,IXG2013,"0098,0101,0102",bla,,siks1238,-oo,BF:1,,,,,,NG,,final,TI,,,N
91,Bliss,HB2010,0068,bla,,siks1238,-oo,BF:1,,,,,,NG,,final,TA,,ABSTR
92,Bliss et al. ,HB_ET_AL2012,0001,bla,,siks1238,-oo,BF:1,,,,,,go,,final,AI
93,Bliss et al. ,HB_ET_AL2012,0012,bla,,siks1238,-oo,BF:1,,,,,,NG,,final,TI
94,Bliss,HB2010,0059,bla,,siks1238,-oohsi,BF:1,,,,,,reflexive,,final,,,CONCR
95,Bliss,HB2010,0059,bla,,siks1238,-ootsiiyi,BF:1,,,,,,reciprocal,,final,,,CONCR
96,Frantz,DF1968,0185,bla,,siks1238,-oxsi,BF:2,,,,,,reflexive,,final,AI,,,Y,TA
97,Armoskaite,SA2010,0065,bla,,siks1238,-ssk-i,BF:1,,,,,,chase,,initial,TI,,,,,,,,,,,,,,,,,,,,,,,,,,,,,,,,,,,,,,,,MAM: Natalie Weber says this looks like the 'by foot/body' instrumental to her. Author is dividing into concrete/abstract parts apparently.,,MAM
98,Armoskaite,SA2010,0065,bla,,siks1238,-ssk-o,BF:1,,,,,,chase,,final,TA,,,,,,,,,,,,,,,,,,,,,,,,,,,,,,,,,,,,,,,,MAM: Natalie Weber says this looks like the 'by foot/body' instrumental to her. Author is dividing into concrete/abstract parts apparently.,,MAM
99,Barrie & Dunham,MB_JD2008,"0020,0036",bla,,siks1238,-sski-,BF:1,,,,,,face,,medial,,,,,,,,,,,,,,,,,,,,,,,,,,,,,,,,,,,,,,,,,MAM: given as sski.. (with dots) on p. 0036,,MAM
100,Barrie & Dunham,MB_JD2008,"0031,0036",bla,,siks1238,-ssp-,BF:1,,,,,,"head, hair",,medial,,,,,,,,,,,,,,,,,,,,,,,,,,,,,,,,,,,,,,,,,,,MAM
101,Barrie & Dunham,MB_JD2008,0019,bla,,siks1238,-sstooki-,BF:1,,,,,,ear,,medial,,,,,,,,,,,,,,,,,,,,,,,,,,,,,,,,,,,,,,,,,,,MAM
102,Barrie & Dunham,MB_JD2008,"0001,0002,0036",bla,,siks1238,-wa'si,BF:1,,,,,,"come to be a (N), turn into, become (N)",,final,AI,,,,,,,,,,,,,,,,,,,,,,,,,,,,,,,,,,,,,,,,"MAM: B&D call this a ""light verb."" Assuming AI final although ""Somewhat similar to denominals in English""; attaches to bare nouns.",,MAM
103,Bliss,HB2010,0059,bla,,siks1238,-wa'si,BF:1,,,,,,become,,final,,,CONCR
104,Barrie & Dunham,MB_JD2008,"0001,0036",bla,,siks1238,-yi,BF:1,,,,,,be a (N),,final,AI,,,,,,,,,,,,,,,,,,,,,,,,,,,,,,,,,,,,,,,,"MAM: B&D call this a ""light verb."" Assuming AI final although ""Somewhat similar to denominals in English""; attaches to bare nouns.",,MAM
105,Barrie & Dunham,MB_JD2008,0001,bla,,siks1238,-yi,BF:1,,,,,,have a (N),,final,AI,,,,,,,,,,,,,,,,,,,,,,,,,,,,,,,,,,,,,,,,"MAM: B&D call this a ""light verb."" Assuming AI final although ""Somewhat similar to denominals in English""; attaches to bare nouns.",,MAM
106,Armoskaite,SA2010,0067,bla,,siks1238,-yó'k-,BF:1,,,,,,sleep,,initial,,,,,,,,,,,,,,,,,,,,,,,,,,,,,,,,,,,,,,,,,,,MAM
107,Barrie & Dunham,MB_JD2008,0020,bla,,siks1238,-yó'kin-,BF:1,,,,,,chest?,,medial,,,,,,,,,,,,,,,,,,,,,,,,,,,,,,,,,,,,,,,,,MAM: question mark in original,,MAM
108,Bliss,HB2010,0063,bla,,siks1238,(w)aahkan-,BF:1,,,,,,sew,,initial
109,Genee,IXG2013,"0102,0106",bla,,siks1238,+ip,BF:1,,,,,,bring,,initial,TRANS,,,,,,,,,,,saipi,,,V,TA,bring/take out,,IXG2013;107,saipioohsi,,,V,AI,"bring oneself out/urinate, defecate",Y,IXG2013;107,saipioohsattsi,,,V,TA,cause someone to bring himself out/give a laxative or diuretic to,Y,IXG2013;107,,,,,,MAM: Genee calls this a bound root & writes it as +ip; here w/ preverb sa- 'out',,MAM
110,Armoskaite,SA2010,0065,bla,,siks1238,á'p-,BF:1,,,,,,"about, around",,initial,,,,,,,,,,,,,,,,,,,,,,,,,,,,,,,,,,,,,,,,,,,MAM
111,Bliss,HB2010,0061,bla,,siks1238,a'pihk-,BF:1,,,,,,sell,,initial
112,Bliss,HB2010,0061,bla,,siks1238,a'pistot-,BF:1,,,,,,fix,,initial
113,Genee,IXG2013,0108,bla,,siks1238,a'po't,BF:1,,,,,,work,,initial,TRANS
114,Barrie & Dunham,MB_JD2008,0036,bla,,siks1238,a'tsis,BF:1,,,,,,tool/associated instrument,,final,,,,,,,,,,,,,,,,,,,,,,,,,,,,,,,,,,,,,,,,,MAM: type of final not given,,MAM
115,Frantz,DF1973,0012,bla,,siks1238,aki,BF:1,,,,,,NG,,final,,,,Y,TA,,,,,,,,,,,,,,,,,,,,,,,,,,,,,,,,,,,,Creates pseudo-intransitive stem
116,Barrie & Dunham,MB_JD2008,0019,bla,,siks1238,apak,BF:1,,,,,,wide,,initial,,,,,,,,,,,,,,,,,,,,,,,,,,,,,,,,,,,,,,,,,"MAM: Defined as ""XSUBJ’s ZMED is wide VAI""; assuming this is an initial because it precedes a medial.",,MAM
117,Frantz,DF1973,0010,bla,,siks1238,at,BF:1,,,,,,NG,,final,TA,,,Y,,,,,,,,,,,,,,,,,,,,,,,,,,,,,,,,,,,,,Attaches to pseudo-intransitive stem
118,Barrie & Dunham,MB_JD2008,0036,bla,,siks1238,attsi,BF:1,,,,,,causative,,final,,,,,,,,,,,,,,,,,,,,,,,,,,,,,,,,,,,,,,,,,MAM: type of final not given,,MAM
35,Frantz,DF1973,0011,bla,,siks1238,attsi,BF:1,,,,,,causative,,final,TA,,,Y,AI
120,Barrie & Dunham,MB_JD2008,0037,bla,,siks1238,i'ki,BF:1,,,,,,pink,,initial,,,,,,,,,,,,,,,,,,,,,,,,,,,,,,,,,,,,,,,,,,,MAM
121,Barrie & Dunham,MB_JD2008,0015,,,,i'taki,BF:1,,,,,,feel,,final,AI,,,,,,,-imm,-i'tsi,,,,,,,,,,,,,,,,,,,,,,,,,,,,,,,,"MAM: B&D call this a ""root."" Explicitly say it forms VTA, although ""Somewhat similar to denominals in English""; attaches to bare nouns. I think the lack of a dash is just a typo.",,MAM
122,Armoskaite,SA2010,0062,bla,,siks1238,ihkiit-,BF:1,,,,,,bake,,initial,,,,,,,,,,,,ihkiitaa,,ihkiit-aa,V,pseudo-intransitive,bake,,SA2010;0062,ihkiitatoo,,ihkiit-atoo,V,TI,bake,,SA2010;0062,ihkiitat,,ihkiit-at,V,TA,bake,,SA2010;0062,,,,,,,,MAM
123,Barrie & Dunham,MB_JD2008,0036,bla,,siks1238,ihkin,BF:1,,,,,,"head, hair",,medial,,,,,,,,,,,,,,,,,,,,,,,,,,,,,,,,,,,,,,,,,,,MAM
124,Barrie & Dunham,MB_JD2008,0037,bla,,siks1238,ihkit,BF:1,,,,,,freeze,,initial,,,,,,,,,,,,,,,,,,,,,,,,,,,,,,,,,,,,,,,,,,,MAM
125,Bliss,HB2010,0060,bla,,siks1238,ihkit-,BF:1,,,,,,bake,,initial,,,,,,,,,,,,,,,,,,,,,,,,,,,,,,,,,,,,,,,,,MAM: In (2a) ihkit- looks like an initial; in (2b) it's not clear if it's an initial or a stem
126,Barrie & Dunham,MB_JD2008,0037,bla,,siks1238,ikahk,BF:1,,,,,,"sever, cut",,initial,,,,,,,,,,,,,,,,,,,,,,,,,,,,,,,,,,,,,,,,,,,MAM
127,Bliss,HB2010,0062,bla,,siks1238,ikamo's-,BF:1,,,,,,steal,,initial
128,Barrie & Dunham,MB_JD2008,0036,bla,,siks1238,ikimi,BF:1,,,,,,liquid,,final,,,,,,,,,,,,,,,,,,,,,,,,,,,,,,,,,,,,,,,,,MAM: type of final not given,,MAM
129,Barrie & Dunham,MB_JD2008,0036,bla,,siks1238,ikin,BF:1,,,,,,tooth,,medial,,,,,,,,,,,,,,,,,,,,,,,,,,,,,,,,,,,,,,,,,,,MAM
130,Barrie & Dunham,MB_JD2008,0036,bla,,siks1238,ikinsst,BF:1,,,,,,hand,,medial,,,,,,,,,,,,,,,,,,,,,,,,,,,,,,,,,,,,,,,,,,,MAM
131,Barrie & Dunham,MB_JD2008,0037,bla,,siks1238,ikk,BF:1,,,,,,"hit, strike",,initial,,,,,,,,,,,,,,,,,,,,,,,,,,,,,,,,,,,,,,,,,,,MAM
132,Bliss et al. ,HB_ET_AL2012,0008,bla,,siks1238,ikkam-,BF:1,,,,,,fast,,initial
133,Barrie & Dunham,MB_JD2008,0036,bla,,siks1238,ikoan,BF:1,,,,,,male person/ young being,,final,,,,,,,,,,,,,,,,,,,,,,,,,,,,,,,,,,,,,,,,,MAM: type of final not given,,MAM
134,Barrie & Dunham,MB_JD2008,0037,bla,,siks1238,ikook,BF:1,,,,,,regret,,initial,,,,,,,,,,,,,,,,,,,,,,,,,,,,,,,,,,,,,,,,,,,MAM
135,Barrie & Dunham,MB_JD2008,0036,bla,,siks1238,imi,BF:1,,,,,,smell,,final,,,,,,,,,,,,,,,,,,,,,,,,,,,,,,,,,,,,,,,,,MAM: type of final not given,,MAM
136,Bliss,HB2010,0061,bla,,siks1238,immsk-,BF:1,,,,,,save food,,initial
137,Barrie & Dunham,MB_JD2008,0036,bla,,siks1238,imo,BF:1,,,,,,have the odour of,,final,,,,,,,,,,,,,,,,,,,,,,,,,,,,,,,,,,,,,,,,,MAM: type of final not given,,MAM
138,Armoskaite,SA2010,0061,bla,,siks1238,in-,BF:1,,,,,,see,,initial,,,,,,,,,,,,,,,,,,,,,,,,,,,,,,,,,,,,,,,,,,,MAM
138,Bliss,HB2010,0068,bla,,siks1238,in-,BF:1,,,,,,see,,initial
68,Barrie & Dunham,MB_JD2008,"0032,0036",bla,,siks1238,inn,BF:1,,,,,,by hand,,medial,,,,,,,,,,,,,,,,,,,,,,,,,,,,,,,,,,,,,,,,,"MAM: has two dots after it in original on 0036; ""-inn is said to be a medial"" (p. 32) but they give an example where nothing follows it. Plus the instrumenal meaning is more characteristic of a final. ",,MAM
141,Armoskaite,SA2010,0065,bla,,siks1238,inn-,BF:1,,,,,,down,,initial,,,,,,,,,,,,,,,,,,,,,,,,,,,,,,,,,,,,,,,,,,,MAM
141,Bliss et al. ,HB_ET_AL2012,0007,bla,,siks1238,inn-,BF:1,,,,,,down,,initial
143,Barrie & Dunham,MB_JD2008,0037,bla,,siks1238,ip,BF:1,,,,,,"move a tangible object from one point to another, bring",,initial,,,,,,,,,,,,,,,,,,,,,,,,,,,,,,,,,,,,,,,,,,,MAM
144,Barrie & Dunham,MB_JD2008,"0019,0037",bla,,siks1238,ipak,BF:1,,,,,,"hit, strike with an object on a specified portion of the body",,initial,,,,,,,,,,,,,,,,,,,,,,,,,,,,,,,,,,,,,,,,,"MAM: Defined as ""XSUBJ’s ZMED hurts""; assuming this is an initial because it precedes a medial.",,MAM
145,Barrie & Dunham,MB_JD2008,0037,bla,,siks1238,ipakk,BF:1,,,,,,burst,,initial,,,,,,,,,,,,,,,,,,,,,,,,,,,,,,,,,,,,,,,,,,,MAM
146,Barrie & Dunham,MB_JD2008,0037,bla,,siks1238,ipi,BF:1,,,,,,"tattered, riotous, loudly",,initial,,,,,,,,,,,,,,,,,,,,,,,,,,,,,,,,,,,,,,,,,,,MAM
147,Barrie & Dunham,MB_JD2008,0036,bla,,siks1238,ipi..,BF:1,,,,,,causative,,final,,,,,,,,,,,,,,,,,,,,,,,,,,,,,,,,,,,,,,,,,MAM: two dots are in original; type of final not given,,MAM
148,Barrie & Dunham,MB_JD2008,0037,bla,,siks1238,ipohk,BF:1,,,,,,"cut off, pull out",,initial,,,,,,,,,,,,,,,,,,,,,,,,,,,,,,,,,,,,,,,,,,,MAM
149,Barrie & Dunham,MB_JD2008,0037,bla,,siks1238,ipon,BF:1,,,,,,"terminate, end, be rid of",,initial,,,,,,,,,,,,,,,,,,,,,,,,,,,,,,,,,,,,,,,,,,,MAM
150,Barrie & Dunham,MB_JD2008,0037,bla,,siks1238,isawa',BF:1,,,,,,change,,initial,,,,,,,,,,,,,,,,,,,,,,,,,,,,,,,,,,,,,,,,,,,MAM
151,Bliss et al. ,HB_ET_AL2012,0011,bla,,siks1238,iso-,BF:1,,,,,,on,,initial
152,Barrie & Dunham,MB_JD2008,0036,bla,,siks1238,iststaki,BF:1,,,,,,with back and forth motion,,final,,,,,,,,,,,,,,,,,,,,,,,,,,,,,,,,,,,,,,,,,MAM: type of final not given,,MAM
153,Barrie & Dunham,MB_JD2008,"0019,0037",bla,,siks1238,isttsi,BF:1,,,,,,"hurt, pain",,initial,,,,,,,,,,,,,,,,,,,,,,,,,,,,,,,,,,,,,,,,,"MAM: Defined as ""XSUBJ hit YOBJ’s ZMED""; assuming this is an initial because it precedes a medial.",,MAM
154,Barrie & Dunham,MB_JD2008,0037,bla,,siks1238,isttsiip,BF:1,,,,,,itch,,initial,,,,,,,,,,,,,,,,,,,,,,,,,,,,,,,,,,,,,,,,,,,MAM
155,Armoskaite,SA2010,"0061, 0068",bla,,siks1238,itap-,BF:1,,,,,,toward,,initial,RR,,,,,,,,,,,,,,,,,,,,,,,,,,,,,,,,,,,,,,,,,,MAM
155,Bliss et al. ,HB_ET_AL2012,0001,bla,,siks1238,itap-,BF:1,,,,,,to,,initial,RR
157,Barrie & Dunham,MB_JD2008,0036,bla,,siks1238,ittsi,BF:1,,,,,,belly,,medial,,,,,,,,,,,,,,,,,,,,,,,,,,,,,,,,,,,,,,,,,,,MAM
216,Barrie & Dunham,MB_JD2008,0037,bla,,siks1238,iyosstsikina,BF:1,,,,,,fibrous,,initial,,,,,,,,,,,,,,,,,,,,,,,,,,,,,,,,,,,,,,,,,,,MAM
159,Barrie & Dunham,MB_JD2008,0037,bla,,siks1238,máak,BF:1,,,,,,arrange,,initial,,,,,,,,,,,,,,,,,,,,,,,,,,,,,,,,,,,,,,,,,MAM: could this be a typo or allomorph for yáak-?,,MAM
160,Barrie & Dunham,MB_JD2008,0037,bla,,siks1238,maan,BF:1,,,,,,new,,initial,,,,,,,,,,,,,,,,,,,,,,,,,,,,,,,,,,,,,,,,,,,MAM
161,Bliss et al. ,HB_ET_AL2012,0008,bla,,siks1238,matt-,BF:1,,,,,,again,,initial
162,Bliss et al. ,HB_ET_AL2012,0003,bla,,siks1238,mii-,BF:1,,,,,,fish,,medial
163,Barrie & Dunham,MB_JD2008,0037,bla,,siks1238,o'kaas,BF:1,,,,,,grab,,initial,,,,,,,,,,,,,,,,,,,,,,,,,,,,,,,,,,,,,,,,,,,MAM
164,Armoskaite,SA2010,0063,bla,,siks1238,o'kaas-,BF:1,,,,,,grab,,initial,,,,,,,,,,,,o'kaas-at,,,V,TA,grab,,SA2010;0063,o'kaas-atoo,,,V,TI,grab,,SA2010;0063,o'kaas-i,,,V,pseudo-intransitive,,,SA2010;0063,,,,,,MAM: SA has a typo in the TI form; what's entered is correct (checked dictionary),,MAM
165,Barrie & Dunham,MB_JD2008,0037,bla,,siks1238,o't,BF:1,,,,,,grasp by hand,,initial,,,,,,,,,,,,,,,,,,,,,,,,,,,,,,,,,,,,,,,,,,,MAM
165,Armoskaite,SA2010,0062,bla,,siks1238,o't-,BF:1,,,,,,take,,initial,,,,,,,,,,,,o'taki,,o't-aki,V,pseudo-intransitive,take,,SA2010;0063,o'tsi,,o't-i,V,TI,take,,SA2010;0063,o'to,,o't-o,V,TA,take,,SA2010;0063,,,,,,,,MAM
165,Bliss,HB2010,0060,bla,,siks1238,o't-,BF:1,,,,,,take,,initial
168,Genee,IXG2013,"0102,0108",bla,,siks1238,ohpomm,BF:1,,,,,,buy,,initial,INTR.
169,Armoskaite,SA2010,0066,bla,,siks1238,ohpomm-,BF:1,,,,,,buy,,initial,,,,,,,,,,,,,,,,,,,,,,,,,,,,,,,,,,,,,,,,,,,MAM
169,Barrie & Dunham,MB_JD2008,0014,bla,,siks1238,ohpomm-,BF:1,,,,,,buy,,initial,,,,,,,,,,,,,,,,,,,,,,,,,,,,,,,,,,,,,,,,,"MAM: B&D call this a ""root"" but I wonder if it's not a stem (i.e. internally complex).",,MAM
171,Bliss et al. ,HB_ET_AL2012,0001,bla,,siks1238,ohpop-,BF:1,,,,,,hold a child,,initial
172,Barrie & Dunham,MB_JD2008,0036,bla,,siks1238,ohsi,BF:1,,,,,,reflexive,,final,,,,,,,,,,,,,,,,,,,,,,,,,,,,,,,,,,,,,,,,,MAM: type of final not given - probably AI?,,MAM
173,Genee,IXG2013,"0098,0100,0101,0102",bla,,siks1238,omai't,BF:1,,,,,,believe,,initial,TRANS
174,Bliss et al. ,HB_ET_AL2012,0012,bla,,siks1238,omatap-,BF:1,,,,,,start,,initial
175,Bliss,HB2010,0061,bla,,siks1238,omsst-,BF:1,,,,,,steal,,initial
176,Genee,IXG2013,0102,bla,,siks1238,oo,BF:1,,,,,,eat,,initial,TRANS
177,Armoskaite,SA2010,0066,bla,,siks1238,oo-,BF:1,,,,,,eat,,initial,,,,,,,,,,,,,,,,,,,,,,,,,,,,,,,,,,,,,,,,,,,MAM
178,Bliss et al. ,HB_ET_AL2012,0012,bla,,siks1238,oowat-,BF:1,,,,,,eat,,initial
179,Barrie & Dunham,MB_JD2008,0037,bla,,siks1238,otahs,BF:1,,,,,,"bow, bend",,initial,,,,,,,,,,,,,,,,,,,,,,,,,,,,,,,,,,,,,,,,,,,MAM
180,Bliss et al. ,HB_ET_AL2012,0003,bla,,siks1238,oto-,BF:1,,,,,,go,,initial
181,Barrie & Dunham,MB_JD2008,0036,bla,,siks1238,otoyi,BF:1,,,,,,tail,,medial,,,,,,,,,,,,,,,,,,,,,,,,,,,,,,,,,,,,,,,,,,,MAM
182,Barrie & Dunham,MB_JD2008,0036,bla,,siks1238,otsiiyi,BF:1,,,,,,reciprocal,,final,,,,,,,,,,,,,,,,,,,,,,,,,,,,,,,,,,,,,,,,,MAM: type of final not given,,MAM
183,Bliss et al. ,HB_ET_AL2012,0015,bla,,siks1238,owa-,BF:1,,,,,,eat,,initial
184,Barrie & Dunham,MB_JD2008,0036,bla,,siks1238,oyi,BF:1,,,,,,mouth,,medial,,,,,,,,,,,,,,,,,,,,,,,,,,,,,,,,,,,,,,,,,,,MAM
185,Bliss et al. ,HB_ET_AL2012,0008,bla,,siks1238,ponoka-,BF:1,,,,,,elk,,medial
186,Bliss,HB2010,0060,bla,,siks1238,sapoht-,BF:1,,,,,,give tobacco,,initial
187,Barrie & Dunham,MB_JD2008,0037,bla,,siks1238,si'k,BF:1,,,,,,cover,,initial,,,,,,,,,,,,,,,,,,,,,,,,,,,,,,,,,,,,,,,,,,,MAM
188,Barrie & Dunham,MB_JD2008,0029,,,,sik-,BF:1,,,,,,black,,initial,,,,,,,,,,,,,,,,,,,,,,,,,,,,,,,,,,,,,,,,,,,MAM
189,Barrie & Dunham,MB_JD2008,0037,bla,,siks1238,sikahk,BF:1,,,,,,"set aside, set apart, exclude",,initial,,,,,,,,,,,,,,,,,,,,,,,,,,,,,,,,,,,,,,,,,,,MAM
190,Barrie & Dunham,MB_JD2008,0037,bla,,siks1238,sikk,BF:1,,,,,,"decrease the mass of, lower",,initial,,,,,,,,,,,,,,,,,,,,,,,,,,,,,,,,,,,,,,,,,,,MAM
191,Bliss et al. ,HB_ET_AL2012,0011,bla,,siks1238,sina-,BF:1,,,,,,draw,,initial
192,Armoskaite,SA2010,0062,bla,,siks1238,siso-,BF:1,,,,,,cut,,initial,,,,,,,,,,,,sisoyi,,siso-i,V,pseudo-intransitive,cut,,SA2010;0062,sisowatoo,,siso-atoo,V,TI,cut,,SA2010;0062,,,,,,,,,,,,,,,,MAM
193,Bliss et al. ,HB_ET_AL2012,0004,bla,,siks1238,sitok-,BF:1,,,,,,middle,,initial
194,Bliss et al. ,HB_ET_AL2012,0004,bla,,siks1238,sok-,BF:1,,,,,,good,,initial
195,Bliss et al. ,HB_ET_AL2012,0008,bla,,siks1238,sopo-,BF:1,,,,,,meticulous,,initial
196,Armoskaite,SA2010,0062,bla,,siks1238,ss-,BF:1,,,,,,break,,initial,,,,,,,,,,,,ssinn,,ss-yinn-∅,V,TA,break by hand/cause to go bankrupt,,SA2010;0062,ssinni,,ss-yinn-i,V,TI,break by hand,,SA2010;0062,ssinnaki,,ss-yinn-aki,V,pseudo-intransitive,break by hand,,SA2010;0062,,,,,,,,MAM
197,Barrie & Dunham,MB_JD2008,"0019,0037",bla,,siks1238,ssi,BF:1,,,,,,"wipe, wash",,initial,,,,,,,,,,,,,,,,,,,,,,,,,,,,,,,,,,,,,,,,,"MAM: Defined as ""XSUBJ wipe or wash Y’s ZMED VTA"" and also ""XSUBJ wipe or wash X’s ZMED VAI"" (the latter appears to be a reflexive but not clear that the verb is AI); assuming this is an initial because it precedes a medial.",,MAM
197,Armoskaite,SA2010,0062,bla,,siks1238,ssi-,BF:1,,,,,,wipe,,initial,,,,,,,,,,,,,,,,,,,,,,,,,,,,,,,,,,,,,,,,,,,MAM
199,Barrie & Dunham,MB_JD2008,0033,,,,ssik-,BF:1,,,,,,break,,initial,,,,,,,,,,,,,,,,,,,,,,,,,,,,,,,,,,,,,,,,,,,MAM
200,Genee,IXG2013,0108,bla,,siks1238,sskonák,BF:1,,,,,,shoot,,initial,INTR.
201,Barrie & Dunham,MB_JD2008,0037,bla,,siks1238,ssok,BF:1,,,,,,heavy,,initial,,,,,,,,,,,,,,,,,,,,,,,,,,,,,,,,,,,,,,,,,,,MAM
202,Barrie & Dunham,MB_JD2008,0033,,,,ssp-,BF:1,,,,,,high,,initial,,,,,,,,,,,,,,,,,,,,,,,,,,,,,,,,,,,,,,,,,,,MAM
203,Bliss et al. ,HB_ET_AL2012,0015,bla,,siks1238,ssta-,BF:1,,,,,,want
204,Barrie & Dunham,MB_JD2008,0029,,,,ssto-,BF:1,,,,,,cold,,initial,,,,,,,,,,,,,,,,,,,,,,,,,,,,,,,,,,,,,,,,,,,MAM
205,Bliss et al. ,HB_ET_AL2012,0018,bla,,siks1238,sstonat-,BF:1,,,,,,extremely,,initial
206,Bliss et al. ,HB_ET_AL2012,0008,bla,,siks1238,sstonnat-,BF:1,,,,,,dangerous,,initial
101,Barrie & Dunham,MB_JD2008,0036,bla,,siks1238,sstooki,BF:1,,,,,,ear,,medial,,,,,,,,,,,,,,,,,,,,,,,,,,,,,,,,,,,,,,,,,,,MAM
208,Barrie & Dunham,MB_JD2008,0037,bla,,siks1238,sstss,BF:1,,,,,,burn,,initial,,,,,,,,,,,,,,,,,,,,,,,,,,,,,,,,,,,,,,,,,,,MAM
209,Genee,IXG2013,0104,bla,,siks1238,waahkoma't,BF:1,,,,,,give or receive a loan,,initial,INTR.
210,Bliss,HB2010,0062,bla,,siks1238,waahkoma't-,BF:1,,,,,,borrow,,initial
211,Genee,IXG2013,"0098,0100,0102",bla,,siks1238,waan,BF:1,,,,,,say,,initial,INTR.
212,Bliss et al. ,HB_ET_AL2012,0001,bla,,siks1238,waawaahk-,BF:1,,,,,,play,,initial
213,Barrie & Dunham,MB_JD2008,"0019,0037",bla,,siks1238,yáak,BF:1,,,,,,"change shape of, shape, arrange",,initial,,,,,,,,,,,,,,,,,,,,,,,,,,,,,,,,,,,,,,,,,"MAM: Defined as ""XSUBJ change shape of YOBJ as a ZMED"" and also ""XSUBJ change shape of Y’s ZMED""; assuming this is an initial because it precedes a medial.",,MAM
214,Armoskaite,SA2010,0060,bla,,siks1238,yaam-,BF:1,,,,,,twisted,,initial,,,,,,,,,,,,,,,,,,,,,,,,,,,,,,,,,,,,,,,,,,,MAM
215,Genee,IXG2013,0108,bla,,siks1238,yisskskip,BF:1,,,,,,tie,,initial,INTR.
216,Barrie & Dunham,MB_JD2008,0037,bla,,siks1238,yosstsikina,BF:1,,,,,,fibrous,,initial,,,,,,,,,,,,,,,,,,,,,,,,,,,,,,,,,,,,,,,,,"MAM: cf iyosstsikina, but listed separately in the same appendix table so I'll leave it in.",,MAM
