UNMATCHED_COMPONENT-Cree_Innu-,UNMATCHED_COMPONENT,Cree_Innu: The component ID for token undefined does not exist.
MISSING_TOKEN-Cree_Innu-218,MISSING_TOKEN,Cree_Innu: Component 218 does not have any tokens.
MISSING_TOKEN-Cree_Innu-202,MISSING_TOKEN,Cree_Innu: Component 202 does not have any tokens.
MISSING_TOKEN-Cree_Plains-588,MISSING_TOKEN,Cree_Plains: Component 588 does not have any tokens.
UNMATCHED_COMPONENT-Kickapoo-290,UNMATCHED_COMPONENT,Kickapoo: The component ID for token undefined does not exist.
UNMATCHED_COMPONENT-Meskwaki-,UNMATCHED_COMPONENT,Meskwaki: The component ID for token undefined does not exist.
MISSING_TOKEN-Meskwaki-30,MISSING_TOKEN,Meskwaki: Component 30 does not have any tokens.
MISSING_TOKEN-Meskwaki-106,MISSING_TOKEN,Meskwaki: Component 106 does not have any tokens.
UNMATCHED_COMPONENT-Ojibwe_SW-56,UNMATCHED_COMPONENT,Ojibwe_SW: The component ID for token undefined does not exist.
UNMATCHED_COMPONENT-Ojibwe_SW-75,UNMATCHED_COMPONENT,Ojibwe_SW: The component ID for token undefined does not exist.
UNMATCHED_COMPONENT-Ojibwe_SW-84,UNMATCHED_COMPONENT,Ojibwe_SW: The component ID for token undefined does not exist.
MISSING_TOKEN-Ojibwe_SW-90,MISSING_TOKEN,Ojibwe_SW: Component 90 does not have any tokens.
MISSING_TOKEN-Ojibwe_SW-91,MISSING_TOKEN,Ojibwe_SW: Component 91 does not have any tokens.
MISSING_TOKEN-Ojibwe_SW-92,MISSING_TOKEN,Ojibwe_SW: Component 92 does not have any tokens.
UNMATCHED_COMPONENT-Potawatomi-,UNMATCHED_COMPONENT,Potawatomi: The component ID for token undefined does not exist.
MISSING_TOKEN-Potawatomi-284,MISSING_TOKEN,Potawatomi: Component 284 does not have any tokens.
MISSING_TOKEN-Potawatomi-283,MISSING_TOKEN,Potawatomi: Component 283 does not have any tokens.
MISSING_TOKEN-Potawatomi-289,MISSING_TOKEN,Potawatomi: Component 289 does not have any tokens.
MISSING_TOKEN-Potawatomi-285,MISSING_TOKEN,Potawatomi: Component 285 does not have any tokens.
MISSING_TOKEN-Potawatomi-303,MISSING_TOKEN,Potawatomi: Component 303 does not have any tokens.
MISSING_TOKEN-Potawatomi-252,MISSING_TOKEN,Potawatomi: Component 252 does not have any tokens.
MISSING_TOKEN-Potawatomi-57,MISSING_TOKEN,Potawatomi: Component 57 does not have any tokens.
MISSING_TOKEN-Potawatomi-189,MISSING_TOKEN,Potawatomi: Component 189 does not have any tokens.
MISSING_TOKEN-Potawatomi-60,MISSING_TOKEN,Potawatomi: Component 60 does not have any tokens.
MISSING_TOKEN-Potawatomi-191,MISSING_TOKEN,Potawatomi: Component 191 does not have any tokens.
MISSING_TOKEN-Potawatomi-76,MISSING_TOKEN,Potawatomi: Component 76 does not have any tokens.
MISSING_TOKEN-Potawatomi-110,MISSING_TOKEN,Potawatomi: Component 110 does not have any tokens.
MISSING_TOKEN-Potawatomi-59,MISSING_TOKEN,Potawatomi: Component 59 does not have any tokens.
MISSING_TOKEN-Potawatomi-115,MISSING_TOKEN,Potawatomi: Component 115 does not have any tokens.
MISSING_TOKEN-Potawatomi-61,MISSING_TOKEN,Potawatomi: Component 61 does not have any tokens.
MISSING_TOKEN-Potawatomi-192,MISSING_TOKEN,Potawatomi: Component 192 does not have any tokens.
MISSING_TOKEN-Potawatomi-62,MISSING_TOKEN,Potawatomi: Component 62 does not have any tokens.
MISSING_TOKEN-Potawatomi-194,MISSING_TOKEN,Potawatomi: Component 194 does not have any tokens.
MISSING_TOKEN-Potawatomi-63,MISSING_TOKEN,Potawatomi: Component 63 does not have any tokens.
MISSING_TOKEN-Potawatomi-196,MISSING_TOKEN,Potawatomi: Component 196 does not have any tokens.
MISSING_TOKEN-Potawatomi-64,MISSING_TOKEN,Potawatomi: Component 64 does not have any tokens.
MISSING_TOKEN-Potawatomi-197,MISSING_TOKEN,Potawatomi: Component 197 does not have any tokens.
MISSING_TOKEN-Potawatomi-314,MISSING_TOKEN,Potawatomi: Component 314 does not have any tokens.
MISSING_TOKEN-Potawatomi-279,MISSING_TOKEN,Potawatomi: Component 279 does not have any tokens.
MISSING_TOKEN-Potawatomi-118,MISSING_TOKEN,Potawatomi: Component 118 does not have any tokens.
MISSING_TOKEN-Potawatomi-188,MISSING_TOKEN,Potawatomi: Component 188 does not have any tokens.
MISSING_TOKEN-Potawatomi-77,MISSING_TOKEN,Potawatomi: Component 77 does not have any tokens.
MISSING_TOKEN-Potawatomi-229,MISSING_TOKEN,Potawatomi: Component 229 does not have any tokens.
MISSING_TOKEN-Potawatomi-58,MISSING_TOKEN,Potawatomi: Component 58 does not have any tokens.
MISSING_TOKEN-Potawatomi-190,MISSING_TOKEN,Potawatomi: Component 190 does not have any tokens.
MISSING_TOKEN-Potawatomi-255,MISSING_TOKEN,Potawatomi: Component 255 does not have any tokens.
MISSING_TOKEN-Potawatomi-78,MISSING_TOKEN,Potawatomi: Component 78 does not have any tokens.
MISSING_TOKEN-Potawatomi-208,MISSING_TOKEN,Potawatomi: Component 208 does not have any tokens.
MISSING_TOKEN-Potawatomi-79,MISSING_TOKEN,Potawatomi: Component 79 does not have any tokens.
MISSING_TOKEN-Potawatomi-209,MISSING_TOKEN,Potawatomi: Component 209 does not have any tokens.
MISSING_TOKEN-Potawatomi-258,MISSING_TOKEN,Potawatomi: Component 258 does not have any tokens.
MISSING_TOKEN-Potawatomi-112,MISSING_TOKEN,Potawatomi: Component 112 does not have any tokens.
MISSING_TOKEN-Potawatomi-315,MISSING_TOKEN,Potawatomi: Component 315 does not have any tokens.
MISSING_TOKEN-Potawatomi-334,MISSING_TOKEN,Potawatomi: Component 334 does not have any tokens.
MISSING_TOKEN-Potawatomi-310,MISSING_TOKEN,Potawatomi: Component 310 does not have any tokens.
MISSING_TOKEN-Potawatomi-333,MISSING_TOKEN,Potawatomi: Component 333 does not have any tokens.
MISSING_TOKEN-Potawatomi-335,MISSING_TOKEN,Potawatomi: Component 335 does not have any tokens.
MISSING_TOKEN-Potawatomi-297,MISSING_TOKEN,Potawatomi: Component 297 does not have any tokens.
MISSING_TOKEN-Potawatomi-299,MISSING_TOKEN,Potawatomi: Component 299 does not have any tokens.
MISSING_TOKEN-Potawatomi-272,MISSING_TOKEN,Potawatomi: Component 272 does not have any tokens.
MISSING_TOKEN-Potawatomi-291,MISSING_TOKEN,Potawatomi: Component 291 does not have any tokens.
MISSING_TOKEN-Potawatomi-293,MISSING_TOKEN,Potawatomi: Component 293 does not have any tokens.
MISSING_TOKEN-Potawatomi-326,MISSING_TOKEN,Potawatomi: Component 326 does not have any tokens.
MISSING_TOKEN-Potawatomi-298,MISSING_TOKEN,Potawatomi: Component 298 does not have any tokens.
MISSING_TOKEN-Potawatomi-332,MISSING_TOKEN,Potawatomi: Component 332 does not have any tokens.
MISSING_TOKEN-Potawatomi-309,MISSING_TOKEN,Potawatomi: Component 309 does not have any tokens.
MISSING_TOKEN-Potawatomi-331,MISSING_TOKEN,Potawatomi: Component 331 does not have any tokens.
MISSING_TOKEN-Potawatomi-325,MISSING_TOKEN,Potawatomi: Component 325 does not have any tokens.
MISSING_TOKEN-Potawatomi-292,MISSING_TOKEN,Potawatomi: Component 292 does not have any tokens.
MISSING_TOKEN-Potawatomi-311,MISSING_TOKEN,Potawatomi: Component 311 does not have any tokens.
MISSING_TOKEN-Potawatomi-322,MISSING_TOKEN,Potawatomi: Component 322 does not have any tokens.
MISSING_TOKEN-Potawatomi-313,MISSING_TOKEN,Potawatomi: Component 313 does not have any tokens.
MISSING_TOKEN-Potawatomi-312,MISSING_TOKEN,Potawatomi: Component 312 does not have any tokens.
MISSING_TOKEN-Potawatomi-328,MISSING_TOKEN,Potawatomi: Component 328 does not have any tokens.
MISSING_TOKEN-Potawatomi-327,MISSING_TOKEN,Potawatomi: Component 327 does not have any tokens.
MISSING_TOKEN-Potawatomi-126,MISSING_TOKEN,Potawatomi: Component 126 does not have any tokens.
MISSING_TOKEN-Potawatomi-249,MISSING_TOKEN,Potawatomi: Component 249 does not have any tokens.
MISSING_TOKEN-Potawatomi-238,MISSING_TOKEN,Potawatomi: Component 238 does not have any tokens.
MISSING_TOKEN-Potawatomi-239,MISSING_TOKEN,Potawatomi: Component 239 does not have any tokens.
MISSING_TOKEN-Potawatomi-300,MISSING_TOKEN,Potawatomi: Component 300 does not have any tokens.
MISSING_TOKEN-Potawatomi-282,MISSING_TOKEN,Potawatomi: Component 282 does not have any tokens.
MISSING_TOKEN-Potawatomi-119,MISSING_TOKEN,Potawatomi: Component 119 does not have any tokens.
MISSING_TOKEN-Potawatomi-65,MISSING_TOKEN,Potawatomi: Component 65 does not have any tokens.
MISSING_TOKEN-Potawatomi-203,MISSING_TOKEN,Potawatomi: Component 203 does not have any tokens.
MISSING_TOKEN-Potawatomi-66,MISSING_TOKEN,Potawatomi: Component 66 does not have any tokens.
MISSING_TOKEN-Potawatomi-204,MISSING_TOKEN,Potawatomi: Component 204 does not have any tokens.
MISSING_TOKEN-Potawatomi-120,MISSING_TOKEN,Potawatomi: Component 120 does not have any tokens.
MISSING_TOKEN-Potawatomi-80,MISSING_TOKEN,Potawatomi: Component 80 does not have any tokens.
MISSING_TOKEN-Potawatomi-232,MISSING_TOKEN,Potawatomi: Component 232 does not have any tokens.
MISSING_TOKEN-Potawatomi-81,MISSING_TOKEN,Potawatomi: Component 81 does not have any tokens.
MISSING_TOKEN-Potawatomi-234,MISSING_TOKEN,Potawatomi: Component 234 does not have any tokens.
MISSING_TOKEN-Potawatomi-82,MISSING_TOKEN,Potawatomi: Component 82 does not have any tokens.
MISSING_TOKEN-Potawatomi-210,MISSING_TOKEN,Potawatomi: Component 210 does not have any tokens.
MISSING_TOKEN-Potawatomi-83,MISSING_TOKEN,Potawatomi: Component 83 does not have any tokens.
MISSING_TOKEN-Potawatomi-211,MISSING_TOKEN,Potawatomi: Component 211 does not have any tokens.
MISSING_TOKEN-Potawatomi-67,MISSING_TOKEN,Potawatomi: Component 67 does not have any tokens.
MISSING_TOKEN-Potawatomi-198,MISSING_TOKEN,Potawatomi: Component 198 does not have any tokens.
MISSING_TOKEN-Potawatomi-187,MISSING_TOKEN,Potawatomi: Component 187 does not have any tokens.
MISSING_TOKEN-Potawatomi-68,MISSING_TOKEN,Potawatomi: Component 68 does not have any tokens.
MISSING_TOKEN-Potawatomi-90,MISSING_TOKEN,Potawatomi: Component 90 does not have any tokens.
MISSING_TOKEN-Potawatomi-214,MISSING_TOKEN,Potawatomi: Component 214 does not have any tokens.
MISSING_TOKEN-Potawatomi-92,MISSING_TOKEN,Potawatomi: Component 92 does not have any tokens.
MISSING_TOKEN-Potawatomi-212,MISSING_TOKEN,Potawatomi: Component 212 does not have any tokens.
MISSING_TOKEN-Potawatomi-93,MISSING_TOKEN,Potawatomi: Component 93 does not have any tokens.
MISSING_TOKEN-Potawatomi-213,MISSING_TOKEN,Potawatomi: Component 213 does not have any tokens.
MISSING_TOKEN-Potawatomi-86,MISSING_TOKEN,Potawatomi: Component 86 does not have any tokens.
MISSING_TOKEN-Potawatomi-224,MISSING_TOKEN,Potawatomi: Component 224 does not have any tokens.
MISSING_TOKEN-Potawatomi-84,MISSING_TOKEN,Potawatomi: Component 84 does not have any tokens.
MISSING_TOKEN-Potawatomi-222,MISSING_TOKEN,Potawatomi: Component 222 does not have any tokens.
MISSING_TOKEN-Potawatomi-87,MISSING_TOKEN,Potawatomi: Component 87 does not have any tokens.
MISSING_TOKEN-Potawatomi-225,MISSING_TOKEN,Potawatomi: Component 225 does not have any tokens.
MISSING_TOKEN-Potawatomi-85,MISSING_TOKEN,Potawatomi: Component 85 does not have any tokens.
MISSING_TOKEN-Potawatomi-223,MISSING_TOKEN,Potawatomi: Component 223 does not have any tokens.
MISSING_TOKEN-Potawatomi-91,MISSING_TOKEN,Potawatomi: Component 91 does not have any tokens.
MISSING_TOKEN-Potawatomi-215,MISSING_TOKEN,Potawatomi: Component 215 does not have any tokens.
MISSING_TOKEN-Potawatomi-88,MISSING_TOKEN,Potawatomi: Component 88 does not have any tokens.
MISSING_TOKEN-Potawatomi-220,MISSING_TOKEN,Potawatomi: Component 220 does not have any tokens.
MISSING_TOKEN-Potawatomi-89,MISSING_TOKEN,Potawatomi: Component 89 does not have any tokens.
MISSING_TOKEN-Potawatomi-221,MISSING_TOKEN,Potawatomi: Component 221 does not have any tokens.
MISSING_TOKEN-Potawatomi-251,MISSING_TOKEN,Potawatomi: Component 251 does not have any tokens.
MISSING_TOKEN-Potawatomi-254,MISSING_TOKEN,Potawatomi: Component 254 does not have any tokens.
MISSING_TOKEN-Potawatomi-69,MISSING_TOKEN,Potawatomi: Component 69 does not have any tokens.
MISSING_TOKEN-Potawatomi-200,MISSING_TOKEN,Potawatomi: Component 200 does not have any tokens.
MISSING_TOKEN-Potawatomi-125,MISSING_TOKEN,Potawatomi: Component 125 does not have any tokens.
MISSING_TOKEN-Potawatomi-113,MISSING_TOKEN,Potawatomi: Component 113 does not have any tokens.
MISSING_TOKEN-Potawatomi-302,MISSING_TOKEN,Potawatomi: Component 302 does not have any tokens.
MISSING_TOKEN-Potawatomi-338,MISSING_TOKEN,Potawatomi: Component 338 does not have any tokens.
MISSING_TOKEN-Potawatomi-294,MISSING_TOKEN,Potawatomi: Component 294 does not have any tokens.
MISSING_TOKEN-Potawatomi-70,MISSING_TOKEN,Potawatomi: Component 70 does not have any tokens.
MISSING_TOKEN-Potawatomi-199,MISSING_TOKEN,Potawatomi: Component 199 does not have any tokens.
MISSING_TOKEN-Potawatomi-71,MISSING_TOKEN,Potawatomi: Component 71 does not have any tokens.
MISSING_TOKEN-Potawatomi-195,MISSING_TOKEN,Potawatomi: Component 195 does not have any tokens.
MISSING_TOKEN-Potawatomi-287,MISSING_TOKEN,Potawatomi: Component 287 does not have any tokens.
MISSING_TOKEN-Potawatomi-263,MISSING_TOKEN,Potawatomi: Component 263 does not have any tokens.
MISSING_TOKEN-Potawatomi-262,MISSING_TOKEN,Potawatomi: Component 262 does not have any tokens.
MISSING_TOKEN-Potawatomi-261,MISSING_TOKEN,Potawatomi: Component 261 does not have any tokens.
MISSING_TOKEN-Potawatomi-274,MISSING_TOKEN,Potawatomi: Component 274 does not have any tokens.
MISSING_TOKEN-Potawatomi-131,MISSING_TOKEN,Potawatomi: Component 131 does not have any tokens.
MISSING_TOKEN-Potawatomi-307,MISSING_TOKEN,Potawatomi: Component 307 does not have any tokens.
MISSING_TOKEN-Potawatomi-321,MISSING_TOKEN,Potawatomi: Component 321 does not have any tokens.
MISSING_TOKEN-Potawatomi-94,MISSING_TOKEN,Potawatomi: Component 94 does not have any tokens.
MISSING_TOKEN-Potawatomi-216,MISSING_TOKEN,Potawatomi: Component 216 does not have any tokens.
MISSING_TOKEN-Potawatomi-95,MISSING_TOKEN,Potawatomi: Component 95 does not have any tokens.
MISSING_TOKEN-Potawatomi-217,MISSING_TOKEN,Potawatomi: Component 217 does not have any tokens.
MISSING_TOKEN-Potawatomi-288,MISSING_TOKEN,Potawatomi: Component 288 does not have any tokens.
MISSING_TOKEN-Potawatomi-268,MISSING_TOKEN,Potawatomi: Component 268 does not have any tokens.
MISSING_TOKEN-Potawatomi-235,MISSING_TOKEN,Potawatomi: Component 235 does not have any tokens.
MISSING_TOKEN-Potawatomi-109,MISSING_TOKEN,Potawatomi: Component 109 does not have any tokens.
MISSING_TOKEN-Potawatomi-96,MISSING_TOKEN,Potawatomi: Component 96 does not have any tokens.
MISSING_TOKEN-Potawatomi-218,MISSING_TOKEN,Potawatomi: Component 218 does not have any tokens.
MISSING_TOKEN-Potawatomi-97,MISSING_TOKEN,Potawatomi: Component 97 does not have any tokens.
MISSING_TOKEN-Potawatomi-219,MISSING_TOKEN,Potawatomi: Component 219 does not have any tokens.
MISSING_TOKEN-Potawatomi-286,MISSING_TOKEN,Potawatomi: Component 286 does not have any tokens.
MISSING_TOKEN-Potawatomi-296,MISSING_TOKEN,Potawatomi: Component 296 does not have any tokens.
MISSING_TOKEN-Potawatomi-318,MISSING_TOKEN,Potawatomi: Component 318 does not have any tokens.
MISSING_TOKEN-Potawatomi-323,MISSING_TOKEN,Potawatomi: Component 323 does not have any tokens.
MISSING_TOKEN-Potawatomi-324,MISSING_TOKEN,Potawatomi: Component 324 does not have any tokens.
MISSING_TOKEN-Potawatomi-72,MISSING_TOKEN,Potawatomi: Component 72 does not have any tokens.
MISSING_TOKEN-Potawatomi-201,MISSING_TOKEN,Potawatomi: Component 201 does not have any tokens.
MISSING_TOKEN-Potawatomi-130,MISSING_TOKEN,Potawatomi: Component 130 does not have any tokens.
MISSING_TOKEN-Potawatomi-236,MISSING_TOKEN,Potawatomi: Component 236 does not have any tokens.
MISSING_TOKEN-Potawatomi-253,MISSING_TOKEN,Potawatomi: Component 253 does not have any tokens.
MISSING_TOKEN-Potawatomi-306,MISSING_TOKEN,Potawatomi: Component 306 does not have any tokens.
MISSING_TOKEN-Potawatomi-308,MISSING_TOKEN,Potawatomi: Component 308 does not have any tokens.
MISSING_TOKEN-Potawatomi-295,MISSING_TOKEN,Potawatomi: Component 295 does not have any tokens.
MISSING_TOKEN-Potawatomi-98,MISSING_TOKEN,Potawatomi: Component 98 does not have any tokens.
MISSING_TOKEN-Potawatomi-206,MISSING_TOKEN,Potawatomi: Component 206 does not have any tokens.
MISSING_TOKEN-Potawatomi-99,MISSING_TOKEN,Potawatomi: Component 99 does not have any tokens.
MISSING_TOKEN-Potawatomi-207,MISSING_TOKEN,Potawatomi: Component 207 does not have any tokens.
MISSING_TOKEN-Potawatomi-100,MISSING_TOKEN,Potawatomi: Component 100 does not have any tokens.
MISSING_TOKEN-Potawatomi-228,MISSING_TOKEN,Potawatomi: Component 228 does not have any tokens.
MISSING_TOKEN-Potawatomi-319,MISSING_TOKEN,Potawatomi: Component 319 does not have any tokens.
MISSING_TOKEN-Potawatomi-330,MISSING_TOKEN,Potawatomi: Component 330 does not have any tokens.
MISSING_TOKEN-Potawatomi-305,MISSING_TOKEN,Potawatomi: Component 305 does not have any tokens.
MISSING_TOKEN-Potawatomi-329,MISSING_TOKEN,Potawatomi: Component 329 does not have any tokens.
MISSING_TOKEN-Potawatomi-266,MISSING_TOKEN,Potawatomi: Component 266 does not have any tokens.
MISSING_TOKEN-Potawatomi-265,MISSING_TOKEN,Potawatomi: Component 265 does not have any tokens.
MISSING_TOKEN-Potawatomi-264,MISSING_TOKEN,Potawatomi: Component 264 does not have any tokens.
MISSING_TOKEN-Potawatomi-317,MISSING_TOKEN,Potawatomi: Component 317 does not have any tokens.
MISSING_TOKEN-Potawatomi-304,MISSING_TOKEN,Potawatomi: Component 304 does not have any tokens.
MISSING_TOKEN-Potawatomi-73,MISSING_TOKEN,Potawatomi: Component 73 does not have any tokens.
MISSING_TOKEN-Potawatomi-205,MISSING_TOKEN,Potawatomi: Component 205 does not have any tokens.
MISSING_TOKEN-Potawatomi-320,MISSING_TOKEN,Potawatomi: Component 320 does not have any tokens.
MISSING_TOKEN-Potawatomi-122,MISSING_TOKEN,Potawatomi: Component 122 does not have any tokens.
MISSING_TOKEN-Potawatomi-301,MISSING_TOKEN,Potawatomi: Component 301 does not have any tokens.
MISSING_TOKEN-Potawatomi-270,MISSING_TOKEN,Potawatomi: Component 270 does not have any tokens.
MISSING_TOKEN-Potawatomi-101,MISSING_TOKEN,Potawatomi: Component 101 does not have any tokens.
MISSING_TOKEN-Potawatomi-231,MISSING_TOKEN,Potawatomi: Component 231 does not have any tokens.
MISSING_TOKEN-Potawatomi-102,MISSING_TOKEN,Potawatomi: Component 102 does not have any tokens.
MISSING_TOKEN-Potawatomi-233,MISSING_TOKEN,Potawatomi: Component 233 does not have any tokens.
MISSING_TOKEN-Potawatomi-104,MISSING_TOKEN,Potawatomi: Component 104 does not have any tokens.
MISSING_TOKEN-Potawatomi-226,MISSING_TOKEN,Potawatomi: Component 226 does not have any tokens.
MISSING_TOKEN-Potawatomi-227,MISSING_TOKEN,Potawatomi: Component 227 does not have any tokens.
MISSING_TOKEN-Potawatomi-103,MISSING_TOKEN,Potawatomi: Component 103 does not have any tokens.
MISSING_TOKEN-Potawatomi-230,MISSING_TOKEN,Potawatomi: Component 230 does not have any tokens.
MISSING_TOKEN-Potawatomi-111,MISSING_TOKEN,Potawatomi: Component 111 does not have any tokens.
MISSING_TOKEN-Potawatomi-123,MISSING_TOKEN,Potawatomi: Component 123 does not have any tokens.
MISSING_TOKEN-Potawatomi-281,MISSING_TOKEN,Potawatomi: Component 281 does not have any tokens.
MISSING_TOKEN-Potawatomi-116,MISSING_TOKEN,Potawatomi: Component 116 does not have any tokens.
MISSING_TOKEN-Potawatomi-75,MISSING_TOKEN,Potawatomi: Component 75 does not have any tokens.
MISSING_TOKEN-Potawatomi-202,MISSING_TOKEN,Potawatomi: Component 202 does not have any tokens.
MISSING_TOKEN-Potawatomi-237,MISSING_TOKEN,Potawatomi: Component 237 does not have any tokens.
MISSING_TOKEN-Potawatomi-316,MISSING_TOKEN,Potawatomi: Component 316 does not have any tokens.
MISSING_TOKEN-Potawatomi-280,MISSING_TOKEN,Potawatomi: Component 280 does not have any tokens.
MISSING_TOKEN-Potawatomi-12,MISSING_TOKEN,Potawatomi: Component 12 does not have any tokens.
MISSING_TOKEN-Potawatomi-170,MISSING_TOKEN,Potawatomi: Component 170 does not have any tokens.
MISSING_TOKEN-Potawatomi-430,MISSING_TOKEN,Potawatomi: Component 430 does not have any tokens.
MISSING_TOKEN-Potawatomi-432,MISSING_TOKEN,Potawatomi: Component 432 does not have any tokens.
MISSING_TOKEN-Potawatomi-361,MISSING_TOKEN,Potawatomi: Component 361 does not have any tokens.
MISSING_TOKEN-Potawatomi-372,MISSING_TOKEN,Potawatomi: Component 372 does not have any tokens.
MISSING_TOKEN-Potawatomi-363,MISSING_TOKEN,Potawatomi: Component 363 does not have any tokens.
MISSING_TOKEN-Potawatomi-362,MISSING_TOKEN,Potawatomi: Component 362 does not have any tokens.
MISSING_TOKEN-Potawatomi-390,MISSING_TOKEN,Potawatomi: Component 390 does not have any tokens.
MISSING_TOKEN-Potawatomi-1,MISSING_TOKEN,Potawatomi: Component 1 does not have any tokens.
MISSING_TOKEN-Potawatomi-151,MISSING_TOKEN,Potawatomi: Component 151 does not have any tokens.
MISSING_TOKEN-Potawatomi-2,MISSING_TOKEN,Potawatomi: Component 2 does not have any tokens.
MISSING_TOKEN-Potawatomi-168,MISSING_TOKEN,Potawatomi: Component 168 does not have any tokens.
MISSING_TOKEN-Potawatomi-349,MISSING_TOKEN,Potawatomi: Component 349 does not have any tokens.
MISSING_TOKEN-Potawatomi-365,MISSING_TOKEN,Potawatomi: Component 365 does not have any tokens.
MISSING_TOKEN-Potawatomi-3,MISSING_TOKEN,Potawatomi: Component 3 does not have any tokens.
MISSING_TOKEN-Potawatomi-152,MISSING_TOKEN,Potawatomi: Component 152 does not have any tokens.
MISSING_TOKEN-Potawatomi-4,MISSING_TOKEN,Potawatomi: Component 4 does not have any tokens.
MISSING_TOKEN-Potawatomi-153,MISSING_TOKEN,Potawatomi: Component 153 does not have any tokens.
MISSING_TOKEN-Potawatomi-5,MISSING_TOKEN,Potawatomi: Component 5 does not have any tokens.
MISSING_TOKEN-Potawatomi-154,MISSING_TOKEN,Potawatomi: Component 154 does not have any tokens.
MISSING_TOKEN-Potawatomi-124,MISSING_TOKEN,Potawatomi: Component 124 does not have any tokens.
MISSING_TOKEN-Potawatomi-271,MISSING_TOKEN,Potawatomi: Component 271 does not have any tokens.
MISSING_TOKEN-Potawatomi-337,MISSING_TOKEN,Potawatomi: Component 337 does not have any tokens.
MISSING_TOKEN-Potawatomi-259,MISSING_TOKEN,Potawatomi: Component 259 does not have any tokens.
MISSING_TOKEN-Potawatomi-6,MISSING_TOKEN,Potawatomi: Component 6 does not have any tokens.
MISSING_TOKEN-Potawatomi-167,MISSING_TOKEN,Potawatomi: Component 167 does not have any tokens.
MISSING_TOKEN-Potawatomi-7,MISSING_TOKEN,Potawatomi: Component 7 does not have any tokens.
MISSING_TOKEN-Potawatomi-169,MISSING_TOKEN,Potawatomi: Component 169 does not have any tokens.
MISSING_TOKEN-Potawatomi-8,MISSING_TOKEN,Potawatomi: Component 8 does not have any tokens.
MISSING_TOKEN-Potawatomi-161,MISSING_TOKEN,Potawatomi: Component 161 does not have any tokens.
MISSING_TOKEN-Potawatomi-9,MISSING_TOKEN,Potawatomi: Component 9 does not have any tokens.
MISSING_TOKEN-Potawatomi-185,MISSING_TOKEN,Potawatomi: Component 185 does not have any tokens.
MISSING_TOKEN-Potawatomi-10,MISSING_TOKEN,Potawatomi: Component 10 does not have any tokens.
MISSING_TOKEN-Potawatomi-144,MISSING_TOKEN,Potawatomi: Component 144 does not have any tokens.
MISSING_TOKEN-Potawatomi-11,MISSING_TOKEN,Potawatomi: Component 11 does not have any tokens.
MISSING_TOKEN-Potawatomi-139,MISSING_TOKEN,Potawatomi: Component 139 does not have any tokens.
MISSING_TOKEN-Potawatomi-13,MISSING_TOKEN,Potawatomi: Component 13 does not have any tokens.
MISSING_TOKEN-Potawatomi-177,MISSING_TOKEN,Potawatomi: Component 177 does not have any tokens.
MISSING_TOKEN-Potawatomi-14,MISSING_TOKEN,Potawatomi: Component 14 does not have any tokens.
MISSING_TOKEN-Potawatomi-141,MISSING_TOKEN,Potawatomi: Component 141 does not have any tokens.
MISSING_TOKEN-Potawatomi-15,MISSING_TOKEN,Potawatomi: Component 15 does not have any tokens.
MISSING_TOKEN-Potawatomi-186,MISSING_TOKEN,Potawatomi: Component 186 does not have any tokens.
MISSING_TOKEN-Potawatomi-16,MISSING_TOKEN,Potawatomi: Component 16 does not have any tokens.
MISSING_TOKEN-Potawatomi-162,MISSING_TOKEN,Potawatomi: Component 162 does not have any tokens.
MISSING_TOKEN-Potawatomi-17,MISSING_TOKEN,Potawatomi: Component 17 does not have any tokens.
MISSING_TOKEN-Potawatomi-140,MISSING_TOKEN,Potawatomi: Component 140 does not have any tokens.
MISSING_TOKEN-Potawatomi-387,MISSING_TOKEN,Potawatomi: Component 387 does not have any tokens.
MISSING_TOKEN-Potawatomi-183,MISSING_TOKEN,Potawatomi: Component 183 does not have any tokens.
MISSING_TOKEN-Potawatomi-22,MISSING_TOKEN,Potawatomi: Component 22 does not have any tokens.
MISSING_TOKEN-Potawatomi-172,MISSING_TOKEN,Potawatomi: Component 172 does not have any tokens.
MISSING_TOKEN-Potawatomi-18,MISSING_TOKEN,Potawatomi: Component 18 does not have any tokens.
MISSING_TOKEN-Potawatomi-145,MISSING_TOKEN,Potawatomi: Component 145 does not have any tokens.
MISSING_TOKEN-Potawatomi-19,MISSING_TOKEN,Potawatomi: Component 19 does not have any tokens.
MISSING_TOKEN-Potawatomi-135,MISSING_TOKEN,Potawatomi: Component 135 does not have any tokens.
MISSING_TOKEN-Potawatomi-247,MISSING_TOKEN,Potawatomi: Component 247 does not have any tokens.
MISSING_TOKEN-Potawatomi-20,MISSING_TOKEN,Potawatomi: Component 20 does not have any tokens.
MISSING_TOKEN-Potawatomi-243,MISSING_TOKEN,Potawatomi: Component 243 does not have any tokens.
MISSING_TOKEN-Potawatomi-244,MISSING_TOKEN,Potawatomi: Component 244 does not have any tokens.
MISSING_TOKEN-Potawatomi-248,MISSING_TOKEN,Potawatomi: Component 248 does not have any tokens.
MISSING_TOKEN-Potawatomi-24,MISSING_TOKEN,Potawatomi: Component 24 does not have any tokens.
MISSING_TOKEN-Potawatomi-133,MISSING_TOKEN,Potawatomi: Component 133 does not have any tokens.
MISSING_TOKEN-Potawatomi-23,MISSING_TOKEN,Potawatomi: Component 23 does not have any tokens.
MISSING_TOKEN-Potawatomi-132,MISSING_TOKEN,Potawatomi: Component 132 does not have any tokens.
MISSING_TOKEN-Potawatomi-246,MISSING_TOKEN,Potawatomi: Component 246 does not have any tokens.
MISSING_TOKEN-Potawatomi-25,MISSING_TOKEN,Potawatomi: Component 25 does not have any tokens.
MISSING_TOKEN-Potawatomi-108,MISSING_TOKEN,Potawatomi: Component 108 does not have any tokens.
MISSING_TOKEN-Potawatomi-241,MISSING_TOKEN,Potawatomi: Component 241 does not have any tokens.
MISSING_TOKEN-Potawatomi-26,MISSING_TOKEN,Potawatomi: Component 26 does not have any tokens.
MISSING_TOKEN-Potawatomi-143,MISSING_TOKEN,Potawatomi: Component 143 does not have any tokens.
MISSING_TOKEN-Potawatomi-245,MISSING_TOKEN,Potawatomi: Component 245 does not have any tokens.
MISSING_TOKEN-Potawatomi-27,MISSING_TOKEN,Potawatomi: Component 27 does not have any tokens.
MISSING_TOKEN-Potawatomi-134,MISSING_TOKEN,Potawatomi: Component 134 does not have any tokens.
MISSING_TOKEN-Potawatomi-240,MISSING_TOKEN,Potawatomi: Component 240 does not have any tokens.
MISSING_TOKEN-Potawatomi-28,MISSING_TOKEN,Potawatomi: Component 28 does not have any tokens.
MISSING_TOKEN-Potawatomi-166,MISSING_TOKEN,Potawatomi: Component 166 does not have any tokens.
MISSING_TOKEN-Potawatomi-29,MISSING_TOKEN,Potawatomi: Component 29 does not have any tokens.
MISSING_TOKEN-Potawatomi-30,MISSING_TOKEN,Potawatomi: Component 30 does not have any tokens.
MISSING_TOKEN-Potawatomi-155,MISSING_TOKEN,Potawatomi: Component 155 does not have any tokens.
MISSING_TOKEN-Potawatomi-156,MISSING_TOKEN,Potawatomi: Component 156 does not have any tokens.
MISSING_TOKEN-Potawatomi-31,MISSING_TOKEN,Potawatomi: Component 31 does not have any tokens.
MISSING_TOKEN-Potawatomi-159,MISSING_TOKEN,Potawatomi: Component 159 does not have any tokens.
MISSING_TOKEN-Potawatomi-114,MISSING_TOKEN,Potawatomi: Component 114 does not have any tokens.
MISSING_TOKEN-Potawatomi-32,MISSING_TOKEN,Potawatomi: Component 32 does not have any tokens.
MISSING_TOKEN-Potawatomi-174,MISSING_TOKEN,Potawatomi: Component 174 does not have any tokens.
MISSING_TOKEN-Potawatomi-33,MISSING_TOKEN,Potawatomi: Component 33 does not have any tokens.
MISSING_TOKEN-Potawatomi-180,MISSING_TOKEN,Potawatomi: Component 180 does not have any tokens.
MISSING_TOKEN-Potawatomi-34,MISSING_TOKEN,Potawatomi: Component 34 does not have any tokens.
MISSING_TOKEN-Potawatomi-181,MISSING_TOKEN,Potawatomi: Component 181 does not have any tokens.
MISSING_TOKEN-Potawatomi-250,MISSING_TOKEN,Potawatomi: Component 250 does not have any tokens.
MISSING_TOKEN-Potawatomi-35,MISSING_TOKEN,Potawatomi: Component 35 does not have any tokens.
MISSING_TOKEN-Potawatomi-138,MISSING_TOKEN,Potawatomi: Component 138 does not have any tokens.
MISSING_TOKEN-Potawatomi-438,MISSING_TOKEN,Potawatomi: Component 438 does not have any tokens.
MISSING_TOKEN-Potawatomi-273,MISSING_TOKEN,Potawatomi: Component 273 does not have any tokens.
MISSING_TOKEN-Potawatomi-276,MISSING_TOKEN,Potawatomi: Component 276 does not have any tokens.
MISSING_TOKEN-Potawatomi-277,MISSING_TOKEN,Potawatomi: Component 277 does not have any tokens.
MISSING_TOKEN-Potawatomi-278,MISSING_TOKEN,Potawatomi: Component 278 does not have any tokens.
MISSING_TOKEN-Potawatomi-275,MISSING_TOKEN,Potawatomi: Component 275 does not have any tokens.
MISSING_TOKEN-Potawatomi-339,MISSING_TOKEN,Potawatomi: Component 339 does not have any tokens.
MISSING_TOKEN-Potawatomi-352,MISSING_TOKEN,Potawatomi: Component 352 does not have any tokens.
MISSING_TOKEN-Potawatomi-353,MISSING_TOKEN,Potawatomi: Component 353 does not have any tokens.
MISSING_TOKEN-Potawatomi-437,MISSING_TOKEN,Potawatomi: Component 437 does not have any tokens.
MISSING_TOKEN-Potawatomi-350,MISSING_TOKEN,Potawatomi: Component 350 does not have any tokens.
MISSING_TOKEN-Potawatomi-36,MISSING_TOKEN,Potawatomi: Component 36 does not have any tokens.
MISSING_TOKEN-Potawatomi-157,MISSING_TOKEN,Potawatomi: Component 157 does not have any tokens.
MISSING_TOKEN-Potawatomi-121,MISSING_TOKEN,Potawatomi: Component 121 does not have any tokens.
MISSING_TOKEN-Potawatomi-117,MISSING_TOKEN,Potawatomi: Component 117 does not have any tokens.
MISSING_TOKEN-Potawatomi-128,MISSING_TOKEN,Potawatomi: Component 128 does not have any tokens.
MISSING_TOKEN-Potawatomi-127,MISSING_TOKEN,Potawatomi: Component 127 does not have any tokens.
MISSING_TOKEN-Potawatomi-267,MISSING_TOKEN,Potawatomi: Component 267 does not have any tokens.
MISSING_TOKEN-Potawatomi-37,MISSING_TOKEN,Potawatomi: Component 37 does not have any tokens.
MISSING_TOKEN-Potawatomi-164,MISSING_TOKEN,Potawatomi: Component 164 does not have any tokens.
MISSING_TOKEN-Potawatomi-38,MISSING_TOKEN,Potawatomi: Component 38 does not have any tokens.
MISSING_TOKEN-Potawatomi-182,MISSING_TOKEN,Potawatomi: Component 182 does not have any tokens.
MISSING_TOKEN-Potawatomi-129,MISSING_TOKEN,Potawatomi: Component 129 does not have any tokens.
MISSING_TOKEN-Potawatomi-371,MISSING_TOKEN,Potawatomi: Component 371 does not have any tokens.
MISSING_TOKEN-Potawatomi-368,MISSING_TOKEN,Potawatomi: Component 368 does not have any tokens.
MISSING_TOKEN-Potawatomi-413,MISSING_TOKEN,Potawatomi: Component 413 does not have any tokens.
MISSING_TOKEN-Potawatomi-256,MISSING_TOKEN,Potawatomi: Component 256 does not have any tokens.
MISSING_TOKEN-Potawatomi-39,MISSING_TOKEN,Potawatomi: Component 39 does not have any tokens.
MISSING_TOKEN-Potawatomi-160,MISSING_TOKEN,Potawatomi: Component 160 does not have any tokens.
MISSING_TOKEN-Potawatomi-40,MISSING_TOKEN,Potawatomi: Component 40 does not have any tokens.
MISSING_TOKEN-Potawatomi-142,MISSING_TOKEN,Potawatomi: Component 142 does not have any tokens.
MISSING_TOKEN-Potawatomi-42,MISSING_TOKEN,Potawatomi: Component 42 does not have any tokens.
MISSING_TOKEN-Potawatomi-179,MISSING_TOKEN,Potawatomi: Component 179 does not have any tokens.
MISSING_TOKEN-Potawatomi-41,MISSING_TOKEN,Potawatomi: Component 41 does not have any tokens.
MISSING_TOKEN-Potawatomi-178,MISSING_TOKEN,Potawatomi: Component 178 does not have any tokens.
MISSING_TOKEN-Potawatomi-43,MISSING_TOKEN,Potawatomi: Component 43 does not have any tokens.
MISSING_TOKEN-Potawatomi-158,MISSING_TOKEN,Potawatomi: Component 158 does not have any tokens.
MISSING_TOKEN-Potawatomi-44,MISSING_TOKEN,Potawatomi: Component 44 does not have any tokens.
MISSING_TOKEN-Potawatomi-163,MISSING_TOKEN,Potawatomi: Component 163 does not have any tokens.
MISSING_TOKEN-Potawatomi-45,MISSING_TOKEN,Potawatomi: Component 45 does not have any tokens.
MISSING_TOKEN-Potawatomi-146,MISSING_TOKEN,Potawatomi: Component 146 does not have any tokens.
MISSING_TOKEN-Potawatomi-46,MISSING_TOKEN,Potawatomi: Component 46 does not have any tokens.
MISSING_TOKEN-Potawatomi-175,MISSING_TOKEN,Potawatomi: Component 175 does not have any tokens.
MISSING_TOKEN-Potawatomi-242,MISSING_TOKEN,Potawatomi: Component 242 does not have any tokens.
MISSING_TOKEN-Potawatomi-393,MISSING_TOKEN,Potawatomi: Component 393 does not have any tokens.
MISSING_TOKEN-Potawatomi-260,MISSING_TOKEN,Potawatomi: Component 260 does not have any tokens.
MISSING_TOKEN-Potawatomi-257,MISSING_TOKEN,Potawatomi: Component 257 does not have any tokens.
MISSING_TOKEN-Potawatomi-343,MISSING_TOKEN,Potawatomi: Component 343 does not have any tokens.
MISSING_TOKEN-Potawatomi-351,MISSING_TOKEN,Potawatomi: Component 351 does not have any tokens.
MISSING_TOKEN-Potawatomi-395,MISSING_TOKEN,Potawatomi: Component 395 does not have any tokens.
MISSING_TOKEN-Potawatomi-354,MISSING_TOKEN,Potawatomi: Component 354 does not have any tokens.
MISSING_TOKEN-Potawatomi-409,MISSING_TOKEN,Potawatomi: Component 409 does not have any tokens.
MISSING_TOKEN-Potawatomi-431,MISSING_TOKEN,Potawatomi: Component 431 does not have any tokens.
MISSING_TOKEN-Potawatomi-392,MISSING_TOKEN,Potawatomi: Component 392 does not have any tokens.
MISSING_TOKEN-Potawatomi-422,MISSING_TOKEN,Potawatomi: Component 422 does not have any tokens.
MISSING_TOKEN-Potawatomi-21,MISSING_TOKEN,Potawatomi: Component 21 does not have any tokens.
MISSING_TOKEN-Potawatomi-184,MISSING_TOKEN,Potawatomi: Component 184 does not have any tokens.
MISSING_TOKEN-Potawatomi-391,MISSING_TOKEN,Potawatomi: Component 391 does not have any tokens.
MISSING_TOKEN-Potawatomi-410,MISSING_TOKEN,Potawatomi: Component 410 does not have any tokens.
MISSING_TOKEN-Potawatomi-427,MISSING_TOKEN,Potawatomi: Component 427 does not have any tokens.
MISSING_TOKEN-Potawatomi-397,MISSING_TOKEN,Potawatomi: Component 397 does not have any tokens.
MISSING_TOKEN-Potawatomi-435,MISSING_TOKEN,Potawatomi: Component 435 does not have any tokens.
MISSING_TOKEN-Potawatomi-426,MISSING_TOKEN,Potawatomi: Component 426 does not have any tokens.
MISSING_TOKEN-Potawatomi-402,MISSING_TOKEN,Potawatomi: Component 402 does not have any tokens.
MISSING_TOKEN-Potawatomi-429,MISSING_TOKEN,Potawatomi: Component 429 does not have any tokens.
MISSING_TOKEN-Potawatomi-384,MISSING_TOKEN,Potawatomi: Component 384 does not have any tokens.
MISSING_TOKEN-Potawatomi-386,MISSING_TOKEN,Potawatomi: Component 386 does not have any tokens.
MISSING_TOKEN-Potawatomi-345,MISSING_TOKEN,Potawatomi: Component 345 does not have any tokens.
MISSING_TOKEN-Potawatomi-379,MISSING_TOKEN,Potawatomi: Component 379 does not have any tokens.
MISSING_TOKEN-Potawatomi-381,MISSING_TOKEN,Potawatomi: Component 381 does not have any tokens.
MISSING_TOKEN-Potawatomi-385,MISSING_TOKEN,Potawatomi: Component 385 does not have any tokens.
MISSING_TOKEN-Potawatomi-421,MISSING_TOKEN,Potawatomi: Component 421 does not have any tokens.
MISSING_TOKEN-Potawatomi-425,MISSING_TOKEN,Potawatomi: Component 425 does not have any tokens.
MISSING_TOKEN-Potawatomi-396,MISSING_TOKEN,Potawatomi: Component 396 does not have any tokens.
MISSING_TOKEN-Potawatomi-424,MISSING_TOKEN,Potawatomi: Component 424 does not have any tokens.
MISSING_TOKEN-Potawatomi-420,MISSING_TOKEN,Potawatomi: Component 420 does not have any tokens.
MISSING_TOKEN-Potawatomi-380,MISSING_TOKEN,Potawatomi: Component 380 does not have any tokens.
MISSING_TOKEN-Potawatomi-398,MISSING_TOKEN,Potawatomi: Component 398 does not have any tokens.
MISSING_TOKEN-Potawatomi-403,MISSING_TOKEN,Potawatomi: Component 403 does not have any tokens.
MISSING_TOKEN-Potawatomi-399,MISSING_TOKEN,Potawatomi: Component 399 does not have any tokens.
MISSING_TOKEN-Potawatomi-407,MISSING_TOKEN,Potawatomi: Component 407 does not have any tokens.
MISSING_TOKEN-Potawatomi-404,MISSING_TOKEN,Potawatomi: Component 404 does not have any tokens.
MISSING_TOKEN-Potawatomi-419,MISSING_TOKEN,Potawatomi: Component 419 does not have any tokens.
MISSING_TOKEN-Potawatomi-418,MISSING_TOKEN,Potawatomi: Component 418 does not have any tokens.
MISSING_TOKEN-Potawatomi-47,MISSING_TOKEN,Potawatomi: Component 47 does not have any tokens.
MISSING_TOKEN-Potawatomi-173,MISSING_TOKEN,Potawatomi: Component 173 does not have any tokens.
MISSING_TOKEN-Potawatomi-336,MISSING_TOKEN,Potawatomi: Component 336 does not have any tokens.
MISSING_TOKEN-Potawatomi-48,MISSING_TOKEN,Potawatomi: Component 48 does not have any tokens.
MISSING_TOKEN-Potawatomi-149,MISSING_TOKEN,Potawatomi: Component 149 does not have any tokens.
MISSING_TOKEN-Potawatomi-52,MISSING_TOKEN,Potawatomi: Component 52 does not have any tokens.
MISSING_TOKEN-Potawatomi-165,MISSING_TOKEN,Potawatomi: Component 165 does not have any tokens.
MISSING_TOKEN-Potawatomi-50,MISSING_TOKEN,Potawatomi: Component 50 does not have any tokens.
MISSING_TOKEN-Potawatomi-136,MISSING_TOKEN,Potawatomi: Component 136 does not have any tokens.
MISSING_TOKEN-Potawatomi-51,MISSING_TOKEN,Potawatomi: Component 51 does not have any tokens.
MISSING_TOKEN-Potawatomi-137,MISSING_TOKEN,Potawatomi: Component 137 does not have any tokens.
MISSING_TOKEN-Potawatomi-269,MISSING_TOKEN,Potawatomi: Component 269 does not have any tokens.
MISSING_TOKEN-Potawatomi-49,MISSING_TOKEN,Potawatomi: Component 49 does not have any tokens.
MISSING_TOKEN-Potawatomi-150,MISSING_TOKEN,Potawatomi: Component 150 does not have any tokens.
MISSING_TOKEN-Potawatomi-366,MISSING_TOKEN,Potawatomi: Component 366 does not have any tokens.
MISSING_TOKEN-Potawatomi-53,MISSING_TOKEN,Potawatomi: Component 53 does not have any tokens.
MISSING_TOKEN-Potawatomi-176,MISSING_TOKEN,Potawatomi: Component 176 does not have any tokens.
MISSING_TOKEN-Potawatomi-54,MISSING_TOKEN,Potawatomi: Component 54 does not have any tokens.
MISSING_TOKEN-Potawatomi-147,MISSING_TOKEN,Potawatomi: Component 147 does not have any tokens.
MISSING_TOKEN-Potawatomi-290,MISSING_TOKEN,Potawatomi: Component 290 does not have any tokens.
MISSING_TOKEN-Potawatomi-373,MISSING_TOKEN,Potawatomi: Component 373 does not have any tokens.
MISSING_TOKEN-Potawatomi-55,MISSING_TOKEN,Potawatomi: Component 55 does not have any tokens.
MISSING_TOKEN-Potawatomi-148,MISSING_TOKEN,Potawatomi: Component 148 does not have any tokens.
MISSING_TOKEN-Potawatomi-56,MISSING_TOKEN,Potawatomi: Component 56 does not have any tokens.
MISSING_TOKEN-Potawatomi-171,MISSING_TOKEN,Potawatomi: Component 171 does not have any tokens.
MISSING_TOKEN-Potawatomi-105,MISSING_TOKEN,Potawatomi: Component 105 does not have any tokens.
MISSING_TOKEN-Potawatomi-106,MISSING_TOKEN,Potawatomi: Component 106 does not have any tokens.
MISSING_TOKEN-Potawatomi-107,MISSING_TOKEN,Potawatomi: Component 107 does not have any tokens.
MISSING_TOKEN-Potawatomi-340,MISSING_TOKEN,Potawatomi: Component 340 does not have any tokens.
MISSING_TOKEN-Potawatomi-341,MISSING_TOKEN,Potawatomi: Component 341 does not have any tokens.
MISSING_TOKEN-Potawatomi-342,MISSING_TOKEN,Potawatomi: Component 342 does not have any tokens.
MISSING_TOKEN-Potawatomi-344,MISSING_TOKEN,Potawatomi: Component 344 does not have any tokens.
MISSING_TOKEN-Potawatomi-346,MISSING_TOKEN,Potawatomi: Component 346 does not have any tokens.
MISSING_TOKEN-Potawatomi-347,MISSING_TOKEN,Potawatomi: Component 347 does not have any tokens.
MISSING_TOKEN-Potawatomi-348,MISSING_TOKEN,Potawatomi: Component 348 does not have any tokens.
MISSING_TOKEN-Potawatomi-355,MISSING_TOKEN,Potawatomi: Component 355 does not have any tokens.
MISSING_TOKEN-Potawatomi-356,MISSING_TOKEN,Potawatomi: Component 356 does not have any tokens.
MISSING_TOKEN-Potawatomi-357,MISSING_TOKEN,Potawatomi: Component 357 does not have any tokens.
MISSING_TOKEN-Potawatomi-358,MISSING_TOKEN,Potawatomi: Component 358 does not have any tokens.
MISSING_TOKEN-Potawatomi-359,MISSING_TOKEN,Potawatomi: Component 359 does not have any tokens.
MISSING_TOKEN-Potawatomi-360,MISSING_TOKEN,Potawatomi: Component 360 does not have any tokens.
MISSING_TOKEN-Potawatomi-364,MISSING_TOKEN,Potawatomi: Component 364 does not have any tokens.
MISSING_TOKEN-Potawatomi-367,MISSING_TOKEN,Potawatomi: Component 367 does not have any tokens.
MISSING_TOKEN-Potawatomi-369,MISSING_TOKEN,Potawatomi: Component 369 does not have any tokens.
MISSING_TOKEN-Potawatomi-370,MISSING_TOKEN,Potawatomi: Component 370 does not have any tokens.
MISSING_TOKEN-Potawatomi-374,MISSING_TOKEN,Potawatomi: Component 374 does not have any tokens.
MISSING_TOKEN-Potawatomi-375,MISSING_TOKEN,Potawatomi: Component 375 does not have any tokens.
MISSING_TOKEN-Potawatomi-376,MISSING_TOKEN,Potawatomi: Component 376 does not have any tokens.
MISSING_TOKEN-Potawatomi-377,MISSING_TOKEN,Potawatomi: Component 377 does not have any tokens.
MISSING_TOKEN-Potawatomi-378,MISSING_TOKEN,Potawatomi: Component 378 does not have any tokens.
MISSING_TOKEN-Potawatomi-382,MISSING_TOKEN,Potawatomi: Component 382 does not have any tokens.
MISSING_TOKEN-Potawatomi-383,MISSING_TOKEN,Potawatomi: Component 383 does not have any tokens.
MISSING_TOKEN-Potawatomi-388,MISSING_TOKEN,Potawatomi: Component 388 does not have any tokens.
MISSING_TOKEN-Potawatomi-389,MISSING_TOKEN,Potawatomi: Component 389 does not have any tokens.
MISSING_TOKEN-Potawatomi-394,MISSING_TOKEN,Potawatomi: Component 394 does not have any tokens.
MISSING_TOKEN-Potawatomi-400,MISSING_TOKEN,Potawatomi: Component 400 does not have any tokens.
MISSING_TOKEN-Potawatomi-401,MISSING_TOKEN,Potawatomi: Component 401 does not have any tokens.
MISSING_TOKEN-Potawatomi-405,MISSING_TOKEN,Potawatomi: Component 405 does not have any tokens.
MISSING_TOKEN-Potawatomi-406,MISSING_TOKEN,Potawatomi: Component 406 does not have any tokens.
MISSING_TOKEN-Potawatomi-408,MISSING_TOKEN,Potawatomi: Component 408 does not have any tokens.
MISSING_TOKEN-Potawatomi-411,MISSING_TOKEN,Potawatomi: Component 411 does not have any tokens.
MISSING_TOKEN-Potawatomi-412,MISSING_TOKEN,Potawatomi: Component 412 does not have any tokens.
MISSING_TOKEN-Potawatomi-414,MISSING_TOKEN,Potawatomi: Component 414 does not have any tokens.
MISSING_TOKEN-Potawatomi-415,MISSING_TOKEN,Potawatomi: Component 415 does not have any tokens.
MISSING_TOKEN-Potawatomi-416,MISSING_TOKEN,Potawatomi: Component 416 does not have any tokens.
MISSING_TOKEN-Potawatomi-417,MISSING_TOKEN,Potawatomi: Component 417 does not have any tokens.
MISSING_TOKEN-Potawatomi-423,MISSING_TOKEN,Potawatomi: Component 423 does not have any tokens.
MISSING_TOKEN-Potawatomi-428,MISSING_TOKEN,Potawatomi: Component 428 does not have any tokens.
MISSING_TOKEN-Potawatomi-433,MISSING_TOKEN,Potawatomi: Component 433 does not have any tokens.
MISSING_TOKEN-Potawatomi-434,MISSING_TOKEN,Potawatomi: Component 434 does not have any tokens.
MISSING_TOKEN-Potawatomi-436,MISSING_TOKEN,Potawatomi: Component 436 does not have any tokens.
MISSING_TOKEN-Potawatomi-439,MISSING_TOKEN,Potawatomi: Component 439 does not have any tokens.
UNMATCHED_COMPONENT-Proto_Algonquian-,UNMATCHED_COMPONENT,Proto_Algonquian: The component ID for token undefined does not exist.
MISSING_TOKEN-Proto_Algonquian-271,MISSING_TOKEN,Proto_Algonquian: Component 271 does not have any tokens.
MISSING_TOKEN-Proto_Algonquian-273,MISSING_TOKEN,Proto_Algonquian: Component 273 does not have any tokens.
MISSING_TOKEN-Proto_Algonquian-328,MISSING_TOKEN,Proto_Algonquian: Component 328 does not have any tokens.
MISSING_TOKEN-Proto_Algonquian-329,MISSING_TOKEN,Proto_Algonquian: Component 329 does not have any tokens.
MISSING_TOKEN-Proto_Algonquian-441,MISSING_TOKEN,Proto_Algonquian: Component 441 does not have any tokens.
MISSING_TOKEN-Proto_Algonquian-442,MISSING_TOKEN,Proto_Algonquian: Component 442 does not have any tokens.
MISSING_TOKEN-Proto_Algonquian-446,MISSING_TOKEN,Proto_Algonquian: Component 446 does not have any tokens.
MISSING_TOKEN-Proto_Algonquian-453,MISSING_TOKEN,Proto_Algonquian: Component 453 does not have any tokens.
MISSING_TOKEN-Proto_Algonquian-456,MISSING_TOKEN,Proto_Algonquian: Component 456 does not have any tokens.
MISSING_TOKEN-Proto_Algonquian-463,MISSING_TOKEN,Proto_Algonquian: Component 463 does not have any tokens.
MISSING_TOKEN-Proto_Algonquian-466,MISSING_TOKEN,Proto_Algonquian: Component 466 does not have any tokens.
MISSING_TOKEN-Proto_Algonquian-560,MISSING_TOKEN,Proto_Algonquian: Component 560 does not have any tokens.
MISSING_TOKEN-Proto_Algonquian-562,MISSING_TOKEN,Proto_Algonquian: Component 562 does not have any tokens.
MISSING_TOKEN-Proto_Algonquian-569,MISSING_TOKEN,Proto_Algonquian: Component 569 does not have any tokens.
MISSING_TOKEN-Proto_Algonquian-880,MISSING_TOKEN,Proto_Algonquian: Component 880 does not have any tokens.
MISSING_TOKEN-Proto_Algonquian-881,MISSING_TOKEN,Proto_Algonquian: Component 881 does not have any tokens.
MISSING_TOKEN-Proto_Algonquian-912,MISSING_TOKEN,Proto_Algonquian: Component 912 does not have any tokens.
MISSING_TOKEN-Proto_Algonquian-914,MISSING_TOKEN,Proto_Algonquian: Component 914 does not have any tokens.
MISSING_TOKEN-Proto_Algonquian-983,MISSING_TOKEN,Proto_Algonquian: Component 983 does not have any tokens.
MISSING_TOKEN-Proto_Algonquian-984,MISSING_TOKEN,Proto_Algonquian: Component 984 does not have any tokens.
MISSING_TOKEN-Proto_Algonquian-1005,MISSING_TOKEN,Proto_Algonquian: Component 1005 does not have any tokens.
MISSING_TOKEN-Proto_Algonquian-1006,MISSING_TOKEN,Proto_Algonquian: Component 1006 does not have any tokens.
MISSING_TOKEN-Proto_Algonquian-1015,MISSING_TOKEN,Proto_Algonquian: Component 1015 does not have any tokens.
MISSING_TOKEN-Proto_Algonquian-1043,MISSING_TOKEN,Proto_Algonquian: Component 1043 does not have any tokens.
MISSING_TOKEN-Proto_Algonquian-1044,MISSING_TOKEN,Proto_Algonquian: Component 1044 does not have any tokens.
MISSING_TOKEN-Proto_Algonquian-1045,MISSING_TOKEN,Proto_Algonquian: Component 1045 does not have any tokens.
MISSING_TOKEN-Proto_Algonquian-1046,MISSING_TOKEN,Proto_Algonquian: Component 1046 does not have any tokens.
MISSING_TOKEN-Proto_Algonquian-1047,MISSING_TOKEN,Proto_Algonquian: Component 1047 does not have any tokens.
MISSING_TOKEN-Proto_Algonquian-1124,MISSING_TOKEN,Proto_Algonquian: Component 1124 does not have any tokens.
MISSING_TOKEN-Proto_Algonquian-1125,MISSING_TOKEN,Proto_Algonquian: Component 1125 does not have any tokens.
MISSING_TOKEN-Proto_Algonquian-1126,MISSING_TOKEN,Proto_Algonquian: Component 1126 does not have any tokens.
MISSING_TOKEN-Proto_Algonquian-1127,MISSING_TOKEN,Proto_Algonquian: Component 1127 does not have any tokens.
MISSING_TOKEN-Proto_Algonquian-1128,MISSING_TOKEN,Proto_Algonquian: Component 1128 does not have any tokens.
MISSING_TOKEN-Proto_Algonquian-1129,MISSING_TOKEN,Proto_Algonquian: Component 1129 does not have any tokens.
MISSING_TOKEN-Proto_Algonquian-1130,MISSING_TOKEN,Proto_Algonquian: Component 1130 does not have any tokens.
MISSING_TOKEN-Proto_Algonquian-1131,MISSING_TOKEN,Proto_Algonquian: Component 1131 does not have any tokens.
MISSING_TOKEN-Proto_Algonquian-1169,MISSING_TOKEN,Proto_Algonquian: Component 1169 does not have any tokens.
MISSING_TOKEN-Proto_Algonquian-1170,MISSING_TOKEN,Proto_Algonquian: Component 1170 does not have any tokens.
MISSING_TOKEN-Proto_Algonquian-1171,MISSING_TOKEN,Proto_Algonquian: Component 1171 does not have any tokens.
MISSING_TOKEN-Proto_Algonquian-1271,MISSING_TOKEN,Proto_Algonquian: Component 1271 does not have any tokens.
MISSING_TOKEN-Proto_Algonquian-1272,MISSING_TOKEN,Proto_Algonquian: Component 1272 does not have any tokens.
MISSING_TOKEN-Proto_Algonquian-1319,MISSING_TOKEN,Proto_Algonquian: Component 1319 does not have any tokens.
MISSING_TOKEN-Proto_Algonquian-1320,MISSING_TOKEN,Proto_Algonquian: Component 1320 does not have any tokens.
MISSING_TOKEN-Proto_Algonquian-1321,MISSING_TOKEN,Proto_Algonquian: Component 1321 does not have any tokens.
MISSING_TOKEN-Proto_Algonquian-1357,MISSING_TOKEN,Proto_Algonquian: Component 1357 does not have any tokens.
MISSING_TOKEN-Proto_Algonquian-1358,MISSING_TOKEN,Proto_Algonquian: Component 1358 does not have any tokens.
MISSING_TOKEN-Proto_Algonquian-1730,MISSING_TOKEN,Proto_Algonquian: Component 1730 does not have any tokens.
MISSING_TOKEN-Proto_Algonquian-1731,MISSING_TOKEN,Proto_Algonquian: Component 1731 does not have any tokens.
MISSING_TOKEN-Proto_Algonquian-1944,MISSING_TOKEN,Proto_Algonquian: Component 1944 does not have any tokens.
UNMATCHED_COMPONENT-Cree_Atikamekw-281,UNMATCHED_COMPONENT,Cree_Atikamekw: The component ID for token undefined does not exist.
UNMATCHED_COMPONENT-Cree_Atikamekw-585,UNMATCHED_COMPONENT,Cree_Atikamekw: The component ID for token undefined does not exist.
UNMATCHED_COMPONENT-Cree_Atikamekw-,UNMATCHED_COMPONENT,Cree_Atikamekw: The component ID for token undefined does not exist.
