Cree_Plains,C-P:3,‑(a)si,‑(a)si
Cree_Plains,C-P:3,‑(am)aw,‑(am)aw
Cree_Plains,C-P:3,‑(amo)win,‑(amo)win
Cree_Plains,C-P:1,‑(i)ht‑,‑(i)ht‑
Cree_Plains,C-P:1,‑(i)ht‑,‑(i)ht‑
Cree_Plains,C-P:1,‑(i)ht‑,‑(i)ht‑
Cree_Plains,C-P:1,‑(i)kan,‑(i)kan
Cree_Plains,C-P:1,‑(i)kan,‑(i)kan
Cree_Plains,C-P:1,‑(i)kâso‑,‑(i)kaaso‑
Cree_Plains,C-P:1,‑(i)kâtê‑,‑(i)kaatee‑
Cree_Plains,C-P:1,‑(i)kê‑,‑(i)kee‑
Cree_Plains,C-P:1,‑(i)si‑,‑(i)si‑
Cree_Plains,C-P:1,‑(i)sk‑,‑(i)sk‑
Cree_Plains,C-P:1,‑(i)skaw‑,‑(i)skaw‑
Cree_Plains,C-P:1,‑(i)st‑,‑(i)st‑
Cree_Plains,C-P:1,‑(i)st‑,‑(i)st‑
Cree_Plains,C-P:1,‑(i)staw‑,‑(i)staw‑
Cree_Plains,C-P:1,‑(i)tik,‑(i)tik
Cree_Plains,C-P:1,‑(t)aw,‑(t)aw
Cree_Plains,C-P:3,‑(w)an,‑(w)an
Cree_Plains,C-P:3,‑[i]stikwān‑,‑[i]stikwaan‑
Cree_Plains,C-P:1,‑â‑,‑aa‑
Cree_Plains,C-P:1,‑â‑,‑aa‑
Cree_Plains,C-P:1,‑â‑,‑aa‑
Cree_Plains,C-P:1,‑â‑,‑aa‑
Cree_Plains,C-P:2,‑ā‑,‑aa‑
Cree_Plains,C-P:3,‑ā‑,‑aa‑
Cree_Plains,C-P:2,‑ā‑,‑aa‑
Cree_Plains,C-P:2,‑ā‑,‑aa‑
Cree_Plains,C-P:2,‑ā‑,‑aa‑
Cree_Plains,C-P:2,‑ā‑,‑aa‑
Cree_Plains,C-P:2,‑ā‑,‑aa‑
Cree_Plains,C-P:2,‑ā‑,‑aa‑
Cree_Plains,C-P:3,‑ā‑,‑aa‑
Cree_Plains,C-P:4,‑a·,‑aa
Cree_Plains,C-P:5,‑a·kim‑,‑aakim‑
Cree_Plains,C-P:4,‑a·pe·k‑,‑aapeek‑
Cree_Plains,C-P:1,‑āc‑,‑āč‑
Cree_Plains,C-P:2,‑āc‑,‑aač‑
Cree_Plains,C-P:2,‑āc‑,‑aač‑
Cree_Plains,C-P:2,‑acaskw‑,‑ačaskw‑
Cree_Plains,C-P:2,‑acay‑,‑ačay‑
Cree_Plains,C-P:2,‑ācimo‑,‑aačimo‑
Cree_Plains,C-P:2,‑ācimo‑,‑aačimo‑
Cree_Plains,C-P:2,‑ācimostaw,‑aačimostaw
Cree_Plains,C-P:2,‑ācimostaw‑,‑aačimostaw‑
Cree_Plains,C-P:2,‑ācimōwin‑,‑aačimoowin‑
Cree_Plains,C-P:2,‑ācimōwin‑,‑aačimoowin‑
Cree_Plains,C-P:2,‑ācimōwin‑,‑aačimoowin‑
Cree_Plains,C-P:1,‑ah‑,‑ah‑
Cree_Plains,C-P:3,‑ahkamik‑,‑ahkamik‑
Cree_Plains,C-P:2,‑ahkēsīs‑,‑ahkeesiis‑
Cree_Plains,C-P:4,‑ahkwan‑,‑ahkwan‑
Cree_Plains,C-P:2,‑āhpih‑,‑aahpih‑
Cree_Plains,C-P:2,‑ahtāmin‑,‑ahtaamin‑
Cree_Plains,C-P:2,‑ahtāmin‑,‑ahtaamin‑
Cree_Plains,C-P:1,‑ahtik,‑ahtik
Cree_Plains,C-P:1,‑āhtikw,‑āhtikw
Cree_Plains,C-P:3,āhtikw,aahtikw
Cree_Plains,C-P:1,‑ahw‑,‑ahw‑
Cree_Plains,C-P:2,‑ak‑,‑ak‑
Cree_Plains,C-P:2,‑ak‑,‑ak‑
Cree_Plains,C-P:2,‑āk‑,‑aak‑
Cree_Plains,C-P:2,‑āk‑,‑aak‑
Cree_Plains,C-P:3,‑ākam‑,‑aakam‑
Cree_Plains,C-P:1,‑âkan,‑aakan
Cree_Plains,C-P:1,‑âkan,‑aakan
Cree_Plains,C-P:2,‑ākan,‑aakan
Cree_Plains,C-P:2,‑ākan,‑aakan
Cree_Plains,C-P:2,‑ākan‑,‑aakan‑
Cree_Plains,C-P:2,‑ākan‑,‑aakan‑
Cree_Plains,C-P:1,‑âkocin‑,‑aakočin‑
Cree_Plains,C-P:1,‑âkocin‑,‑aakočin‑
Cree_Plains,C-P:2,‑akōn‑,‑akoon‑
Cree_Plains,C-P:2,‑ākon‑,‑aakon‑
Cree_Plains,C-P:2,‑ākon‑,‑aakon‑
Cree_Plains,C-P:1,‑âkon(ak)‑,‑aakon(ak)‑
Cree_Plains,C-P:2,‑akōnak‑,‑akoonak‑
Cree_Plains,C-P:1,‑âkosi‑,‑aakosi‑
Cree_Plains,C-P:2,‑ākosi‑,‑aakosi‑
Cree_Plains,C-P:2,‑ākwan‑,‑aakwan‑
Cree_Plains,C-P:1,‑am,‑am
Cree_Plains,C-P:1,‑am‑,‑am‑
Cree_Plains,C-P:2,‑am‑,‑am‑
Cree_Plains,C-P:1,‑amaw,‑amaw
Cree_Plains,C-P:1,‑amaw‑,‑amaw‑
Cree_Plains,C-P:4,‑amaw‑,‑amaw‑
Cree_Plains,C-P:2,‑amaw‑,‑amaw‑
Cree_Plains,C-P:2,‑amiskw‑,‑amiskw‑
Cree_Plains,C-P:1,‑amo,‑amo
Cree_Plains,C-P:1,‑amt,‑amt
Cree_Plains,C-P:1,‑an,‑an
Cree_Plains,C-P:3,‑an,‑an
Cree_Plains,C-P:2,‑an‑,‑an‑
Cree_Plains,C-P:4,‑an‑,‑an‑
Cree_Plains,C-P:2,‑an‑,‑an‑
Cree_Plains,C-P:1,‑âp‑,‑aap‑
Cree_Plains,C-P:2,‑āp‑,‑aap‑
Cree_Plains,C-P:2,‑āpam‑,‑aapam‑
Cree_Plains,C-P:1,‑âpêk‑,‑aapeek‑
Cree_Plains,C-P:2,‑āpēk‑,‑aapeek‑
Cree_Plains,C-P:2,‑āpēk‑,‑aapeek‑
Cree_Plains,C-P:2,‑āpēw‑,‑aapeew‑
Cree_Plains,C-P:1,‑api,‑api
Cree_Plains,C-P:1,‑âpisk‑,‑aapisk‑
Cree_Plains,C-P:3,‑āpisk‑,‑aapisk‑
Cree_Plains,C-P:2,‑āpisk‑,‑aapisk‑
Cree_Plains,C-P:2,‑āpisk‑,‑aapisk‑
Cree_Plains,C-P:2,‑āpisk‑,‑aapisk‑
Cree_Plains,C-P:2,‑āpisk‑,‑aapisk‑
Cree_Plains,C-P:2,‑āpisk‑,‑aapisk‑
Cree_Plains,C-P:2,‑āposw‑,‑aaposw‑
Cree_Plains,C-P:1,‑âpoy,‑aapoy
Cree_Plains,C-P:2,‑āpoy‑,‑aapoy‑
Cree_Plains,C-P:2,‑asām‑,‑asaam‑
Cree_Plains,C-P:2,‑asinah‑,‑asinah‑
Cree_Plains,C-P:2,‑asinah‑,‑asinah‑
Cree_Plains,C-P:2,‑asinahikē‑,‑asinahikee‑
Cree_Plains,C-P:2,‑asinahikē‑,‑asinahikee‑
Cree_Plains,C-P:3,‑askamik‑,‑askamik‑
Cree_Plains,C-P:2,‑askisin‑,‑askisin‑
Cree_Plains,C-P:2,‑askisin‑,‑askisin‑
Cree_Plains,C-P:2,‑askosiw‑,‑askosiw‑
Cree_Plains,C-P:1,‑âskw‑,‑aaskw‑
Cree_Plains,C-P:3,‑āskw‑,‑aaskw‑
Cree_Plains,C-P:2,‑āskw‑,‑aaskw‑
Cree_Plains,C-P:2,‑āskw‑,‑aaskw‑
Cree_Plains,C-P:1,‑askwam‑,‑askwam‑
Cree_Plains,C-P:2,‑askwam‑,‑askwam‑
Cree_Plains,C-P:2,‑askwam‑,‑askwam‑
Cree_Plains,C-P:2,‑astim,‑astim
Cree_Plains,C-P:1,‑astimw‑,‑astimw‑
Cree_Plains,C-P:2,‑astimw‑,‑astimw‑
Cree_Plains,C-P:2,‑astimw‑,‑astimw‑
Cree_Plains,C-P:2,‑astimw‑,‑astimw‑
Cree_Plains,C-P:2,‑astotin‑,‑astotin‑
Cree_Plains,C-P:2,‑at‑,‑at‑
Cree_Plains,C-P:2,‑āt‑,‑aat‑
Cree_Plains,C-P:2,‑atām‑,‑ataam‑
Cree_Plains,C-P:2,‑atāwākan‑,‑ataawaakan‑
Cree_Plains,C-P:2,‑atāwākan‑,‑ataawaakan‑
Cree_Plains,C-P:1,‑atay‑,‑atay‑
Cree_Plains,C-P:2,‑atay‑,‑atay‑
Cree_Plains,C-P:2,‑atay‑,‑atay‑
Cree_Plains,C-P:2,‑atay‑,‑atay‑
Cree_Plains,C-P:2,‑ātayōhkan‑,‑aatayoohkan‑
Cree_Plains,C-P:2,‑atāyōhkanē‑,‑ataayoohkanee‑
Cree_Plains,C-P:2,‑ātayōhkanē‑,‑aatayoohkanee‑
Cree_Plains,C-P:1,‑aw,‑aw
Cree_Plains,C-P:1,‑aw,‑aw
Cree_Plains,C-P:2,‑aw,‑aw
Cree_Plains,C-P:3,‑aw,‑aw
Cree_Plains,C-P:3,‑aw,‑aw
Cree_Plains,C-P:2,‑āw‑,‑aaw‑
Cree_Plains,C-P:2,‑āwas‑,‑aawas‑
Cree_Plains,C-P:1,‑âwas(o)‑,‑aawas(o)‑
Cree_Plains,C-P:2,‑āwas(o)‑,‑aawas(o)‑
Cree_Plains,C-P:2,‑āwas(o)‑,‑aawas(o)‑
Cree_Plains,C-P:1,‑âwikan‑,‑aawikan‑
Cree_Plains,C-P:2,‑āwikan‑,‑aawikan‑
Cree_Plains,C-P:2,‑āwikan‑,‑aawikan‑
Cree_Plains,C-P:2,‑āwikan‑,‑aawikan‑
Cree_Plains,C-P:2,‑ayowinis‑,‑ayowinis‑
Cree_Plains,C-P:2,‑ayōwinis‑,‑ayoowinis‑
Cree_Plains,C-P:2,‑cichē‑,‑čičhee‑
Cree_Plains,C-P:2,‑cihc‑,‑čihč‑
Cree_Plains,C-P:2,‑cihc‑,‑čihč‑
Cree_Plains,C-P:1,‑cihcê‑,‑čihčee‑
Cree_Plains,C-P:2,‑cihcē‑,‑čihčee‑
Cree_Plains,C-P:1,‑ê‑,‑ee‑
Cree_Plains,C-P:1,‑ê‑,‑ee‑
Cree_Plains,C-P:1,‑ê‑,‑ee‑
Cree_Plains,C-P:2,‑ē‑,‑ee‑
Cree_Plains,C-P:2,‑ē‑,‑ee‑
Cree_Plains,C-P:2,‑ē‑,‑ee‑
Cree_Plains,C-P:2,‑ē‑,‑ee‑
Cree_Plains,C-P:2,‑ē‑,‑ee‑
Cree_Plains,C-P:2,‑ē‑,‑ee‑
Cree_Plains,C-P:2,‑ē‑,‑ee‑
Cree_Plains,C-P:2,‑ē‑,‑ee‑
Cree_Plains,C-P:3,‑ē‑,‑ee‑
Cree_Plains,C-P:4,‑e·‑,‑ee‑
Cree_Plains,C-P:4,‑e·ya·piy,‑eeyaapiy
Cree_Plains,C-P:4,‑ek,‑ek
Cree_Plains,C-P:1,‑êkin‑,‑eekin‑
Cree_Plains,C-P:2,‑ēkin‑,‑eekin‑
Cree_Plains,C-P:2,‑ēkin‑,‑eekin‑
Cree_Plains,C-P:2,‑ēskisin,‑eeskisin
Cree_Plains,C-P:2,‑ēskisin,‑eeskisin
Cree_Plains,C-P:2,‑ētās‑,‑eetaas‑
Cree_Plains,C-P:2,‑ētās‑,‑eetaas‑
Cree_Plains,C-P:1,‑êyi‑,‑eeyi‑
Cree_Plains,C-P:2,‑ēyi‑,‑eeyi‑
Cree_Plains,C-P:2,‑ēyi‑,‑eeyi‑
Cree_Plains,C-P:2,‑ēyi‑,‑eeyi‑
Cree_Plains,C-P:2,‑ēyi‑,‑eeyi‑
Cree_Plains,C-P:1,‑êyiht,‑eeyiht
Cree_Plains,C-P:2,‑ēyiht‑,‑eeyiht‑
Cree_Plains,C-P:2,‑ēyim‑,‑eeyim‑
Cree_Plains,C-P:2,‑ēyim‑,‑eeyim‑
Cree_Plains,C-P:1,‑êyimo‑,‑eeyimo‑
Cree_Plains,C-P:2,‑ēyimo‑,‑eeyimo‑
Cree_Plains,C-P:2,‑ēyimo‑,‑eeyimo‑
Cree_Plains,C-P:1,‑h,‑h
Cree_Plains,C-P:1,‑h‑,‑h‑
Cree_Plains,C-P:1,‑h‑,‑h‑
Cree_Plains,C-P:1,‑h‑,‑h‑
Cree_Plains,C-P:2,‑h‑,‑h‑
Cree_Plains,C-P:2,‑h‑,‑h‑
Cree_Plains,C-P:2,‑h‑,‑h‑
Cree_Plains,C-P:2,‑h‑,‑h‑
Cree_Plains,C-P:2,‑h‑,‑h‑
Cree_Plains,C-P:2,‑h‑,‑h‑
Cree_Plains,C-P:4,‑hka·so‑,‑hkaaso‑
Cree_Plains,C-P:2,‑hkomān‑,‑hkomaan‑
Cree_Plains,C-P:2,‑hkomān‑,‑hkomaan‑
Cree_Plains,C-P:2,‑hkomān‑,‑hkomaan‑
Cree_Plains,C-P:1,‑hkw‑,‑hkw‑
Cree_Plains,C-P:2,‑hkw‑,‑hkw‑
Cree_Plains,C-P:2,‑hkw‑,‑hkw‑
Cree_Plains,C-P:2,‑ht‑,‑ht‑
Cree_Plains,C-P:2,‑ht‑,‑ht‑
Cree_Plains,C-P:2,‑ht‑,‑ht‑
Cree_Plains,C-P:2,‑hta‑,‑hta‑
Cree_Plains,C-P:1,‑htâ‑,‑htaa‑
Cree_Plains,C-P:2,‑htā‑,‑htaa‑
Cree_Plains,C-P:2,‑htā‑,‑htaa‑
Cree_Plains,C-P:2,‑htā‑,‑htaa‑
Cree_Plains,C-P:1,‑htaw‑,‑htaw‑
Cree_Plains,C-P:1,‑i,‑i
Cree_Plains,C-P:3,‑i,‑i
Cree_Plains,C-P:3,‑i,‑i
Cree_Plains,C-P:1,‑i,‑i
Cree_Plains,C-P:2,‑i‑,‑i‑
Cree_Plains,C-P:1,‑i‑,‑i‑
Cree_Plains,C-P:2,‑i‑,‑i‑
Cree_Plains,C-P:3,‑icāp‑,‑ičaap‑
Cree_Plains,C-P:1,‑ihcikwan‑,‑ihčikwan‑
Cree_Plains,C-P:2,‑ihcikwān‑,‑ihčikwaan‑
Cree_Plains,C-P:2,‑ihcikwān‑,‑ihčikwaan‑
Cree_Plains,C-P:1,‑ihk‑,‑ihk‑
Cree_Plains,C-P:4,‑ihk(aw),‑ihk(aw)
Cree_Plains,C-P:1,‑ihkân,‑ihkaan
Cree_Plains,C-P:1,‑ihkân,‑ihkaan
Cree_Plains,C-P:2,‑ihkān‑,‑ihkaan‑
Cree_Plains,C-P:2,‑ihkān‑,‑ihkaan‑
Cree_Plains,C-P:1,‑ihkê,‑ihkee
Cree_Plains,C-P:2,‑ihkē‑,‑ihkee‑
Cree_Plains,C-P:2,‑ihkē‑,‑ihkee‑
Cree_Plains,C-P:2,‑iht‑,‑iht‑
Cree_Plains,C-P:3,‑iht‑,‑iht‑
Cree_Plains,C-P:2,‑ihtaw‑,‑ihtaw‑
Cree_Plains,C-P:1,‑ikan,‑ikan
Cree_Plains,C-P:4,‑ikan,‑ikan
Cree_Plains,C-P:3,‑ikātē,‑ikaatee
Cree_Plains,C-P:3,‑ikē,‑ikee
Cree_Plains,C-P:2,‑ikē‑,‑ikee‑
Cree_Plains,C-P:1,‑îki,‑iiki
Cree_Plains,C-P:2,‑ikimāw‑,‑ikimaaw‑
Cree_Plains,C-P:2,‑ikosi‑,‑ikosi‑
Cree_Plains,C-P:2,‑ikōwisi‑,‑ikoowisi‑
Cree_Plains,C-P:1,‑ikw‑,‑ikw‑
Cree_Plains,C-P:2,‑ikwan‑,‑ikwan‑
Cree_Plains,C-P:2,‑ikwan‑,‑ikwan‑
Cree_Plains,C-P:2,‑ikwē‑,‑ikwee‑
Cree_Plains,C-P:2,‑ikwē‑,‑ikwee‑
Cree_Plains,C-P:1,‑im,‑im
Cree_Plains,C-P:2,‑in‑,‑in‑
Cree_Plains,C-P:2,‑in‑,‑in‑
Cree_Plains,C-P:1,‑in‑,‑in‑
Cree_Plains,C-P:3,‑in‑,‑in‑
Cree_Plains,C-P:1,‑inâ‑,‑inaa‑
Cree_Plains,C-P:1,‑inâhk,‑inaahk
Cree_Plains,C-P:1,‑inâw,‑inaaw
Cree_Plains,C-P:1,‑inâw,‑inaaw
Cree_Plains,C-P:2,‑ipē‑,‑ipee‑
Cree_Plains,C-P:1,‑ipê(k)‑,‑ipee(k)‑
Cree_Plains,C-P:2,‑ipēk‑,‑ipeek‑
Cree_Plains,C-P:1,‑is,‑is
Cree_Plains,C-P:3,‑is,‑is
Cree_Plains,C-P:2,‑is‑,‑is‑
Cree_Plains,C-P:1,‑is‑,‑is‑
Cree_Plains,C-P:2,‑isi‑,‑isi‑
Cree_Plains,C-P:2,‑isi‑,‑isi‑
Cree_Plains,C-P:1,‑isi‑,‑isi‑
Cree_Plains,C-P:4,‑isi‑,‑isi‑
Cree_Plains,C-P:4,‑isi‑,‑isi‑
Cree_Plains,C-P:3,‑isis,‑isis
Cree_Plains,C-P:2,‑isk‑,‑isk‑
Cree_Plains,C-P:2,‑iskaw‑,‑iskaw‑
Cree_Plains,C-P:2,‑iskēw,‑iskeew
Cree_Plains,C-P:4,‑iski‑,‑iski‑
Cree_Plains,C-P:2,‑iski‑,‑iski‑
Cree_Plains,C-P:2,‑iskotē‑,‑iskotee‑
Cree_Plains,C-P:1,‑iskw‑,‑iskw‑
Cree_Plains,C-P:2,‑iskwēw,‑iskweew
Cree_Plains,C-P:2,‑iskwēw‑,‑iskweew‑
Cree_Plains,C-P:2,‑iskwēw‑,‑iskweew‑
Cree_Plains,C-P:3,‑iso,‑iso
Cree_Plains,C-P:2,‑iso‑,‑iso‑
Cree_Plains,C-P:2,‑iso‑,‑iso‑
Cree_Plains,C-P:4,‑iso‑,‑iso‑
Cree_Plains,C-P:2,‑iso‑,‑iso‑
Cree_Plains,C-P:2,‑iso‑,‑iso‑
Cree_Plains,C-P:2,‑iso‑,‑iso‑
Cree_Plains,C-P:1,‑îsta,‑iista
Cree_Plains,C-P:1,‑isw,‑isw
Cree_Plains,C-P:2,‑isw‑,‑isw‑
Cree_Plains,C-P:2,‑itās‑,‑itaas‑
Cree_Plains,C-P:3,‑ito,‑ito
Cree_Plains,C-P:2,‑ito‑,‑ito‑
Cree_Plains,C-P:2,‑ito‑,‑ito‑
Cree_Plains,C-P:2,‑iwas‑,‑iwas‑
Cree_Plains,C-P:2,‑iwas‑,‑iwas‑
Cree_Plains,C-P:2,‑īwas‑,‑iiwas‑
Cree_Plains,C-P:1,‑iwat,‑iwat
Cree_Plains,C-P:4,‑iwe·‑,‑iwee‑
Cree_Plains,C-P:3,‑iwi,‑iwi
Cree_Plains,C-P:2,‑iwi‑,‑iwi‑
Cree_Plains,C-P:2,‑iwi‑,‑iwi‑
Cree_Plains,C-P:2,‑iwi‑,‑iwi‑
Cree_Plains,C-P:4,‑iwi‑,‑iwi‑
Cree_Plains,C-P:4,‑iwi‑,‑iwi‑
Cree_Plains,C-P:2,‑iwi‑,‑iwi‑
Cree_Plains,C-P:1,‑îya,‑iiya
Cree_Plains,C-P:5,‑ka·pawi‑,‑kaapawi‑
Cree_Plains,C-P:1,‑kam‑,‑kam‑
Cree_Plains,C-P:1,‑kamikw,‑kamikw
Cree_Plains,C-P:2,‑kan‑,‑kan‑
Cree_Plains,C-P:2,‑kan‑,‑kan‑
Cree_Plains,C-P:2,‑kāso‑,‑kaaso‑
Cree_Plains,C-P:2,‑kāso‑,‑kaaso‑
Cree_Plains,C-P:2,‑kāt‑,‑kaat‑
Cree_Plains,C-P:2,‑kātē‑,‑kaatee‑
Cree_Plains,C-P:2,‑kātē‑,‑kaatee‑
Cree_Plains,C-P:2,‑kē‑,‑kee‑
Cree_Plains,C-P:2,‑kē‑,‑kee‑
Cree_Plains,C-P:1,‑kosis,‑kosis
Cree_Plains,C-P:2,‑kosis‑,‑kosis‑
Cree_Plains,C-P:2,‑kosis‑,‑kosis‑
Cree_Plains,C-P:1,‑m‑,‑m‑
Cree_Plains,C-P:1,‑m‑,‑m‑
Cree_Plains,C-P:1,‑m‑,‑m‑
Cree_Plains,C-P:1,‑m‑,‑m‑
Cree_Plains,C-P:2,‑m‑,‑m‑
Cree_Plains,C-P:2,‑m‑,‑m‑
Cree_Plains,C-P:2,‑m‑,‑m‑
Cree_Plains,C-P:2,‑m‑,‑m‑
Cree_Plains,C-P:2,‑m‑,‑m‑
Cree_Plains,C-P:1,‑min,‑min
Cree_Plains,C-P:1,‑min,‑min
Cree_Plains,C-P:2,‑min‑,‑min‑
Cree_Plains,C-P:2,‑min‑,‑min‑
Cree_Plains,C-P:2,‑min‑,‑min‑
Cree_Plains,C-P:4,‑n,‑n
Cree_Plains,C-P:1,‑n‑,‑n‑
Cree_Plains,C-P:1,‑n‑,‑n‑
Cree_Plains,C-P:1,‑n‑,‑n‑
Cree_Plains,C-P:2,‑n‑,‑n‑
Cree_Plains,C-P:2,‑n‑,‑n‑
Cree_Plains,C-P:2,‑n‑,‑n‑
Cree_Plains,C-P:2,‑n‑,‑n‑
Cree_Plains,C-P:1,‑naw‑,‑naw‑
Cree_Plains,C-P:1,‑nisk,‑nisk
Cree_Plains,C-P:2,‑nisk‑,‑nisk‑
Cree_Plains,C-P:2,‑o‑,‑o‑
Cree_Plains,C-P:2,‑o‑,‑o‑
Cree_Plains,C-P:1,‑oht‑,‑oht‑
Cree_Plains,C-P:1,‑oht‑,‑oht‑
Cree_Plains,C-P:1,‑ohtaw‑,‑ohtaw‑
Cree_Plains,C-P:1,‑ohtê,‑ohtee
Cree_Plains,C-P:4,‑ohte·‑,‑ohtee‑
Cree_Plains,C-P:2,‑oskastimw‑,‑oskastimw‑
Cree_Plains,C-P:2,‑oskastimw‑,‑oskastimw‑
Cree_Plains,C-P:2,‑oskiskwēw‑,‑oskiskweew‑
Cree_Plains,C-P:1,‑pa‑,‑pa‑
Cree_Plains,C-P:2,‑pāskisikan‑,‑paaskisikan‑
Cree_Plains,C-P:1,‑paw‑,‑paw‑
Cree_Plains,C-P:3,‑pay‑,‑pay‑
Cree_Plains,C-P:1,‑payi‑,‑payi‑
Cree_Plains,C-P:1,‑payi‑,‑payi‑
Cree_Plains,C-P:2,‑payi‑,‑payi‑
Cree_Plains,C-P:2,‑payi‑,‑payi‑
Cree_Plains,C-P:2,‑payih‑,‑payih‑
Cree_Plains,C-P:2,‑payiho‑,‑payiho‑
Cree_Plains,C-P:2,‑payiw‑,‑payiw‑
Cree_Plains,C-P:1,‑pit‑,‑pit‑
Cree_Plains,C-P:2,‑piton‑,‑piton‑
Cree_Plains,C-P:1,‑pwām‑,‑pwām‑
Cree_Plains,C-P:2,‑pwām‑,‑pwaam‑
Cree_Plains,C-P:2,‑pwām‑,‑pwaam‑
Cree_Plains,C-P:1,‑s‑,‑s‑
Cree_Plains,C-P:3,‑s‑,‑s‑
Cree_Plains,C-P:3,‑si,‑si
Cree_Plains,C-P:3,‑si,‑si
Cree_Plains,C-P:1,‑sim,‑sim
Cree_Plains,C-P:2,‑sim‑,‑sim‑
Cree_Plains,C-P:2,‑sim‑,‑sim‑
Cree_Plains,C-P:1,‑sîm‑,‑siim‑
Cree_Plains,C-P:1,‑simo,‑simo
Cree_Plains,C-P:1,‑simo,‑simo
Cree_Plains,C-P:2,‑simo‑,‑simo‑
Cree_Plains,C-P:2,‑simo‑,‑simo‑
Cree_Plains,C-P:1,‑sin,‑sin
Cree_Plains,C-P:3,‑sin,‑sin
Cree_Plains,C-P:2,‑sin‑,‑sin‑
Cree_Plains,C-P:2,‑sin‑,‑sin‑
Cree_Plains,C-P:2,‑sin‑,‑sin‑
Cree_Plains,C-P:1,‑sip,‑sip
Cree_Plains,C-P:2,‑sip‑,‑sip‑
Cree_Plains,C-P:2,‑sip‑,‑sip‑
Cree_Plains,C-P:2,‑sit‑,‑sit‑
Cree_Plains,C-P:2,‑sit‑,‑sit‑
Cree_Plains,C-P:3,‑sk,‑sk
Cree_Plains,C-P:2,‑skan‑,‑skan‑
Cree_Plains,C-P:2,‑skāt‑,‑skaat‑
Cree_Plains,C-P:2,‑ski‑,‑ski‑
Cree_Plains,C-P:2,‑so‑,‑so‑
Cree_Plains,C-P:2,‑sōkan‑,‑sookan‑
Cree_Plains,C-P:2,‑sōkan‑,‑sookan‑
Cree_Plains,C-P:2,‑sōkan‑,‑sookan‑
Cree_Plains,C-P:2,‑sōniyāw‑,‑sooniyaaw‑
Cree_Plains,C-P:2,‑spiton‑,‑spiton‑
Cree_Plains,C-P:1,‑st,‑st
Cree_Plains,C-P:2,‑st‑,‑st‑
Cree_Plains,C-P:2,‑st‑,‑st‑
Cree_Plains,C-P:2,‑stamaw‑,‑stamaw‑
Cree_Plains,C-P:2,‑stamaw‑,‑stamaw‑
Cree_Plains,C-P:2,‑staw‑,‑staw‑
Cree_Plains,C-P:2,‑staw‑,‑staw‑
Cree_Plains,C-P:1,‑stikwān,‑stikwān
Cree_Plains,C-P:2,‑stikwān,‑stikwaan
Cree_Plains,C-P:2,‑stikwān,‑stikwaan
Cree_Plains,C-P:2,‑t‑,‑t‑
Cree_Plains,C-P:2,‑t‑,‑t‑
Cree_Plains,C-P:2,‑t‑,‑t‑
Cree_Plains,C-P:2,‑t‑,‑t‑
Cree_Plains,C-P:1,‑t‑,‑t‑
Cree_Plains,C-P:1,‑t‑,‑t‑
Cree_Plains,C-P:1,‑t‑,‑t‑
Cree_Plains,C-P:2,‑tās‑,‑taas‑
Cree_Plains,C-P:2,‑tās‑,‑taas‑
Cree_Plains,C-P:2,‑taw,‑taw
Cree_Plains,C-P:2,‑tāw,‑taaw
Cree_Plains,C-P:2,‑tē‑,‑tee‑
Cree_Plains,C-P:2,‑tēhci‑,‑teehči‑
Cree_Plains,C-P:1,‑têm‑,‑teem‑
Cree_Plains,C-P:1,‑tihp‑,‑tihp‑
Cree_Plains,C-P:1,‑tokan‑,‑tokan‑
Cree_Plains,C-P:2,‑tōkan‑,‑tookan‑
Cree_Plains,C-P:2,‑tōkan‑,‑tookan‑
Cree_Plains,C-P:1,‑tot‑,‑tot‑
Cree_Plains,C-P:2,‑tot‑,‑tot‑
Cree_Plains,C-P:2,‑tot‑,‑tot‑
Cree_Plains,C-P:1,‑totaw‑,‑totaw‑
Cree_Plains,C-P:2,‑totaw‑,‑totaw‑
Cree_Plains,C-P:2,‑totaw‑,‑totaw‑
Cree_Plains,C-P:2,‑w‑,‑w‑
Cree_Plains,C-P:2,‑w‑,‑w‑
Cree_Plains,C-P:2,‑w‑,‑w‑
Cree_Plains,C-P:1,‑wâw,‑waaw
Cree_Plains,C-P:2,‑wāw,‑waaw
Cree_Plains,C-P:1,‑wayak,‑wayak
Cree_Plains,C-P:2,‑wayak,‑wayak
Cree_Plains,C-P:1,‑wayân,‑wayaan
Cree_Plains,C-P:2,‑wayān‑,‑wayaan‑
Cree_Plains,C-P:2,‑wēp‑,‑weep‑
Cree_Plains,C-P:2,‑wēp‑,‑weep‑
Cree_Plains,C-P:2,‑wik‑,‑wik‑
Cree_Plains,C-P:1,‑win,‑win
Cree_Plains,C-P:2,‑win,‑win
Cree_Plains,C-P:2,‑win,‑win
Cree_Plains,C-P:2,‑win‑,‑win‑
Cree_Plains,C-P:4,‑wit‑,‑wit‑
Cree_Plains,C-P:3,‑yā‑,‑yaa‑
Cree_Plains,C-P:1,‑yaap‑,‑yaap‑
Cree_Plains,C-P:3,‑yāskwē‑,‑yaaskwee‑
Cree_Plains,C-P:1,‑yi,‑yi
Cree_Plains,C-P:2,‑θ,‑θ
Cree_Plains,C-P:1,(â)kam‑,(aa)kam‑
Cree_Plains,C-P:3,ā,aa
Cree_Plains,C-P:4,ā,ā
Cree_Plains,C-P:4,a·konak,aakonak
Cree_Plains,C-P:4,a·pisk,aapisk
Cree_Plains,C-P:3,ah,ah
Cree_Plains,C-P:1,ah‑,ah‑
Cree_Plains,C-P:3,āhtikw,aahtikw
Cree_Plains,C-P:3,ahw,ahw
Cree_Plains,C-P:1,ak‑,ak‑
Cree_Plains,C-P:2,ak‑,ak‑
Cree_Plains,C-P:2,ak‑,ak‑
Cree_Plains,C-P:3,akām,akaam
Cree_Plains,C-P:6,ākam,aakam
Cree_Plains,C-P:3,akāmak,akaamak
Cree_Plains,C-P:3,ākaw,aakaw
Cree_Plains,C-P:3,ākon,aakon
Cree_Plains,C-P:3,ākonak,aakonak
Cree_Plains,C-P:1,akot‑,akot‑
Cree_Plains,C-P:2,amiskw‑,amiskw‑
Cree_Plains,C-P:3,an,an
Cree_Plains,C-P:3,an,an
Cree_Plains,C-P:6,an,an
Cree_Plains,C-P:1,an‑,an‑
Cree_Plains,C-P:3,āp,aap
Cree_Plains,C-P:1,api‑,api‑
Cree_Plains,C-P:3,āpīk,aapiik
Cree_Plains,C-P:6,apis,apis
Cree_Plains,C-P:6,āpisk,aapisk
Cree_Plains,C-P:1,âpisk‑,aapisk‑
Cree_Plains,C-P:3,āpy,aapy
Cree_Plains,C-P:1,as‑,as‑
Cree_Plains,C-P:2,ask‑,ask‑
Cree_Plains,C-P:3,askisin,askisin
Cree_Plains,C-P:3,askō,askoo
Cree_Plains,C-P:3,askw,askw
Cree_Plains,C-P:3,askw,askw
Cree_Plains,C-P:6,āskw,aaskw
Cree_Plains,C-P:1,âsow‑,aasow‑
Cree_Plains,C-P:3,āt,aat
Cree_Plains,C-P:4,at‑,at‑
Cree_Plains,C-P:1,ât‑,aat‑
Cree_Plains,C-P:1,ât‑,aat‑
Cree_Plains,C-P:2,āt‑,aat‑
Cree_Plains,C-P:2,āt‑,aat‑
Cree_Plains,C-P:5,ata·m‑,ataam‑
Cree_Plains,C-P:1,atâm‑,ataam‑
Cree_Plains,C-P:1,atâw‑,ataaw‑
Cree_Plains,C-P:2,atimw‑,atimw‑
Cree_Plains,C-P:1,âtot‑,aatot‑
Cree_Plains,C-P:1,aw‑,aw‑
Cree_Plains,C-P:2,awās‑,awaas‑
Cree_Plains,C-P:2,awās‑,awaas‑
Cree_Plains,C-P:1,ay‑,ay‑
Cree_Plains,C-P:3,cahk,čahk
Cree_Plains,C-P:3,cēskiwak,čeeskiwak
Cree_Plains,C-P:1,cîs‑,čiis‑
Cree_Plains,C-P:3,ē,ee
Cree_Plains,C-P:3,ē,ee
Cree_Plains,C-P:1,ê‑,ee‑
Cree_Plains,C-P:3,ēk,eek
Cree_Plains,C-P:1,êkw‑,eekw‑
Cree_Plains,C-P:1,êwakw‑,eewakw‑
Cree_Plains,C-P:2,ēyakw‑,eeyakw‑
Cree_Plains,C-P:3,ht,ht
Cree_Plains,C-P:3,ht,ht
Cree_Plains,C-P:4,ht,ht
Cree_Plains,C-P:6,i,i
Cree_Plains,C-P:3,ī,ii
Cree_Plains,C-P:3,ī,ii
Cree_Plains,C-P:1,i‑,i‑
Cree_Plains,C-P:1,ikât‑,ikaat‑
Cree_Plains,C-P:3,ikw,ikw
Cree_Plains,C-P:1,ikw‑,ikw‑
Cree_Plains,C-P:3,in,in
Cree_Plains,C-P:3,ipayi,ipayi
Cree_Plains,C-P:1,is‑,is‑
Cree_Plains,C-P:3,isin,isin
Cree_Plains,C-P:1,isko‑,isko‑
Cree_Plains,C-P:2,it‑,it‑
Cree_Plains,C-P:1,it‑,it‑
Cree_Plains,C-P:1,it‑,it‑
Cree_Plains,C-P:3,kan,kan
Cree_Plains,C-P:3,kanak,kanak
Cree_Plains,C-P:2,kanāt‑,kanaat‑
Cree_Plains,C-P:2,kanaw‑,kanaw‑
Cree_Plains,C-P:2,kanaw‑,kanaw‑
Cree_Plains,C-P:2,kanaw‑,kanaw‑
Cree_Plains,C-P:3,kās,kaas
Cree_Plains,C-P:1,kask‑,kask‑
Cree_Plains,C-P:1,kask‑,kask‑
Cree_Plains,C-P:2,kaskitē‑,kaskitee‑
Cree_Plains,C-P:3,kaw,kaw
Cree_Plains,C-P:3,kēt,keet
Cree_Plains,C-P:1,kêt‑,keet‑
Cree_Plains,C-P:2,kēt‑,keet‑
Cree_Plains,C-P:1,kik‑,kik‑
Cree_Plains,C-P:2,kik‑,kik‑
Cree_Plains,C-P:1,kîkw‑,kiikw‑
Cree_Plains,C-P:2,kīkw‑,kiikw‑
Cree_Plains,C-P:1,kimot‑,kimot‑
Cree_Plains,C-P:6,kīn,kiin
Cree_Plains,C-P:3,kīn‑,kiin‑
Cree_Plains,C-P:1,kinw‑,kinw‑
Cree_Plains,C-P:3,kinw‑,kinw‑
Cree_Plains,C-P:1,kis‑,kis‑
Cree_Plains,C-P:1,kîs‑,kiis‑
Cree_Plains,C-P:2,kīs‑,kiis‑
Cree_Plains,C-P:1,kisî‑,kisii‑
Cree_Plains,C-P:2,kisī‑,kisii‑
Cree_Plains,C-P:6,kīšik,kiišik
Cree_Plains,C-P:3,kīšik‑,kiisik‑
Cree_Plains,C-P:1,kisk‑,kisk‑
Cree_Plains,C-P:1,kîsk‑,kiisk‑
Cree_Plains,C-P:2,kīsk‑,kiisk‑
Cree_Plains,C-P:2,kīskwē‑,kiiskwee‑
Cree_Plains,C-P:4,kīsōw,kīsōw
Cree_Plains,C-P:6,kīsōw,kiisoow
Cree_Plains,C-P:3,kīsōw‑,kiisoow‑
Cree_Plains,C-P:3,kistik,kistik
Cree_Plains,C-P:1,kitimâk‑,kitimaak‑
Cree_Plains,C-P:4,ko·n‑,koon‑
Cree_Plains,C-P:3,kōn,koon
Cree_Plains,C-P:2,kōn‑,koon‑
Cree_Plains,C-P:1,kot‑,kot‑
Cree_Plains,C-P:4,kwēsk,kwēsk
Cree_Plains,C-P:6,kwēsk,kweesk
Cree_Plains,C-P:3,kwēsk‑,kweesk‑
Cree_Plains,C-P:2,kwēsk‑,kweesk‑
Cree_Plains,C-P:1,kwêski‑,kweeski‑
Cree_Plains,C-P:1,kwêtaw‑,kweetaw‑
Cree_Plains,C-P:2,kwētaw‑,kweetaw‑
Cree_Plains,C-P:1,mâ‑,maa‑
Cree_Plains,C-P:2,māh‑,maah‑
Cree_Plains,C-P:3,mahk,mahk
Cree_Plains,C-P:4,mahkate·w‑,mahkateew‑
Cree_Plains,C-P:1,mâkw‑,maakw‑
Cree_Plains,C-P:2,mākw‑,maakw‑
Cree_Plains,C-P:1,man‑,man‑
Cree_Plains,C-P:1,man‑,man‑
Cree_Plains,C-P:1,manât‑,manaat‑
Cree_Plains,C-P:1,manis‑,manis‑
Cree_Plains,C-P:1,mas‑,mas‑
Cree_Plains,C-P:1,masin‑,masin‑
Cree_Plains,C-P:2,māyāt‑,maayaat‑
Cree_Plains,C-P:1,mêst‑,meest‑
Cree_Plains,C-P:4,mi·hkw‑,miihkw‑
Cree_Plains,C-P:3,micim,mičim
Cree_Plains,C-P:3,micimo,mičimo
Cree_Plains,C-P:1,mihc‑,mihč‑
Cree_Plains,C-P:4,mihce·t‑,mihčeet‑
Cree_Plains,C-P:1,mihk‑,mihk‑
Cree_Plains,C-P:2,mihkw‑,mihkw‑
Cree_Plains,C-P:3,min,min
Cree_Plains,C-P:3,minak,minak
Cree_Plains,C-P:1,mîskot‑,miiskot‑
Cree_Plains,C-P:1,miskw‑,miskw‑
Cree_Plains,C-P:1,mist‑,mist‑
Cree_Plains,C-P:1,miyo‑,miyo‑
Cree_Plains,C-P:2,miyw‑,miyw‑
Cree_Plains,C-P:3,mō,moo
Cree_Plains,C-P:1,môn‑,moon‑
Cree_Plains,C-P:1,môsk‑,moosk‑
Cree_Plains,C-P:3,n,n
Cree_Plains,C-P:5,na·w‑,naaw‑
Cree_Plains,C-P:1,nah‑,nah‑
Cree_Plains,C-P:1,nakat‑,nakat‑
Cree_Plains,C-P:5,nana·w‑,nanaaw‑
Cree_Plains,C-P:2,nanātaw‑,nanaataw‑
Cree_Plains,C-P:1,nât‑,naat‑
Cree_Plains,C-P:2,nāt‑,naat‑
Cree_Plains,C-P:1,nê‑,nee‑
Cree_Plains,C-P:1,nik‑,nik‑
Cree_Plains,C-P:1,nikot‑,nikot‑
Cree_Plains,C-P:3,nīm,niim
Cree_Plains,C-P:1,nip‑,nip‑
Cree_Plains,C-P:1,nipa‑,nipa‑
Cree_Plains,C-P:1,nisitaw‑,nisitaw‑
Cree_Plains,C-P:2,nisiwanāt‑,nisiwanaat‑
Cree_Plains,C-P:4,nīsk,nīsk
Cree_Plains,C-P:6,nīsk,niisk
Cree_Plains,C-P:3,nīsk‑,niisk‑
Cree_Plains,C-P:3,nīsw,niisw
Cree_Plains,C-P:1,nitaw‑,nitaw‑
Cree_Plains,C-P:1,nito‑,nito‑
Cree_Plains,C-P:3,nōt,noot
Cree_Plains,C-P:1,nôt‑,noot‑
Cree_Plains,C-P:2,nōt‑,noot‑
Cree_Plains,C-P:1,ô‑,oo‑
Cree_Plains,C-P:2,ø‑,ø‑
Cree_Plains,C-P:1,ohp‑,ohp‑
Cree_Plains,C-P:4,oht‑,oht‑
Cree_Plains,C-P:2,oht‑,oht‑
Cree_Plains,C-P:3,ōs,oos
Cree_Plains,C-P:6,osē,osee
Cree_Plains,C-P:3,osē‑,osee‑
Cree_Plains,C-P:2,osk‑,osk‑
Cree_Plains,C-P:3,oy,oy
Cree_Plains,C-P:3,p,p
Cree_Plains,C-P:1,paahp‑,paahp‑
Cree_Plains,C-P:4,pāhkw,pāhkw
Cree_Plains,C-P:6,pāhkw,paahkw
Cree_Plains,C-P:3,pāhkw‑,paahkw‑
Cree_Plains,C-P:1,pahkwâ‑,pahkwaa‑
Cree_Plains,C-P:1,pahkwê‑,pahkwee‑
Cree_Plains,C-P:2,pahkwē‑,pahkwee‑
Cree_Plains,C-P:1,pâhpi‑,paahpi‑
Cree_Plains,C-P:2,pāhpi‑,paahpi‑
Cree_Plains,C-P:2,pāhpi‑,paahpi‑
Cree_Plains,C-P:2,pakam‑,pakam‑
Cree_Plains,C-P:2,pakam‑,pakam‑
Cree_Plains,C-P:1,pakit‑,pakit‑
Cree_Plains,C-P:2,papām‑,papaam‑
Cree_Plains,C-P:1,pask‑,pask‑
Cree_Plains,C-P:2,pāsk‑,paask‑
Cree_Plains,C-P:1,paskw‑,paskw‑
Cree_Plains,C-P:2,pāst‑,paast‑
Cree_Plains,C-P:2,pāst‑,paast‑
Cree_Plains,C-P:1,pat‑,pat‑
Cree_Plains,C-P:2,paw‑,paw‑
Cree_Plains,C-P:2,paw‑,paw‑
Cree_Plains,C-P:6,pay,pay
Cree_Plains,C-P:4,payi,payi
Cree_Plains,C-P:1,pehk‑,pehk‑
Cree_Plains,C-P:3,pēk,peek
Cree_Plains,C-P:4,pi·wim(w)‑,piiwim(w)‑
Cree_Plains,C-P:2,pim‑,pim‑
Cree_Plains,C-P:1,pimi‑,pimi‑
Cree_Plains,C-P:1,pîtot‑,piitot‑
Cree_Plains,C-P:1,post‑,post‑
Cree_Plains,C-P:6,s,s
Cree_Plains,C-P:5,sa·pw‑,saapw‑
Cree_Plains,C-P:3,sak,sak
Cree_Plains,C-P:1,sak‑,sak‑
Cree_Plains,C-P:2,sak‑,sak‑
Cree_Plains,C-P:1,sâk‑,saak‑
Cree_Plains,C-P:3,sāpo,saapo
Cree_Plains,C-P:3,sāpopē,saapopee
Cree_Plains,C-P:1,sêk‑,seek‑
Cree_Plains,C-P:2,sēk‑,seek‑
Cree_Plains,C-P:1,sîhk‑,siihk‑
Cree_Plains,C-P:2,sīhk‑,siihk‑
Cree_Plains,C-P:1,sîkô‑,siikoo‑
Cree_Plains,C-P:4,sikw,sikw
Cree_Plains,C-P:3,sīp,siip
Cree_Plains,C-P:2,sipwē‑,sipwee‑
Cree_Plains,C-P:2,sīsīp‑,siisiip‑
Cree_Plains,C-P:3,skiw,skiw
Cree_Plains,C-P:3,skiwak,skiwak
Cree_Plains,C-P:6,sōhk,soohk
Cree_Plains,C-P:1,sôhk‑,soohk‑
Cree_Plains,C-P:3,sōhk‑,soohk‑
Cree_Plains,C-P:1,sôskw‑,sooskw‑
Cree_Plains,C-P:2,sōskw‑,sooskw‑
Cree_Plains,C-P:1,sw‑,sw‑
Cree_Plains,C-P:4,ta·to‑,taato‑
Cree_Plains,C-P:4,tahkw‑,tahkw‑
Cree_Plains,C-P:1,tahto‑,tahto‑
Cree_Plains,C-P:1,tân‑,taan‑
Cree_Plains,C-P:3,tāpitāw,taapitaaw
Cree_Plains,C-P:4,tastaw‑,tastaw‑
Cree_Plains,C-P:1,têh‑,teeh‑
Cree_Plains,C-P:1,têht‑,teeht‑
Cree_Plains,C-P:6,tipisk,tipisk
Cree_Plains,C-P:3,tipisk‑,tipisk‑
Cree_Plains,C-P:3,tōhk,toohk
Cree_Plains,C-P:3,w,w
Cree_Plains,C-P:4,w,w
Cree_Plains,C-P:5,wa·n‑,waan‑
Cree_Plains,C-P:5,wa·y‑,waay‑
Cree_Plains,C-P:2,wan‑,wan‑
Cree_Plains,C-P:2,wanāt‑,wanaat‑
Cree_Plains,C-P:1,wâp‑,waap‑
Cree_Plains,C-P:1,wâp‑,waap‑
Cree_Plains,C-P:2,wāp‑,waap‑
Cree_Plains,C-P:2,wāpi‑,waapi‑
Cree_Plains,C-P:2,wāpisk‑,waapisk‑
Cree_Plains,C-P:3,wās,waas
Cree_Plains,C-P:1,wêp‑,weep‑
Cree_Plains,C-P:2,wēp‑,weep‑
Cree_Plains,C-P:2,wēp‑,weep‑
Cree_Plains,C-P:1,wî‑,wii‑
Cree_Plains,C-P:1,wiyat‑,wiyat‑
Cree_Plains,C-P:6,yāskwē,yaaskwee
Cree_Plains,C-P:3,yīkw,yiikw
Cree_Plains,C-P:3,zero,zero
Cree_Plains,C-P:1,,
Cree_Plains,C-P:1,,
Cree_Plains,C-P:1,,
Cree_Plains,C-P:1,,
Cree_Plains,C-P:1,,
Cree_Plains,C-P:1,,
Cree_Plains,C-P:1,,
Cree_Plains,C-P:1,,
Cree_Plains,C-P:1,,
Cree_Plains,C-P:1,,
Cree_Plains,C-P:1,,
Cree_Plains,C-P:1,,
Cree_Plains,C-P:1,,
Cree_Plains,C-P:1,,
Cree_Plains,C-P:1,,
Cree_Plains,C-P:1,,
Cree_Plains,C-P:1,,
Cree_Plains,C-P:1,,
Cree_Plains,C-P:3,,
Cree_Plains,C-P:3,,
Cree_Plains,C-P:3,,
Cree_Plains,C-P:3,,
Cree_Plains,C-P:3,,
Cree_Plains,C-P:3,,
Cree_Plains,C-P:3,,
Cree_Plains,C-P:3,,
Cree_Plains,C-P:3,,
Cree_Plains,C-P:3,,
Cree_Plains,C-P:3,,
Cree_Plains,C-P:1,,
Cree_Plains,C-P:1,,
Cree_Plains,C-P:1,,
Cree_Plains,C-P:2,,
Cree_Plains,C-P:2,,
Cree_Plains,C-P:2,,
Cree_Plains,C-P:2,,
Cree_Plains,C-P:1,,
Cree_Plains,C-P:1,,
Cree_Plains,C-P:1,,
Cree_Plains,C-P:1,,
Cree_Plains,C-P:1,,
