Ojibwe_Odawa,OJ:6,‑(i)bato:,‑(i)pat·oo
Ojibwe_Odawa,OJ:6,‑(i)bi‑,‑(i)pi‑
Ojibwe_Odawa,OJ:6,‑(i)bi‑,‑(i)pi‑
Ojibwe_Odawa,OJ:6,‑(i)bi:g‑,‑(i)piik‑
Ojibwe_Odawa,OJ:6,‑(i)bi:h‑,‑(i)piih‑
Ojibwe_Odawa,OJ:6,‑(i)bimide:(w)‑,‑(i)pimitee(w)‑
Ojibwe_Odawa,OJ:6,‑(i)bo:‑,‑(i)poo‑
Ojibwe_Odawa,OJ:6,‑(i)d‑,‑(i)t‑
Ojibwe_Odawa,OJ:6,‑(i)do:n‑,‑(i)toon‑
Ojibwe_Odawa,OJ:6,‑(i)ga:bawi‑,‑(i)kaapawi‑
Ojibwe_Odawa,OJ:6,‑(i)ga:d‑,‑(i)kaat‑
Ojibwe_Odawa,OJ:6,‑(i)gwa‑,‑(i)kwa‑
Ojibwe_Odawa,OJ:6,‑(i)ja:n‑,‑(i)čaan‑
Ojibwe_Odawa,OJ:6,‑(i)ji‑,‑(i)či‑
Ojibwe_Odawa,OJ:6,‑(i)jiw,‑(i)čiw
Ojibwe_Odawa,OJ:6,‑(i)ke:‑,‑(i)k·ee‑
Ojibwe_Odawa,OJ:6,‑(i)ko‑,‑(i)k·o‑
Ojibwe_Odawa,OJ:6,‑(i)kwe‑,‑(i)k·we‑
Ojibwe_Odawa,OJ:6,‑(i)mi:jim‑,‑(i)miičim‑
Ojibwe_Odawa,OJ:6,‑(i)na:gan‑,‑(i)naakan‑
Ojibwe_Odawa,OJ:6,‑(i)ndib‑,‑(i)ntip‑
Ojibwe_Odawa,OJ:6,‑(i)nik‑,‑(i)nik·‑
Ojibwe_Odawa,OJ:6,‑(i)nike:‑,‑(i)nik·ee‑
Ojibwe_Odawa,OJ:6,‑(i)ninji‑,‑(i)ninči‑
Ojibwe_Odawa,OJ:6,‑(i)s‑,‑(i)s·‑
Ojibwe_Odawa,OJ:6,‑(i)s‑,‑(i)s·‑
Ojibwe_Odawa,OJ:6,‑(i)se:‑,‑(i)s·ee‑
Ojibwe_Odawa,OJ:6,‑(i)šk‑,‑(i)s·̌k·‑
Ojibwe_Odawa,OJ:6,‑(i)ta:‑,‑(i)t·aa‑
Ojibwe_Odawa,OJ:6,‑(i)wi‑,‑(i)wi‑
Ojibwe_Odawa,OJ:6,‑(i)zid‑,‑(i)sit‑
Ojibwe_Odawa,OJ:6,‑(o)h‑,‑(o)h‑
Ojibwe_Odawa,OJ:6,‑∅,‑∅
Ojibwe_Odawa,OJ:6,‑∅,‑∅
Ojibwe_Odawa,OJ:3,‑∅,‑∅
Ojibwe_Odawa,OJ:5,‑ā,‑aa
Ojibwe_Odawa,OJ:5,‑ā‑,‑aa‑
Ojibwe_Odawa,OJ:6,‑a:,‑aa
Ojibwe_Odawa,OJ:6,‑a:bi:g‑,‑aapiik‑
Ojibwe_Odawa,OJ:6,‑a:bik‑,‑aapik·‑
Ojibwe_Odawa,OJ:6,‑a:bikw‑,‑aapik·w‑
Ojibwe_Odawa,OJ:6,‑a:daga:,‑aatakaa
Ojibwe_Odawa,OJ:6,‑a:h‑,‑aah‑
Ojibwe_Odawa,OJ:6,‑a:kiz‑,‑aak·is‑
Ojibwe_Odawa,OJ:6,‑a:kizam‑,‑aak·isam‑
Ojibwe_Odawa,OJ:6,‑a:kizw‑,‑aak·isw‑
Ojibwe_Odawa,OJ:6,‑a:kw‑,‑aak·w‑
Ojibwe_Odawa,OJ:6,‑a:kw‑,‑aak·w‑
Ojibwe_Odawa,OJ:6,‑a:kw‑,‑aak·w‑
Ojibwe_Odawa,OJ:6,‑a:ndawe:,‑aantawee
Ojibwe_Odawa,OJ:6,‑a:pi,‑aap·i
Ojibwe_Odawa,OJ:6,‑a:s‑,‑aas·‑
Ojibwe_Odawa,OJ:6,‑a:ši,‑aas·̌i
Ojibwe_Odawa,OJ:6,‑a:sin,‑aas·in
Ojibwe_Odawa,OJ:6,‑a:wah‑,‑aawah‑
Ojibwe_Odawa,OJ:3,‑aabiig‑,‑aapiik‑
Ojibwe_Odawa,OJ:3,‑aaboo,‑aapoo
Ojibwe_Odawa,OJ:3,‑aagam‑,‑aakam‑
Ojibwe_Odawa,OJ:3,‑aakw‑,‑aak·w‑
Ojibwe_Odawa,OJ:3,‑aashi,‑aaš·i
Ojibwe_Odawa,OJ:3,‑aawigan‑,‑aawikan‑
Ojibwe_Odawa,OJ:6,‑abino:ji:nh‑,‑apinoočiinh‑
Ojibwe_Odawa,OJ:5,‑āciwan,‑aačiwan
Ojibwe_Odawa,OJ:6,‑ad,‑at
Ojibwe_Odawa,OJ:6,‑ag,‑ak
Ojibwe_Odawa,OJ:3,‑agah‑,‑akah‑
Ojibwe_Odawa,OJ:6,‑agana:m‑,‑akanaam‑
Ojibwe_Odawa,OJ:6,‑agana:ndam‑,‑akanaantam‑
Ojibwe_Odawa,OJ:3,‑aganaam‑,‑akanaam‑
Ojibwe_Odawa,OJ:6,‑agim,‑akim
Ojibwe_Odawa,OJ:6,‑ah‑,‑ah‑
Ojibwe_Odawa,OJ:3,‑ah‑,‑ah‑
Ojibwe_Odawa,OJ:6,‑ah(w),‑ah(w)
Ojibwe_Odawa,OJ:6,‑aham‑,‑aham‑
Ojibwe_Odawa,OJ:6,‑ahw‑,‑ahw‑
Ojibwe_Odawa,OJ:5,‑ak‑,‑ak‑
Ojibwe_Odawa,OJ:5,‑akkwē‑,‑ak·wee‑
Ojibwe_Odawa,OJ:6,‑akožiwe:,‑ak·ošiwee
Ojibwe_Odawa,OJ:6,‑am,‑am
Ojibwe_Odawa,OJ:6,‑am‑,‑am‑
Ojibwe_Odawa,OJ:6,‑am‑,‑am‑
Ojibwe_Odawa,OJ:3,‑am‑,‑am‑
Ojibwe_Odawa,OJ:3,‑am‑,‑am‑
Ojibwe_Odawa,OJ:6,‑amaw,‑amaw
Ojibwe_Odawa,OJ:6,‑an,‑an
Ojibwe_Odawa,OJ:6,‑an,‑an
Ojibwe_Odawa,OJ:6,‑andam‑,‑antam‑
Ojibwe_Odawa,OJ:6,‑anoki:,‑anok·ii
Ojibwe_Odawa,OJ:9,‑apide,‑ap·itee
Ojibwe_Odawa,OJ:9,‑apidō,‑ap·itō
Ojibwe_Odawa,OJ:5,‑āpikk‑,‑āpik·‑
Ojibwe_Odawa,OJ:9,‑apin,‑ap·in
Ojibwe_Odawa,OJ:6,‑apini‑,‑ap·ini‑
Ojibwe_Odawa,OJ:9,‑apizo,‑ap·iso
Ojibwe_Odawa,OJ:6,‑asabi‑,‑as·api‑
Ojibwe_Odawa,OJ:9,‑āši,‑ās·̌i
Ojibwe_Odawa,OJ:9,‑āsidǒ,‑ās·itǒ
Ojibwe_Odawa,OJ:9,‑āšim,‑ās·̌im
Ojibwe_Odawa,OJ:9,‑āsin,‑ās·in
Ojibwe_Odawa,OJ:6,‑aškikiw‑,‑as·̌k·ik·iw‑
Ojibwe_Odawa,OJ:6,‑aškw‑,‑as·̌k·w‑
Ojibwe_Odawa,OJ:5,‑at‑,‑at‑
Ojibwe_Odawa,OJ:5,‑ātt‑,‑aat·‑
Ojibwe_Odawa,OJ:6,‑aw‑,‑aw‑
Ojibwe_Odawa,OJ:6,‑ayaa,‑ayaa
Ojibwe_Odawa,OJ:3,‑azh‑,‑aš‑
Ojibwe_Odawa,OJ:6,‑bah,‑pah
Ojibwe_Odawa,OJ:6,‑bah‑,‑pah‑
Ojibwe_Odawa,OJ:3,‑bi,‑pi
Ojibwe_Odawa,OJ:6,‑bi,‑pi
Ojibwe_Odawa,OJ:6,‑bi‑,‑pi‑
Ojibwe_Odawa,OJ:6,‑bi‑,‑pi‑
Ojibwe_Odawa,OJ:3,‑bi‑,‑pi‑
Ojibwe_Odawa,OJ:3,‑bi‑,‑pi‑
Ojibwe_Odawa,OJ:6,‑bi:gw‑,‑piikw‑
Ojibwe_Odawa,OJ:6,‑bibo:n‑,‑pipoon‑
Ojibwe_Odawa,OJ:6,‑bide:,‑pitee
Ojibwe_Odawa,OJ:6,‑bido:‑,‑pitoo‑
Ojibwe_Odawa,OJ:6,‑bido:‑,‑pitoo‑
Ojibwe_Odawa,OJ:3,‑bikwan‑,‑pik·wan‑
Ojibwe_Odawa,OJ:6,‑bin‑,‑pin‑
Ojibwe_Odawa,OJ:6,‑bin‑,‑pin‑
Ojibwe_Odawa,OJ:3,‑bizo,‑piso
Ojibwe_Odawa,OJ:6,‑bizo,‑piso
Ojibwe_Odawa,OJ:6,‑bo:do‑,‑pooto‑
Ojibwe_Odawa,OJ:6,‑bo:do‑,‑pooto‑
Ojibwe_Odawa,OJ:6,‑bo:n‑,‑poon‑
Ojibwe_Odawa,OJ:6,‑bo:n‑,‑poon‑
Ojibwe_Odawa,OJ:1,‑ča·N‑,‑č̌aaN‑
Ojibwe_Odawa,OJ:6,‑d,‑t
Ojibwe_Odawa,OJ:3,‑d‑,‑t‑
Ojibwe_Odawa,OJ:6,‑da:ba:dam‑,‑taapaatam‑
Ojibwe_Odawa,OJ:6,‑da:ba:n‑,‑taapaan‑
Ojibwe_Odawa,OJ:6,‑da:bi:,‑taapii
Ojibwe_Odawa,OJ:3,‑daamikan‑,‑taamik·an‑
Ojibwe_Odawa,OJ:3,‑de,‑tee
Ojibwe_Odawa,OJ:6,‑de:,‑tee
Ojibwe_Odawa,OJ:3,‑deh‑,‑teeh‑
Ojibwe_Odawa,OJ:3,‑dinamaangan‑,‑tinamaankan‑
Ojibwe_Odawa,OJ:3,‑doondan‑,‑toontan‑
Ojibwe_Odawa,OJ:3,‑dooskwan‑,‑toos·k·wan‑
Ojibwe_Odawa,OJ:3,‑e,‑ee
Ojibwe_Odawa,OJ:5,‑ē‑,‑ee‑
Ojibwe_Odawa,OJ:5,‑ē‑,‑ee‑
Ojibwe_Odawa,OJ:5,‑ē‑,‑ee‑
Ojibwe_Odawa,OJ:6,‑e:‑,‑ee‑
Ojibwe_Odawa,OJ:6,‑e:g‑,‑eek‑
Ojibwe_Odawa,OJ:6,‑e:ndi,‑eenti
Ojibwe_Odawa,OJ:3,‑enim‑,‑eenim‑
Ojibwe_Odawa,OJ:3,‑gaad‑,‑kaat‑
Ojibwe_Odawa,OJ:3,‑gaakigan‑,‑kaak·ikan‑
Ojibwe_Odawa,OJ:6,‑gah‑,‑kah‑
Ojibwe_Odawa,OJ:6,‑gaham‑,‑kaham‑
Ojibwe_Odawa,OJ:6,‑gahw‑,‑kahw‑
Ojibwe_Odawa,OJ:3,‑gam‑,‑kam‑
Ojibwe_Odawa,OJ:3,‑gan,‑kan
Ojibwe_Odawa,OJ:3,‑gi,‑ki
Ojibwe_Odawa,OJ:6,‑gi:we:,‑kiiwee
Ojibwe_Odawa,OJ:6,‑gi:zisw‑,‑kiisis·w‑
Ojibwe_Odawa,OJ:3,‑gik‑,‑kik·‑
Ojibwe_Odawa,OJ:6,‑gitigw‑,‑kit·ikw‑
Ojibwe_Odawa,OJ:6,‑giža:‑,‑kišaa‑
Ojibwe_Odawa,OJ:6,‑h‑,‑h‑
Ojibwe_Odawa,OJ:6,‑h‑,‑h‑
Ojibwe_Odawa,OJ:3,‑hke,‑hk·ee
Ojibwe_Odawa,OJ:3,‑i,‑i
Ojibwe_Odawa,OJ:3,‑i,‑i
Ojibwe_Odawa,OJ:6,‑idi,‑iti
Ojibwe_Odawa,OJ:6,‑igw‑,‑ikw‑
Ojibwe_Odawa,OJ:3,‑ih‑,‑ih‑
Ojibwe_Odawa,OJ:3,‑iingw‑,‑iinkw‑
Ojibwe_Odawa,OJ:6,‑ikw‑,‑ik·w‑
Ojibwe_Odawa,OJ:3,‑im,‑im
Ojibwe_Odawa,OJ:6,‑imo‑,‑imo‑
Ojibwe_Odawa,OJ:3,‑in,‑in
Ojibwe_Odawa,OJ:6,‑in,‑in
Ojibwe_Odawa,OJ:5,‑in‑,‑in‑
Ojibwe_Odawa,OJ:6,‑in‑,‑in‑
Ojibwe_Odawa,OJ:3,‑in‑,‑in‑
Ojibwe_Odawa,OJ:3,‑ǐn‑,‑ǐn‑
Ojibwe_Odawa,OJ:6,‑inam‑,‑inam‑
Ojibwe_Odawa,OJ:6,‑ingwa:m,‑inkwaam
Ojibwe_Odawa,OJ:3,‑is‑,‑is·‑
Ojibwe_Odawa,OJ:3,‑ishk‑,‑iš·k·‑
Ojibwe_Odawa,OJ:5,‑isi‑,‑isi‑
Ojibwe_Odawa,OJ:6,‑iši‑,‑is·̌i‑
Ojibwe_Odawa,OJ:5,‑išiwēp‑,‑išiweep‑
Ojibwe_Odawa,OJ:5,‑it‑,‑it‑
Ojibwe_Odawa,OJ:5,‑it‑,‑it‑
Ojibwe_Odawa,OJ:6,‑iz‑,‑is‑
Ojibwe_Odawa,OJ:3,‑iz‑,‑is‑
Ojibwe_Odawa,OJ:6,‑iž‑,‑iš‑
Ojibwe_Odawa,OJ:6,‑izam‑,‑isam‑
Ojibwe_Odawa,OJ:6,‑ižam‑,‑išam‑
Ojibwe_Odawa,OJ:3,‑izh‑,‑iš‑
Ojibwe_Odawa,OJ:6,‑izi,‑isi
Ojibwe_Odawa,OJ:3,‑izi‑,‑isi‑
Ojibwe_Odawa,OJ:6,‑izw‑,‑isw‑
Ojibwe_Odawa,OJ:6,‑ižw‑,‑išw‑
Ojibwe_Odawa,OJ:6,‑jiwan,‑čiwan
Ojibwe_Odawa,OJ:6,‑k‑,‑k·‑
Ojibwe_Odawa,OJ:6,‑k‑,‑k·‑
Ojibwe_Odawa,OJ:6,‑ka:,‑k·aa
Ojibwe_Odawa,OJ:6,‑ka:zo,‑k·aaso
Ojibwe_Odawa,OJ:1,‑ka·pawi‑,‑kaapawi‑
Ojibwe_Odawa,OJ:3,‑kaa,‑k·aa
Ojibwe_Odawa,OJ:3,‑kaazoo,‑k·aasoo
Ojibwe_Odawa,OJ:6,‑kam‑,‑k·am‑
Ojibwe_Odawa,OJ:6,‑kam‑,‑k·am‑
Ojibwe_Odawa,OJ:6,‑kaw‑,‑k·aw‑
Ojibwe_Odawa,OJ:6,‑kaw‑,‑k·aw‑
Ojibwe_Odawa,OJ:6,‑kawe:,‑k·awee
Ojibwe_Odawa,OJ:3,‑ke,‑k·ee
Ojibwe_Odawa,OJ:5,‑kkot‑,‑k·ot‑
Ojibwe_Odawa,OJ:6,‑ko‑,‑k·o‑
Ojibwe_Odawa,OJ:6,‑kodam‑,‑k·otam‑
Ojibwe_Odawa,OJ:6,‑kon‑,‑k·on‑
Ojibwe_Odawa,OJ:5,‑konak‑,‑konak‑
Ojibwe_Odawa,OJ:6,‑m‑,‑m‑
Ojibwe_Odawa,OJ:6,‑m‑,‑m‑
Ojibwe_Odawa,OJ:5,‑mak‑,‑mak‑
Ojibwe_Odawa,OJ:6,‑makizin‑,‑mak·isin‑
Ojibwe_Odawa,OJ:6,‑maškikiw‑,‑mas·̌k·ik·iw‑
Ojibwe_Odawa,OJ:3,‑mo,‑mo
Ojibwe_Odawa,OJ:6,‑mo,‑mo
Ojibwe_Odawa,OJ:6,‑mogosk‑,‑mokos·k·‑
Ojibwe_Odawa,OJ:6,‑n,‑n
Ojibwe_Odawa,OJ:6,‑n‑,‑n‑
Ojibwe_Odawa,OJ:3,‑N‑,‑N‑
Ojibwe_Odawa,OJ:6,‑na:škaw‑,‑naas·̌k·aw‑
Ojibwe_Odawa,OJ:6,‑ndam‑,‑ntam‑
Ojibwe_Odawa,OJ:6,‑ndibe:‑,‑ntipee‑
Ojibwe_Odawa,OJ:3,‑nik‑,‑nik·‑
Ojibwe_Odawa,OJ:3,‑ningwiihigan‑,‑ninkwiihikan‑
Ojibwe_Odawa,OJ:6,‑ns,‑ns·
Ojibwe_Odawa,OJ:3,‑nswi,‑ns·wi
Ojibwe_Odawa,OJ:6,‑o:,‑oo
Ojibwe_Odawa,OJ:6,‑o:de:,‑ootee
Ojibwe_Odawa,OJ:6,‑o:m‑,‑oom‑
Ojibwe_Odawa,OJ:6,‑o:ndam‑,‑oontam‑
Ojibwe_Odawa,OJ:3,‑os‑,‑os·‑
Ojibwe_Odawa,OJ:6,‑ose:,‑os·ee
Ojibwe_Odawa,OJ:6,‑p‑,‑p·‑
Ojibwe_Odawa,OJ:5,‑pipōnak‑,‑pipoonak‑
Ojibwe_Odawa,OJ:5,‑pīss‑,‑piis·‑
Ojibwe_Odawa,OJ:5,‑pit‑,‑pit‑
Ojibwe_Odawa,OJ:6,‑š,‑s·̌
Ojibwe_Odawa,OJ:6,‑s‑,‑s·‑
Ojibwe_Odawa,OJ:6,‑s‑,‑s·‑
Ojibwe_Odawa,OJ:6,‑sag‑,‑s·ak‑
Ojibwe_Odawa,OJ:6,‑sah‑,‑s·ah‑
Ojibwe_Odawa,OJ:6,‑sato:‑,‑s·at·oo‑
Ojibwe_Odawa,OJ:3,‑shki,‑š·k·i
Ojibwe_Odawa,OJ:3,‑shkiinzhigw‑,‑š·k·iinšikw‑
Ojibwe_Odawa,OJ:6,‑sido:‑,‑s·itoo‑
Ojibwe_Odawa,OJ:6,‑šim‑,‑s·̌im‑
Ojibwe_Odawa,OJ:6,‑sk‑,‑s·k·‑
Ojibwe_Odawa,OJ:6,‑šk‑,‑s·̌k·‑
Ojibwe_Odawa,OJ:6,‑ška,‑s·̌k·a
Ojibwe_Odawa,OJ:6,‑ška:,‑s·̌k·aa
Ojibwe_Odawa,OJ:6,‑ška:,‑s·̌k·aa
Ojibwe_Odawa,OJ:6,‑skam‑,‑s·k·am‑
Ojibwe_Odawa,OJ:6,‑škam‑,‑s·̌k·am‑
Ojibwe_Odawa,OJ:6,‑skaw‑,‑s·k·aw‑
Ojibwe_Odawa,OJ:6,‑škaw‑,‑s·̌k·aw‑
Ojibwe_Odawa,OJ:6,‑t‑,‑t·‑
Ojibwe_Odawa,OJ:6,‑to:‑,‑t·oo‑
Ojibwe_Odawa,OJ:3,‑toog‑,‑t·ook‑
Ojibwe_Odawa,OJ:3,‑w,‑w
Ojibwe_Odawa,OJ:3,‑w,‑w
Ojibwe_Odawa,OJ:6,‑wa:bi,‑waapi
Ojibwe_Odawa,OJ:6,‑wad,‑wat
Ojibwe_Odawa,OJ:6,‑wad‑,‑wat‑
Ojibwe_Odawa,OJ:3,‑wi‑,‑wi‑
Ojibwe_Odawa,OJ:6,‑wi:wikwa:n‑,‑wiiwik·waan‑
Ojibwe_Odawa,OJ:6,‑wido:‑,‑witoo‑
Ojibwe_Odawa,OJ:3,‑wiisiny‑,‑wiis·iny‑
Ojibwe_Odawa,OJ:3,‑win,‑win
Ojibwe_Odawa,OJ:6,‑win‑,‑win‑
Ojibwe_Odawa,OJ:6,‑ya:,‑yaa
Ojibwe_Odawa,OJ:3,‑yaa‑,‑yaa‑
Ojibwe_Odawa,OJ:3,‑zi,‑si
Ojibwe_Odawa,OJ:3,‑zo,‑so
Ojibwe_Odawa,OJ:6,‑zo,‑so
Ojibwe_Odawa,OJ:3,‑zo‑,‑so‑
Ojibwe_Odawa,OJ:6,‑žo:niya:‑,‑šooniyaa‑
Ojibwe_Odawa,OJ:6,(na:)ni:bawi,(naa)niipawi
Ojibwe_Odawa,OJ:9,∅,∅
Ojibwe_Odawa,OJ:3,∅‑,∅‑
Ojibwe_Odawa,OJ:9,ā,ā
Ojibwe_Odawa,OJ:5,ā,aa
Ojibwe_Odawa,OJ:5,ā,ā
Ojibwe_Odawa,OJ:5,ā,aa
Ojibwe_Odawa,OJ:5,ā,aa
Ojibwe_Odawa,OJ:6,a:gami,aakami
Ojibwe_Odawa,OJ:6,a:naw‑,aanaw‑
Ojibwe_Odawa,OJ:6,a:niko:‑,aanik·oo‑
Ojibwe_Odawa,OJ:6,a:pid‑,aap·it‑
Ojibwe_Odawa,OJ:6,a:tawa:‑,aat·awaa‑
Ojibwe_Odawa,OJ:6,a:tigw,aat·ikw
Ojibwe_Odawa,OJ:6,a:žigid‑,aašikit‑
Ojibwe_Odawa,OJ:1,a·paˀw,aapaˀw
Ojibwe_Odawa,OJ:3,aabad‑,aapat‑
Ojibwe_Odawa,OJ:3,aakw‑,aak·w‑
Ojibwe_Odawa,OJ:3,ab‑,ap‑
Ojibwe_Odawa,OJ:3,ab‑,ap‑
Ojibwe_Odawa,OJ:6,abwe‑,apwe‑
Ojibwe_Odawa,OJ:9,adah‑,atah‑
Ojibwe_Odawa,OJ:6,aga:c‑,akaač·‑
Ojibwe_Odawa,OJ:3,agaach‑,akaač·‑
Ojibwe_Odawa,OJ:3,agaas‑,akaas·‑
Ojibwe_Odawa,OJ:9,agah‑,akah‑
Ojibwe_Odawa,OJ:9,agaham,akaham
Ojibwe_Odawa,OJ:9,agahw,akahw
Ojibwe_Odawa,OJ:9,aganām,akanām
Ojibwe_Odawa,OJ:9,aganām‑,akanām‑
Ojibwe_Odawa,OJ:9,aganāndam,akanāntam
Ojibwe_Odawa,OJ:6,agid‑,akit‑
Ojibwe_Odawa,OJ:3,agim‑,akim‑
Ojibwe_Odawa,OJ:6,agwa:‑,akwaa‑
Ojibwe_Odawa,OJ:3,agwaa‑,akwaa‑
Ojibwe_Odawa,OJ:9,ah,ah
Ojibwe_Odawa,OJ:9,ah‑,ah‑
Ojibwe_Odawa,OJ:9,aha‑,aha‑
Ojibwe_Odawa,OJ:9,ahadō,ahatō
Ojibwe_Odawa,OJ:9,aham,aham
Ojibwe_Odawa,OJ:9,aham,aham
Ojibwe_Odawa,OJ:9,ahaN,ahaN
Ojibwe_Odawa,OJ:9,aho,aho
Ojibwe_Odawa,OJ:9,āk,āk·
Ojibwe_Odawa,OJ:5,akācc,akaač·
Ojibwe_Odawa,OJ:5,akāccatē,akaač·atee
Ojibwe_Odawa,OJ:5,akāccitē,akaač·itee
Ojibwe_Odawa,OJ:6,akajig‑,ak·ačik‑
Ojibwe_Odawa,OJ:5,ākam,aakam
Ojibwe_Odawa,OJ:5,ākami,aakami
Ojibwe_Odawa,OJ:5,akint,akint
Ojibwe_Odawa,OJ:9,ākiz‑,āk·is‑
Ojibwe_Odawa,OJ:9,ākizam,āk·isam
Ojibwe_Odawa,OJ:9,ākizw,āk·isw
Ojibwe_Odawa,OJ:5,akkacik,ak·ačik
Ojibwe_Odawa,OJ:5,akkamik,ak·amik
Ojibwe_Odawa,OJ:5,akkamik,ak·amik
Ojibwe_Odawa,OJ:5,akkamik,ak·amik
Ojibwe_Odawa,OJ:5,akkamik,ak·amik
Ojibwe_Odawa,OJ:5,ākkawāt,aak·awaat
Ojibwe_Odawa,OJ:5,akkon,ak·on
Ojibwe_Odawa,OJ:5,akkw,ak·w
Ojibwe_Odawa,OJ:5,akkw,ak·w
Ojibwe_Odawa,OJ:5,ākkw,aak·w
Ojibwe_Odawa,OJ:5,ākkw,aak·w
Ojibwe_Odawa,OJ:5,ākkwē,aak·wee
Ojibwe_Odawa,OJ:5,ākkwē,aak·wee
Ojibwe_Odawa,OJ:5,akokk,akok·
Ojibwe_Odawa,OJ:5,ākon,aakon
Ojibwe_Odawa,OJ:5,ākonak,aakonak
Ojibwe_Odawa,OJ:5,ākonak,aakonak
Ojibwe_Odawa,OJ:5,akōt,akoot
Ojibwe_Odawa,OJ:5,akōt,akoot
Ojibwe_Odawa,OJ:6,akw‑,ak·w‑
Ojibwe_Odawa,OJ:5,akwā,akwaa
Ojibwe_Odawa,OJ:5,akwint,akwint
Ojibwe_Odawa,OJ:5,akwīnt,akwiint
Ojibwe_Odawa,OJ:5,akwīnt,akwiint
Ojibwe_Odawa,OJ:5,akwīt,akwīt
Ojibwe_Odawa,OJ:9,am,am
Ojibwe_Odawa,OJ:3,am‑,am‑
Ojibwe_Odawa,OJ:5,amo,amo
Ojibwe_Odawa,OJ:6,ana:m‑,anaam‑
Ojibwe_Odawa,OJ:5,anakk,anak·
Ojibwe_Odawa,OJ:9,andam,antam
Ojibwe_Odawa,OJ:9,anem‑,aneem‑
Ojibwe_Odawa,OJ:9,anemdam,aneemtam
Ojibwe_Odawa,OJ:5,anikāw,anikaaw
Ojibwe_Odawa,OJ:5,ānikkō,aanik·oo
Ojibwe_Odawa,OJ:5,anikokkw,anikok·w
Ojibwe_Odawa,OJ:5,anikw,anikw
Ojibwe_Odawa,OJ:5,ānim,ānim
Ojibwe_Odawa,OJ:6,anim‑,anim‑
Ojibwe_Odawa,OJ:5,animikkī,animik·ī
Ojibwe_Odawa,OJ:6,animiko:‑,animik·oo‑
Ojibwe_Odawa,OJ:6,animw‑,animw‑
Ojibwe_Odawa,OJ:5,ānkot,aankot
Ojibwe_Odawa,OJ:3,ano(o)‑,ano(o)‑
Ojibwe_Odawa,OJ:5,anokky,anok·y
Ojibwe_Odawa,OJ:5,ānš,aanš
Ojibwe_Odawa,OJ:5,ānt,aant
Ojibwe_Odawa,OJ:5,ānt,aant
Ojibwe_Odawa,OJ:5,āpan,aapan
Ojibwe_Odawa,OJ:5,āpan,āpan
Ojibwe_Odawa,OJ:5,āpat,aapat
Ojibwe_Odawa,OJ:5,āpat,āpat
Ojibwe_Odawa,OJ:5,āpat,aapat
Ojibwe_Odawa,OJ:5,āpatt,aapat·
Ojibwe_Odawa,OJ:5,āpatt,aapat·
Ojibwe_Odawa,OJ:5,āpāw,aapaaw
Ojibwe_Odawa,OJ:5,āpī,aapii
Ojibwe_Odawa,OJ:5,āpī,aapii
Ojibwe_Odawa,OJ:6,api:t‑,ap·iit·‑
Ojibwe_Odawa,OJ:5,āpīk,aapiik
Ojibwe_Odawa,OJ:5,āpīk,aapiik
Ojibwe_Odawa,OJ:5,āpīk,aapiik
Ojibwe_Odawa,OJ:5,āpīk,aapiik
Ojibwe_Odawa,OJ:5,āpikk,aapik·
Ojibwe_Odawa,OJ:5,āpikkw,aapik·w
Ojibwe_Odawa,OJ:5,āpot,aapot
Ojibwe_Odawa,OJ:5,āpōt,aapoot
Ojibwe_Odawa,OJ:5,āpōt,aapoot
Ojibwe_Odawa,OJ:5,āpōt,aapoot
Ojibwe_Odawa,OJ:5,appakat,ap·akat
Ojibwe_Odawa,OJ:5,appīcc,ap·iič·
Ojibwe_Odawa,OJ:5,appit,ap·it
Ojibwe_Odawa,OJ:5,appit,ap·it
Ojibwe_Odawa,OJ:5,appitt,ap·it·
Ojibwe_Odawa,OJ:5,appītt,ap·iit·
Ojibwe_Odawa,OJ:5,āpw,aapw
Ojibwe_Odawa,OJ:5,apy,apy
Ojibwe_Odawa,OJ:5,āpy,aapy
Ojibwe_Odawa,OJ:5,āpy,aapy
Ojibwe_Odawa,OJ:9,aq,aq
Ojibwe_Odawa,OJ:9,ās‑,ās·‑
Ojibwe_Odawa,OJ:6,ašam‑,as·̌am‑
Ojibwe_Odawa,OJ:6,ašawe:‑,as·̌awee‑
Ojibwe_Odawa,OJ:5,ašk,ašk
Ojibwe_Odawa,OJ:5,āšk,āšk
Ojibwe_Odawa,OJ:5,āšk,aašk
Ojibwe_Odawa,OJ:5,aškwā,aškwaa
Ojibwe_Odawa,OJ:6,aškwa:‑,as·̌k·waa‑
Ojibwe_Odawa,OJ:9,āso,ās·o
Ojibwe_Odawa,OJ:6,ašp‑,as·̌p·‑
Ojibwe_Odawa,OJ:5,āss,aas·
Ojibwe_Odawa,OJ:5,āss,aas·
Ojibwe_Odawa,OJ:5,aššawē,aššawē
Ojibwe_Odawa,OJ:5,aššawē‑,aš·awee‑
Ojibwe_Odawa,OJ:5,at,at
Ojibwe_Odawa,OJ:5,at,at
Ojibwe_Odawa,OJ:5,at,at
Ojibwe_Odawa,OJ:5,at,at
Ojibwe_Odawa,OJ:5,āt,aat
Ojibwe_Odawa,OJ:9,āte,āt·ee
Ojibwe_Odawa,OJ:5,atin,atin
Ojibwe_Odawa,OJ:5,att,at·
Ojibwe_Odawa,OJ:5,att,at·
Ojibwe_Odawa,OJ:5,att,at·
Ojibwe_Odawa,OJ:5,att,at·
Ojibwe_Odawa,OJ:5,ātt,aat·
Ojibwe_Odawa,OJ:5,ātt,aat·
Ojibwe_Odawa,OJ:5,ātt,aat·
Ojibwe_Odawa,OJ:5,ātt,aat·
Ojibwe_Odawa,OJ:5,āttawā,aat·awaa
Ojibwe_Odawa,OJ:5,āttawā‑,aat·awaa‑
Ojibwe_Odawa,OJ:9,aw,aw
Ojibwe_Odawa,OJ:9,awa,awa
Ojibwe_Odawa,OJ:5,awan,awan
Ojibwe_Odawa,OJ:5,āwas,aawas
Ojibwe_Odawa,OJ:6,ba:k‑,paak·‑
Ojibwe_Odawa,OJ:6,ba:pi,paap·i
Ojibwe_Odawa,OJ:6,ba:s‑,paas·‑
Ojibwe_Odawa,OJ:6,ba:šk‑,paas·̌k·‑
Ojibwe_Odawa,OJ:6,ba:zagw‑,paasakw‑
Ojibwe_Odawa,OJ:6,baba:m‑,papaam‑
Ojibwe_Odawa,OJ:6,badagw‑,patakw‑
Ojibwe_Odawa,OJ:6,bagid‑,pakit‑
Ojibwe_Odawa,OJ:6,bagone:‑,pakonee‑
Ojibwe_Odawa,OJ:6,bak‑,pak·‑
Ojibwe_Odawa,OJ:6,bake:‑,pak·ee‑
Ojibwe_Odawa,OJ:3,bakobii‑,pak·opii‑
Ojibwe_Odawa,OJ:6,bakwe:‑,pak·wee‑
Ojibwe_Odawa,OJ:3,bang‑,pank‑
Ojibwe_Odawa,OJ:6,be:ngw‑,peenkw‑
Ojibwe_Odawa,OJ:6,be:žigw‑,peešikw‑
Ojibwe_Odawa,OJ:3,bek‑,peek·‑
Ojibwe_Odawa,OJ:9,bi‑,pi‑
Ojibwe_Odawa,OJ:6,bi‑,pi‑
Ojibwe_Odawa,OJ:6,bi:‑,pii‑
Ojibwe_Odawa,OJ:6,bi:d‑,piit‑
Ojibwe_Odawa,OJ:6,bi:gw‑,piikw‑
Ojibwe_Odawa,OJ:6,bi:gw‑,piikw‑
Ojibwe_Odawa,OJ:6,bi:ndige:‑,piintikee‑
Ojibwe_Odawa,OJ:6,bi:w‑,piiw‑
Ojibwe_Odawa,OJ:6,biba:m‑,pipaam‑
Ojibwe_Odawa,OJ:9,bide,pitee
Ojibwe_Odawa,OJ:9,bidō,pitō
Ojibwe_Odawa,OJ:3,biin‑,piin‑
Ojibwe_Odawa,OJ:3,biis‑,piis·‑
Ojibwe_Odawa,OJ:6,bim‑,pim‑
Ojibwe_Odawa,OJ:6,bimo:m‑,pimoom‑
Ojibwe_Odawa,OJ:9,biN,piN
Ojibwe_Odawa,OJ:6,bisk‑,pis·k·‑
Ojibwe_Odawa,OJ:9,bizo,piso
Ojibwe_Odawa,OJ:3,bm‑,pm‑
Ojibwe_Odawa,OJ:9,bo‑,po‑
Ojibwe_Odawa,OJ:6,bo:kw‑,pook·w‑
Ojibwe_Odawa,OJ:6,bo:n‑,poon‑
Ojibwe_Odawa,OJ:9,bodō,potō
Ojibwe_Odawa,OJ:9,boN,poN
Ojibwe_Odawa,OJ:3,boodaakwe‑,pootaak·wee‑
Ojibwe_Odawa,OJ:3,bookw‑,pook·w‑
Ojibwe_Odawa,OJ:5,cāk,čaak
Ojibwe_Odawa,OJ:5,cī,čii
Ojibwe_Odawa,OJ:5,cīnkw,čiinkw
Ojibwe_Odawa,OJ:5,cīšiwak,čiišiwak
Ojibwe_Odawa,OJ:5,ciwan,čiwan
Ojibwe_Odawa,OJ:5,"curved, bent","čurved, bent"
Ojibwe_Odawa,OJ:9,d,t
Ojibwe_Odawa,OJ:6,da:ng‑,taank‑
Ojibwe_Odawa,OJ:6,da:šk‑,taas·̌k·‑
Ojibwe_Odawa,OJ:3,daashk‑,taaš·k·‑
Ojibwe_Odawa,OJ:9,dābādam,tāpātam
Ojibwe_Odawa,OJ:9,dābāN,tāpāN
Ojibwe_Odawa,OJ:9,dābī,tāpī
Ojibwe_Odawa,OJ:9,dābī‑,tāpī‑
Ojibwe_Odawa,OJ:6,dak‑,tak·‑
Ojibwe_Odawa,OJ:6,dakami‑,tak·ami‑
Ojibwe_Odawa,OJ:6,dakw‑,tak·w‑
Ojibwe_Odawa,OJ:6,dakw‑,tak·w‑
Ojibwe_Odawa,OJ:3,dakw‑,tak·w‑
Ojibwe_Odawa,OJ:3,dawk‑,tawk·‑
Ojibwe_Odawa,OJ:9,de,tee
Ojibwe_Odawa,OJ:6,de:w‑,teew‑
Ojibwe_Odawa,OJ:3,e,ee
Ojibwe_Odawa,OJ:5,ē,ee
Ojibwe_Odawa,OJ:5,ē,ee
Ojibwe_Odawa,OJ:5,ē,ē
Ojibwe_Odawa,OJ:5,ē,ee
Ojibwe_Odawa,OJ:6,e:n(im),een(im)
Ojibwe_Odawa,OJ:3,ee,eeee
Ojibwe_Odawa,OJ:5,ēk,eek
Ojibwe_Odawa,OJ:9,endāgozi,eentākosi
Ojibwe_Odawa,OJ:9,endāgwad,eentākwat
Ojibwe_Odawa,OJ:9,endam,eentam
Ojibwe_Odawa,OJ:9,enim,eenim
Ojibwe_Odawa,OJ:9,enim‑,eenim‑
Ojibwe_Odawa,OJ:5,ēntākw,eentaakw
Ojibwe_Odawa,OJ:6,ga:nd‑,kaant‑
Ojibwe_Odawa,OJ:6,ga:nd‑,kaant‑
Ojibwe_Odawa,OJ:6,ga:šk‑,kaas·̌k·‑
Ojibwe_Odawa,OJ:6,ga:t‑,kaat·‑
Ojibwe_Odawa,OJ:3,gagiib‑,kakiip‑
Ojibwe_Odawa,OJ:6,gagwe:d‑,kakweet‑
Ojibwe_Odawa,OJ:6,ganw‑,kanw‑
Ojibwe_Odawa,OJ:6,gašk‑,kas·̌k·‑
Ojibwe_Odawa,OJ:6,gaw‑,kaw‑
Ojibwe_Odawa,OJ:6,ge:b‑,keep‑
Ojibwe_Odawa,OJ:6,ge:zib‑,keesip‑
Ojibwe_Odawa,OJ:6,gi:n‑,kiin‑
Ojibwe_Odawa,OJ:6,gi:šk‑,kiis·̌k·‑
Ojibwe_Odawa,OJ:6,gi:t‑,kiit·‑
Ojibwe_Odawa,OJ:6,gi:w‑,kiiw‑
Ojibwe_Odawa,OJ:6,gi:wa:d‑,kiiwaat‑
Ojibwe_Odawa,OJ:6,gi:we:‑,kiiwee‑
Ojibwe_Odawa,OJ:6,gi:z‑,kiis‑
Ojibwe_Odawa,OJ:6,gi:ž‑,kiiš‑
Ojibwe_Odawa,OJ:6,gib‑,kip‑
Ojibwe_Odawa,OJ:3,giishk‑,kiiš·k·‑
Ojibwe_Odawa,OJ:3,ginag‑,kinak‑
Ojibwe_Odawa,OJ:3,ginw‑,kinw‑
Ojibwe_Odawa,OJ:6,giž‑,kiš‑
Ojibwe_Odawa,OJ:3,gizhiib‑,kišiip‑
Ojibwe_Odawa,OJ:6,gizi‑,kisi‑
Ojibwe_Odawa,OJ:6,gizi:‑,kisii‑
Ojibwe_Odawa,OJ:6,god‑,kot‑
Ojibwe_Odawa,OJ:6,goškw‑,kos·̌k·w‑
Ojibwe_Odawa,OJ:6,gwe:k‑,kweek·‑
Ojibwe_Odawa,OJ:5,h,h
Ojibwe_Odawa,OJ:5,h,h
Ojibwe_Odawa,OJ:5,ha,ha
Ojibwe_Odawa,OJ:5,i,i
Ojibwe_Odawa,OJ:6,i,i
Ojibwe_Odawa,OJ:9,ǐ,ǐ
Ojibwe_Odawa,OJ:5,ī,ii
Ojibwe_Odawa,OJ:5,ī,ii
Ojibwe_Odawa,OJ:3,i‑,i‑
Ojibwe_Odawa,OJ:9,id,it
Ojibwe_Odawa,OJ:9,ide,itee
Ojibwe_Odawa,OJ:5,ih,ih
Ojibwe_Odawa,OJ:9,ih,ih
Ojibwe_Odawa,OJ:9,ǐh‑,ǐh‑
Ojibwe_Odawa,OJ:5,īk,iik
Ojibwe_Odawa,OJ:5,īk,iik
Ojibwe_Odawa,OJ:5,īk,iik
Ojibwe_Odawa,OJ:5,īk,īk
Ojibwe_Odawa,OJ:5,īk,iik
Ojibwe_Odawa,OJ:9,ik‑,ik·‑
Ojibwe_Odawa,OJ:9,ikam,ik·am
Ojibwe_Odawa,OJ:5,ikam,ikam
Ojibwe_Odawa,OJ:9,ikaw,ik·aw
Ojibwe_Odawa,OJ:5,ikkitō,ik·itoo
Ojibwe_Odawa,OJ:5,ikkotān,ik·otaan
Ojibwe_Odawa,OJ:9,iko‑,ik·o‑
Ojibwe_Odawa,OJ:9,ikodam,ik·otam
Ojibwe_Odawa,OJ:9,ikoN,ik·oN
Ojibwe_Odawa,OJ:9,ǐm,ǐm
Ojibwe_Odawa,OJ:9,ǐm,ǐm
Ojibwe_Odawa,OJ:9,ǐm‑,ǐm‑
Ojibwe_Odawa,OJ:9,imo,imo
Ojibwe_Odawa,OJ:5,in,in
Ojibwe_Odawa,OJ:9,in,in
Ojibwe_Odawa,OJ:9,in,in
Ojibwe_Odawa,OJ:5,in,in
Ojibwe_Odawa,OJ:5,in,in
Ojibwe_Odawa,OJ:9,in‑,in‑
Ojibwe_Odawa,OJ:9,in‑,in‑
Ojibwe_Odawa,OJ:6,in‑,in‑
Ojibwe_Odawa,OJ:6,in‑,in‑
Ojibwe_Odawa,OJ:9,ina‑,ina‑
Ojibwe_Odawa,OJ:9,inadam,inatam
Ojibwe_Odawa,OJ:9,ināgozi,inākosi
Ojibwe_Odawa,OJ:9,ināgwad,inākwat
Ojibwe_Odawa,OJ:5,inakkotē,inak·otee
Ojibwe_Odawa,OJ:9,inam,inam
Ojibwe_Odawa,OJ:9,inam,inam
Ojibwe_Odawa,OJ:9,inaN,inaN
Ojibwe_Odawa,OJ:9,inaw,inaw
Ojibwe_Odawa,OJ:9,indam,intam
Ojibwe_Odawa,OJ:5,inim,inim
Ojibwe_Odawa,OJ:5,ininc,ininč
Ojibwe_Odawa,OJ:5,īntam,iintam
Ojibwe_Odawa,OJ:5,ip,ip
Ojibwe_Odawa,OJ:5,ipīk,ipiik
Ojibwe_Odawa,OJ:9,ipodam,ip·otam
Ojibwe_Odawa,OJ:9,ipogozi,ip·okosi
Ojibwe_Odawa,OJ:9,ipogwad,ip·okwat
Ojibwe_Odawa,OJ:9,ipw,ip·w
Ojibwe_Odawa,OJ:9,ipw‑,ip·w‑
Ojibwe_Odawa,OJ:5,ipy,ipy
Ojibwe_Odawa,OJ:5,iš,iš
Ojibwe_Odawa,OJ:3,ishp‑,iš·p·‑
Ojibwe_Odawa,OJ:5,iši,iši
Ojibwe_Odawa,OJ:5,išiwēp,išiweep
Ojibwe_Odawa,OJ:9,išk‑,is·̌k·‑
Ojibwe_Odawa,OJ:9,iškā,is·̌k·ā
Ojibwe_Odawa,OJ:9,iškā,is·̌k·ā
Ojibwe_Odawa,OJ:9,iškam,is·̌k·am
Ojibwe_Odawa,OJ:9,iškaw,is·̌k·aw
Ojibwe_Odawa,OJ:5,išp,išp
Ojibwe_Odawa,OJ:5,iss,is·
Ojibwe_Odawa,OJ:5,it,it
Ojibwe_Odawa,OJ:5,it,it
Ojibwe_Odawa,OJ:5,it,it
Ojibwe_Odawa,OJ:5,it,it
Ojibwe_Odawa,OJ:9,it‑,it·‑
Ojibwe_Odawa,OJ:9,itāgozi,it·ākosi
Ojibwe_Odawa,OJ:9,itāgwad,it·ākwat
Ojibwe_Odawa,OJ:9,itam,it·am
Ojibwe_Odawa,OJ:5,ītam,iitam
Ojibwe_Odawa,OJ:9,itaw,it·aw
Ojibwe_Odawa,OJ:9,itō,it·ō
Ojibwe_Odawa,OJ:5,ittikwē,it·ikwee
Ojibwe_Odawa,OJ:6,iye:kw‑,iyeek·w‑
Ojibwe_Odawa,OJ:9,iz‑,is‑
Ojibwe_Odawa,OJ:9,iž‑,iš‑
Ojibwe_Odawa,OJ:9,izam,isam
Ojibwe_Odawa,OJ:9,ižam,išam
Ojibwe_Odawa,OJ:9,izekwe,iseek·wee
Ojibwe_Odawa,OJ:9,izo,iso
Ojibwe_Odawa,OJ:9,izw,isw
Ojibwe_Odawa,OJ:9,ižw,išw
Ojibwe_Odawa,OJ:6,ja:g‑,čaak‑
Ojibwe_Odawa,OJ:6,ji:b‑,čiip‑
Ojibwe_Odawa,OJ:6,ji:g‑,čiik‑
Ojibwe_Odawa,OJ:5,k,k
Ojibwe_Odawa,OJ:5,k,k
Ojibwe_Odawa,OJ:5,k,k
Ojibwe_Odawa,OJ:5,kakānwākko,kakaanwaak·o
Ojibwe_Odawa,OJ:5,kami,kami
Ojibwe_Odawa,OJ:5,kami,kami
Ojibwe_Odawa,OJ:5,kāt,kaat
Ojibwe_Odawa,OJ:5,kāt,kaat
Ojibwe_Odawa,OJ:5,kāt,kaat
Ojibwe_Odawa,OJ:5,kaw,kaw
Ojibwe_Odawa,OJ:5,kaw,kaw
Ojibwe_Odawa,OJ:3,ke‑,k·ee‑
Ojibwe_Odawa,OJ:5,kēsip,kēsip
Ojibwe_Odawa,OJ:5,kīkkāntī,kīk·āntī
Ojibwe_Odawa,OJ:5,kimiwan,kimiwan
Ojibwe_Odawa,OJ:5,kimiwan,kimiwan
Ojibwe_Odawa,OJ:5,kīn,kiin
Ojibwe_Odawa,OJ:5,kinip,kinip
Ojibwe_Odawa,OJ:5,kinip,kinip
Ojibwe_Odawa,OJ:5,kint,kint
Ojibwe_Odawa,OJ:5,kinw,kinw
Ojibwe_Odawa,OJ:5,kinw,kinw
Ojibwe_Odawa,OJ:5,kipōkk,kipook·
Ojibwe_Odawa,OJ:5,kipōkk,kipōk·
Ojibwe_Odawa,OJ:5,kippak,kip·ak
Ojibwe_Odawa,OJ:5,kiš,kiš
Ojibwe_Odawa,OJ:5,kīš,kiiš
Ojibwe_Odawa,OJ:5,kīšik,kiišik
Ojibwe_Odawa,OJ:5,kīšik,kiišik
Ojibwe_Odawa,OJ:5,kīšik,kīšik
Ojibwe_Odawa,OJ:5,kissin,kis·in
Ojibwe_Odawa,OJ:5,kk,k·
Ojibwe_Odawa,OJ:5,kk,k·
Ojibwe_Odawa,OJ:5,kk,k·
Ojibwe_Odawa,OJ:5,kk,k·
Ojibwe_Odawa,OJ:5,kk,k·
Ojibwe_Odawa,OJ:5,kkāt,k·aat
Ojibwe_Odawa,OJ:5,kko,k·o
Ojibwe_Odawa,OJ:5,kkot,k·ot
Ojibwe_Odawa,OJ:5,kkot,k·ot
Ojibwe_Odawa,OJ:5,kkōt,k·oot
Ojibwe_Odawa,OJ:5,konak,konak
Ojibwe_Odawa,OJ:5,konak,konak
Ojibwe_Odawa,OJ:5,kosikw,kosikw
Ojibwe_Odawa,OJ:5,kotako,kotako
Ojibwe_Odawa,OJ:5,kwēkk,kweek·
Ojibwe_Odawa,OJ:5,kwēkk,kweek·
Ojibwe_Odawa,OJ:9,ma‑,ma‑
Ojibwe_Odawa,OJ:6,ma:d‑,maat‑
Ojibwe_Odawa,OJ:6,ma:ja:‑,maačaa‑
Ojibwe_Odawa,OJ:5,mācīw,maačiiw
Ojibwe_Odawa,OJ:9,māgozi,mākosi
Ojibwe_Odawa,OJ:9,māgwad,mākwat
Ojibwe_Odawa,OJ:5,mak,mak
Ojibwe_Odawa,OJ:6,makade:w‑,mak·ateew‑
Ojibwe_Odawa,OJ:5,makkatē,mak·atee
Ojibwe_Odawa,OJ:5,mākw,maakw
Ojibwe_Odawa,OJ:9,mām,mām
Ojibwe_Odawa,OJ:6,mama:d‑,mamaat‑
Ojibwe_Odawa,OJ:3,mamang‑,mamank‑
Ojibwe_Odawa,OJ:5,mamānk,mamānk
Ojibwe_Odawa,OJ:5,mamank‑,mamank‑
Ojibwe_Odawa,OJ:5,mānāt,maanaat
Ojibwe_Odawa,OJ:9,māndam,māntam
Ojibwe_Odawa,OJ:6,mang‑,mank‑
Ojibwe_Odawa,OJ:3,mang‑,mank‑
Ojibwe_Odawa,OJ:5,mank,mank
Ojibwe_Odawa,OJ:5,mank,mank
Ojibwe_Odawa,OJ:5,mank‑,mank‑
Ojibwe_Odawa,OJ:5,mankatē,mankatee
Ojibwe_Odawa,OJ:5,mankitē,mankitee
Ojibwe_Odawa,OJ:3,mashkosiiw,maš·k·os·iiw
Ojibwe_Odawa,OJ:5,maškaw,maškaw
Ojibwe_Odawa,OJ:5,maškikkī,maškik·ii
Ojibwe_Odawa,OJ:5,māt,māt
Ojibwe_Odawa,OJ:5,micc,mič·
Ojibwe_Odawa,OJ:3,miish‑,miiš·‑
Ojibwe_Odawa,OJ:6,minag,minak
Ojibwe_Odawa,OJ:5,minak,minak
Ojibwe_Odawa,OJ:5,minak,minak
Ojibwe_Odawa,OJ:5,minak,minak
Ojibwe_Odawa,OJ:5,minōkkami,minook·ami
Ojibwe_Odawa,OJ:5,minw,minw
Ojibwe_Odawa,OJ:5,minw‑,minw‑
Ojibwe_Odawa,OJ:6,minw‑,minw‑
Ojibwe_Odawa,OJ:6,miškaw‑,mis·̌k·aw‑
Ojibwe_Odawa,OJ:6,miškawad‑,mis·̌k·awat‑
Ojibwe_Odawa,OJ:5,miskopī,miskopī
Ojibwe_Odawa,OJ:5,miskw,miskw
Ojibwe_Odawa,OJ:6,miskw‑,mis·k·w‑
Ojibwe_Odawa,OJ:3,miskw‑,mis·k·w‑
Ojibwe_Odawa,OJ:3,mno‑,mno‑
Ojibwe_Odawa,OJ:6,mo:n‑,moon‑
Ojibwe_Odawa,OJ:6,mo:nah‑,moonah‑
Ojibwe_Odawa,OJ:5,mōkk,mook·
Ojibwe_Odawa,OJ:5,mōškin,mooškin
Ojibwe_Odawa,OJ:5,mōskinē,mooskinee
Ojibwe_Odawa,OJ:3,msko‑,ms·k·o‑
Ojibwe_Odawa,OJ:9,N,N
Ojibwe_Odawa,OJ:6,na:‑,naa‑
Ojibwe_Odawa,OJ:6,na:b‑,naap‑
Ojibwe_Odawa,OJ:6,na:ng‑,naank‑
Ojibwe_Odawa,OJ:6,na:nw‑,naanw‑
Ojibwe_Odawa,OJ:6,na:ž‑,naaš‑
Ojibwe_Odawa,OJ:1,na·m‑,naam‑
Ojibwe_Odawa,OJ:3,naa‑,naa‑
Ojibwe_Odawa,OJ:6,nabag‑,napak‑
Ojibwe_Odawa,OJ:5,nākw,naakw
Ojibwe_Odawa,OJ:5,nākw,nākw
Ojibwe_Odawa,OJ:3,nakwe‑,nak·wee‑
Ojibwe_Odawa,OJ:5,nānīss,nānīs·
Ojibwe_Odawa,OJ:5,nānk,naank
Ojibwe_Odawa,OJ:5,nantakōt,nantakoot
Ojibwe_Odawa,OJ:5,napak,napak
Ojibwe_Odawa,OJ:5,nātah,naatah
Ojibwe_Odawa,OJ:5,nāw,naaw
Ojibwe_Odawa,OJ:6,nawad‑,nawat‑
Ojibwe_Odawa,OJ:5,nāwakkwē,naawak·wee
Ojibwe_Odawa,OJ:3,nbe‑,npee‑
Ojibwe_Odawa,OJ:6,ne:gw‑,neekw‑
Ojibwe_Odawa,OJ:5,nēkaw,nēkaw
Ojibwe_Odawa,OJ:5,nēkaw,neekaw
Ojibwe_Odawa,OJ:5,nēko,neeko
Ojibwe_Odawa,OJ:5,nēkw,neekw
Ojibwe_Odawa,OJ:5,nēkw‑,neekw‑
Ojibwe_Odawa,OJ:6,ni:mi‑,niimi‑
Ojibwe_Odawa,OJ:6,ni:wo‑,niiwo‑
Ojibwe_Odawa,OJ:6,niba:‑,nipaa‑
Ojibwe_Odawa,OJ:3,nibaa‑,nipaa‑
Ojibwe_Odawa,OJ:6,nibi:w‑,nipiiw‑
Ojibwe_Odawa,OJ:5,niccīw,nič·iiw
Ojibwe_Odawa,OJ:9,nigā‑,nikā‑
Ojibwe_Odawa,OJ:9,nigādam,nikātam
Ojibwe_Odawa,OJ:9,nigāN,nikāN
Ojibwe_Odawa,OJ:3,niizhw‑,niišw‑
Ojibwe_Odawa,OJ:5,nikkāt,nik·aat
Ojibwe_Odawa,OJ:5,nīnam,niinam
Ojibwe_Odawa,OJ:5,ninko,ninko
Ojibwe_Odawa,OJ:5,nipī,nipī
Ojibwe_Odawa,OJ:5,nipī,nipii
Ojibwe_Odawa,OJ:5,nipōtēw,nipooteew
Ojibwe_Odawa,OJ:6,nis‑,nis·‑
Ojibwe_Odawa,OJ:5,nīšo,niišo
Ojibwe_Odawa,OJ:5,nīss,niis·
Ojibwe_Odawa,OJ:5,nissākko,nis·aak·o
Ojibwe_Odawa,OJ:5,nissōt,nis·oot
Ojibwe_Odawa,OJ:6,nisw‑,nis·w‑
Ojibwe_Odawa,OJ:5,nittam,nit·am
Ojibwe_Odawa,OJ:6,no:k‑,nook·‑
Ojibwe_Odawa,OJ:5,nōkk,nook·
Ojibwe_Odawa,OJ:5,nōkk,nōk·
Ojibwe_Odawa,OJ:5,nōtin,nootin
Ojibwe_Odawa,OJ:9,o,o
Ojibwe_Odawa,OJ:6,o:nag,oonak
Ojibwe_Odawa,OJ:6,oda:p‑,otaap·‑
Ojibwe_Odawa,OJ:9,odam,otam
Ojibwe_Odawa,OJ:9,ōm,ōm
Ojibwe_Odawa,OJ:9,ōm‑,ōm‑
Ojibwe_Odawa,OJ:3,ombw‑,ompw‑
Ojibwe_Odawa,OJ:5,omōtay,omōtay
Ojibwe_Odawa,OJ:5,omp,omp
Ojibwe_Odawa,OJ:5,onā,onaa
Ojibwe_Odawa,OJ:5,onākošši,onaakoš·i
Ojibwe_Odawa,OJ:5,onc,onč
Ojibwe_Odawa,OJ:5,onc,onč
Ojibwe_Odawa,OJ:9,ōndam,ōntam
Ojibwe_Odawa,OJ:5,onišišš,onišiš·
Ojibwe_Odawa,OJ:5,ont,ont
Ojibwe_Odawa,OJ:5,ont,ont
Ojibwe_Odawa,OJ:5,osāw,osaaw
Ojibwe_Odawa,OJ:5,ošāwaškw,ošaawaškw
Ojibwe_Odawa,OJ:5,ošipīhi,ošipiihi
Ojibwe_Odawa,OJ:5,oškin,oškin
Ojibwe_Odawa,OJ:6,oza:m‑,osaam‑
Ojibwe_Odawa,OJ:3,ozhaawashkw‑,ošaawaš·k·w‑
Ojibwe_Odawa,OJ:5,pak,pak
Ojibwe_Odawa,OJ:5,pāk,paak
Ojibwe_Odawa,OJ:5,pāk,paak
Ojibwe_Odawa,OJ:5,pakam,pakam
Ojibwe_Odawa,OJ:5,pakaškan,pakaškan
Ojibwe_Odawa,OJ:5,pākk,paak·
Ojibwe_Odawa,OJ:5,pākk,paak·
Ojibwe_Odawa,OJ:5,pakko,pak·o
Ojibwe_Odawa,OJ:5,pakkopī,pak·opii
Ojibwe_Odawa,OJ:5,pāko,paako
Ojibwe_Odawa,OJ:5,pakonē,pakonee
Ojibwe_Odawa,OJ:5,pakonē,pakonē
Ojibwe_Odawa,OJ:5,pank,pank
Ojibwe_Odawa,OJ:5,pank,pank
Ojibwe_Odawa,OJ:5,pankan,pankan
Ojibwe_Odawa,OJ:5,papīw,papiiw
Ojibwe_Odawa,OJ:5,papīw,papiiw
Ojibwe_Odawa,OJ:5,pāppīw,paap·iiw
Ojibwe_Odawa,OJ:5,pasakw,pasakw
Ojibwe_Odawa,OJ:5,pasakw,pasakw
Ojibwe_Odawa,OJ:5,pāšk,pāšk
Ojibwe_Odawa,OJ:5,pāšk,paašk
Ojibwe_Odawa,OJ:5,pātt,paat·
Ojibwe_Odawa,OJ:5,pāttīn,paat·iin
Ojibwe_Odawa,OJ:5,pēššow,peeš·ow
Ojibwe_Odawa,OJ:5,pī,pii
Ojibwe_Odawa,OJ:5,pīc,pīč
Ojibwe_Odawa,OJ:5,pīko,pīko
Ojibwe_Odawa,OJ:5,pim,pim
Ojibwe_Odawa,OJ:5,pīmisko,pīmisko
Ojibwe_Odawa,OJ:5,pīmiskošk,piimiskošk
Ojibwe_Odawa,OJ:5,pīn,piin
Ojibwe_Odawa,OJ:5,pīn,pīn
Ojibwe_Odawa,OJ:5,pīnt,piint
Ojibwe_Odawa,OJ:5,pīnt,piint
Ojibwe_Odawa,OJ:5,pipōn,pipoon
Ojibwe_Odawa,OJ:5,pipōnak,pipoonak
Ojibwe_Odawa,OJ:5,pišiššiko,pišiš·iko
Ojibwe_Odawa,OJ:5,pisk,pisk
Ojibwe_Odawa,OJ:5,pisk,pisk
Ojibwe_Odawa,OJ:5,piskan,piskan
Ojibwe_Odawa,OJ:5,piskan,piskan
Ojibwe_Odawa,OJ:5,pīss,piis·
Ojibwe_Odawa,OJ:5,pīss,piis·
Ojibwe_Odawa,OJ:5,pit,pit
Ojibwe_Odawa,OJ:5,pīttō,piit·oo
Ojibwe_Odawa,OJ:5,pīttō,pīt·ō
Ojibwe_Odawa,OJ:5,pōn,poon
Ojibwe_Odawa,OJ:5,ppit,p·it
Ojibwe_Odawa,OJ:5,ppo,p·o
Ojibwe_Odawa,OJ:5,ppokw,p·okw
Ojibwe_Odawa,OJ:5,ppokw,p·okw
Ojibwe_Odawa,OJ:5,py,py
Ojibwe_Odawa,OJ:9,s,s·
Ojibwe_Odawa,OJ:9,s‑,s·‑
Ojibwe_Odawa,OJ:5,sak,sak
Ojibwe_Odawa,OJ:5,sāk,saak
Ojibwe_Odawa,OJ:5,sākit,saakit
Ojibwe_Odawa,OJ:5,sākit,saakit
Ojibwe_Odawa,OJ:5,šakk,šak·
Ojibwe_Odawa,OJ:5,šakk,šak·
Ojibwe_Odawa,OJ:5,sanak,sanak
Ojibwe_Odawa,OJ:5,sanak,sanak
Ojibwe_Odawa,OJ:5,šašš,šaš·
Ojibwe_Odawa,OJ:5,šāšš,šaaš·
Ojibwe_Odawa,OJ:5,sasswē,sas·wē
Ojibwe_Odawa,OJ:9,sidō,s·itō
Ojibwe_Odawa,OJ:5,sīk,siik
Ojibwe_Odawa,OJ:5,sīk,siik
Ojibwe_Odawa,OJ:5,sīk,siik
Ojibwe_Odawa,OJ:9,šim,s·̌im
Ojibwe_Odawa,OJ:9,sin,s·in
Ojibwe_Odawa,OJ:9,šin,s·̌in
Ojibwe_Odawa,OJ:5,šīpā,šīpā
Ojibwe_Odawa,OJ:5,sīttākan,siit·aakan
Ojibwe_Odawa,OJ:5,sīw,siiw
Ojibwe_Odawa,OJ:5,sīw,sīw
Ojibwe_Odawa,OJ:5,šk,šk
Ojibwe_Odawa,OJ:5,šk,šk
Ojibwe_Odawa,OJ:5,šk,šk
Ojibwe_Odawa,OJ:5,škot,škot
Ojibwe_Odawa,OJ:5,sōnk,soonk
Ojibwe_Odawa,OJ:5,šop,šop
Ojibwe_Odawa,OJ:5,šōškw,šooškw
Ojibwe_Odawa,OJ:5,ss,s·
Ojibwe_Odawa,OJ:5,ss,s·
Ojibwe_Odawa,OJ:5,ssak,s·ak
Ojibwe_Odawa,OJ:5,t,t
Ojibwe_Odawa,OJ:5,takk,tak·
Ojibwe_Odawa,OJ:5,takk,tak·
Ojibwe_Odawa,OJ:5,takkē,tak·ee
Ojibwe_Odawa,OJ:5,takkw,tak·w
Ojibwe_Odawa,OJ:5,tako,tako
Ojibwe_Odawa,OJ:5,tako,tako
Ojibwe_Odawa,OJ:5,tako,tako
Ojibwe_Odawa,OJ:5,takoss,takos·
Ojibwe_Odawa,OJ:5,takw,takw
Ojibwe_Odawa,OJ:5,tapp‑,tap·‑
Ojibwe_Odawa,OJ:5,tēttēwākkohi,teet·eewaak·ohi
Ojibwe_Odawa,OJ:5,tipikk,tipik·
Ojibwe_Odawa,OJ:5,tipisko,tipisko
Ojibwe_Odawa,OJ:5,tipiškō,tipiškoo
Ojibwe_Odawa,OJ:5,tittip,tit·ip
Ojibwe_Odawa,OJ:5,w,w
Ojibwe_Odawa,OJ:6,wa:b(isk)‑,waap(is·k·)‑
Ojibwe_Odawa,OJ:6,wa:bi,waapi
Ojibwe_Odawa,OJ:6,wa:nin‑,waanin‑
Ojibwe_Odawa,OJ:3,waab‑,waap‑
Ojibwe_Odawa,OJ:3,waag‑,waak‑
Ojibwe_Odawa,OJ:6,wābi‑,wāpi‑
Ojibwe_Odawa,OJ:5,wāk,waak
Ojibwe_Odawa,OJ:5,wān,waan
Ojibwe_Odawa,OJ:5,wāp,waap
Ojibwe_Odawa,OJ:5,wāp‑,wāp‑
Ojibwe_Odawa,OJ:5,wāpan,waapan
Ojibwe_Odawa,OJ:5,wāpišk,waapišk
Ojibwe_Odawa,OJ:5,wāss,waas·
Ojibwe_Odawa,OJ:5,wāss‑,waas·‑
Ojibwe_Odawa,OJ:5,wāssaw,waas·aw
Ojibwe_Odawa,OJ:5,wāssē,waas·ee
Ojibwe_Odawa,OJ:5,wāwīyē,waawiiyee
Ojibwe_Odawa,OJ:6,we:b‑,weep‑
Ojibwe_Odawa,OJ:5,wēnippan,weenip·an
Ojibwe_Odawa,OJ:5,wēw,weew
Ojibwe_Odawa,OJ:3,weweb‑,weeweep‑
Ojibwe_Odawa,OJ:9,wi‑,wi‑
Ojibwe_Odawa,OJ:6,wi:d‑,wiit‑
Ojibwe_Odawa,OJ:6,wi:kw‑,wiik·w‑
Ojibwe_Odawa,OJ:6,wi:n‑,wiin‑
Ojibwe_Odawa,OJ:9,widō,witō
Ojibwe_Odawa,OJ:9,wiN,wiN
Ojibwe_Odawa,OJ:5,wīn,wiin
Ojibwe_Odawa,OJ:5,wīni,wīni
Ojibwe_Odawa,OJ:5,wīškop,wiiškop
Ojibwe_Odawa,OJ:5,wīssak,wiis·ak
Ojibwe_Odawa,OJ:5,wīssak,wīs·ak
Ojibwe_Odawa,OJ:5,yā,yaa
Ojibwe_Odawa,OJ:5,yāpī,yaapii
Ojibwe_Odawa,OJ:6,za:bw‑,saapw‑
Ojibwe_Odawa,OJ:6,ža:gana:ši‑,šaakanaas·̌i‑
Ojibwe_Odawa,OJ:6,ža:š‑,šaas·̌‑
Ojibwe_Odawa,OJ:6,zag‑,sak‑
Ojibwe_Odawa,OJ:6,zanigw‑,sanikw‑
Ojibwe_Odawa,OJ:6,zaswe:‑,sas·wee‑
Ojibwe_Odawa,OJ:6,zazo:‑,sasoo‑
Ojibwe_Odawa,OJ:6,ze:g‑,seek‑
Ojibwe_Odawa,OJ:5,zero,zero
Ojibwe_Odawa,OJ:3,zhoom‑,šoom‑
Ojibwe_Odawa,OJ:6,zi:‑,sii‑
Ojibwe_Odawa,OJ:6,ži:b‑,šiip‑
Ojibwe_Odawa,OJ:6,zi:g‑,siik‑
Ojibwe_Odawa,OJ:6,zi:n‑,siin‑
Ojibwe_Odawa,OJ:6,zi:siba:kwadw‑,siis·ipaak·watw‑
Ojibwe_Odawa,OJ:9,zo,so
Ojibwe_Odawa,OJ:6,,
